# Grain Tolerance Angle: 5.00
# Column 1-3: Average orientation (phi1, PHI, phi2) in degrees
# Column 4-6: Average orientation (phi1, PHI, phi2) in radians
# Column 7-8: Average Position (x, y) in microns
# Column 9: Area of grain in square microns
# Column 10: Diameter of grain in microns
# Line N: For each line of data, there are all informations about a grain.

163.6330,14.3170,185.9600,2.8559,0.2499,3.2455,4.0900,2.7270,99.0000,11.2300
327.1980,50.4060,44.4200,5.7107,0.8798,0.7753,28.0400,6.5830,648.0000,28.7200
204.8910,50.4200,126.8800,3.5760,0.8800,2.2145,74.1000,2.2000,270.0000,18.5400
52.3160,35.5780,278.1300,0.9131,0.6210,4.8543,94.5000,0.0000,18.0000,4.7900
344.3950,22.6650,31.3300,6.0108,0.3956,0.5469,102.0000,1.5000,54.0000,8.2900
5.5820,34.5210,15.6400,0.0974,0.6025,0.2729,128.9200,15.5650,1386.0000,42.0100
16.2210,23.7020,354.5100,0.2831,0.4137,6.1873,193.1000,40.0470,7659.0000,98.7500
129.5170,41.8090,224.3900,2.2605,0.7297,3.9164,249.0000,4.0000,297.0000,19.4500
303.1080,48.1370,60.5100,5.2902,0.8402,1.0560,273.1600,35.9870,4239.0000,73.4700
354.3640,15.8740,22.7400,6.1848,0.2771,0.3970,312.6300,8.7040,639.0000,28.5200
2.1260,23.0700,12.0500,0.0371,0.4027,0.2103,417.3600,38.5440,14980.0000,138.0900
10.4140,43.4690,308.0800,0.1818,0.7587,5.3771,366.4900,6.0700,387.0000,22.2000
10.7810,35.4490,310.4900,0.1882,0.6187,5.4191,535.0700,10.5540,504.0000,25.3300
306.4640,49.6330,48.1400,5.3488,0.8663,0.8402,600.8400,32.7010,6588.0000,91.5900
336.7870,33.3240,2.5400,5.8781,0.5816,0.0443,649.7400,8.1630,387.0000,22.2000
159.0230,32.6830,189.0000,2.7755,0.5704,3.2986,676.9100,13.8600,1089.0000,37.2400
159.6820,45.1180,188.8100,2.7870,0.7875,3.2954,729.7100,18.7990,3042.0000,62.2300
212.0100,52.3290,146.6500,3.7003,0.9133,2.5595,787.5400,9.9430,630.0000,28.3200
350.4430,8.3340,339.4700,6.1164,0.1455,5.9249,805.5000,0.0000,36.0000,6.7700
32.6320,45.2070,323.7500,0.5695,0.7890,5.6506,835.9500,9.9900,900.0000,33.8500
138.8690,39.6020,199.6100,2.4237,0.6912,3.4839,884.0300,10.6240,1197.0000,39.0400
18.0990,9.9270,327.2800,0.3159,0.1733,5.7121,937.9600,20.3760,2466.0000,56.0300
155.3750,37.1460,200.6600,2.7118,0.6483,3.5022,985.0600,10.4370,1071.0000,36.9300
104.6070,21.0910,261.6100,1.8257,0.3681,4.5660,1028.6100,23.7440,2853.0000,60.2700
193.4070,37.8610,144.3400,3.3756,0.6608,2.5192,1081.8100,15.6190,1701.0000,46.5400
161.4040,26.7390,208.7100,2.8170,0.4667,3.6426,1162.5300,14.2600,2115.0000,51.8900
86.0400,3.5870,285.7000,1.5017,0.0626,4.9863,1218.5200,15.2840,1521.0000,44.0100
211.2940,9.0460,162.9200,3.6878,0.1579,2.8436,1270.2900,17.9240,2493.0000,56.3400
119.3080,18.3390,238.9900,2.0823,0.3201,4.1712,1342.5800,17.0280,2529.0000,56.7500
346.6850,2.5200,22.8200,6.0508,0.0440,0.3983,1406.4500,10.4610,1035.0000,36.3000
160.3040,14.2710,216.0400,2.7978,0.2491,3.7707,1457.4100,12.4410,1593.0000,45.0400
173.1010,20.2090,199.6300,3.0212,0.3527,3.4842,1505.6900,9.8090,1035.0000,36.3000
135.1440,20.4580,199.3700,2.3587,0.3571,3.4796,1548.5000,59.9910,8613.0000,104.7200
346.7470,31.9520,39.7500,6.0519,0.5577,0.6937,1574.9000,2.4000,270.0000,18.5400
223.1920,15.2230,105.3400,3.8954,0.2657,1.8385,1634.8300,8.1340,1278.0000,40.3400
65.9570,45.2520,320.6200,1.1512,0.7898,5.5959,1695.6000,38.8760,5877.0000,86.5000
39.5620,11.4160,298.6900,0.6905,0.1993,5.2131,1738.6500,13.7840,999.0000,35.6600
327.7210,47.6330,38.3200,5.7198,0.8314,0.6688,1778.0700,8.5460,1071.0000,36.9300
169.4440,17.1220,209.6800,2.9574,0.2988,3.6597,1833.2000,10.4420,693.0000,29.7000
140.0050,48.7910,219.7600,2.4436,0.8516,3.8356,1860.6300,7.7420,558.0000,26.6500
343.0200,4.4910,351.5300,5.9868,0.0784,6.1354,1892.3100,10.1210,819.0000,32.2900
243.0670,20.2920,96.8100,4.2423,0.3542,1.6896,1930.2000,1.8000,225.0000,16.9300
173.0210,23.0660,202.5000,3.0198,0.4026,3.5343,1954.4100,20.5100,2313.0000,54.2700
171.0070,25.3300,191.0800,2.9846,0.4421,3.3350,2011.8400,17.3870,2115.0000,51.8900
319.5470,52.1060,41.0300,5.5772,0.9094,0.7161,2062.3000,19.2060,1836.0000,48.3500
28.8050,53.0450,313.6900,0.5027,0.9258,5.4749,2121.9600,24.2340,3582.0000,67.5300
263.0940,33.0450,75.2200,4.5919,0.5767,1.3128,2121.0000,0.0000,45.0000,7.5700
190.6240,22.2780,150.6800,3.3270,0.3888,2.6298,2153.4000,0.6000,45.0000,7.5700
195.5280,25.4900,138.1700,3.4126,0.4449,2.4116,2180.6400,7.5980,828.0000,32.4700
155.1950,33.1500,180.8300,2.7087,0.5786,3.1561,2301.3100,25.8330,6363.0000,90.0100
178.7680,30.6730,162.4300,3.1201,0.5353,2.8350,2362.7300,5.5500,360.0000,21.4100
331.0940,10.3530,50.1400,5.7787,0.1807,0.8751,2391.3100,38.8400,5400.0000,82.9200
315.8610,31.1000,56.8700,5.5128,0.5428,0.9926,2433.0000,6.7690,351.0000,21.1400
318.6070,57.0960,44.0300,5.5608,0.9965,0.7685,2459.4900,22.7180,2169.0000,52.5500
191.3110,45.5480,138.1200,3.3390,0.7950,2.4107,2521.8500,21.8180,3267.0000,64.5000
154.4430,50.3600,220.4200,2.6955,0.8790,3.8471,2559.0000,0.0000,27.0000,5.8600
311.8810,53.4170,39.7300,5.4433,0.9323,0.6935,2585.4300,42.1370,4329.0000,74.2400
169.5720,28.3430,174.0900,2.9596,0.4947,3.0384,2612.6600,8.6140,1188.0000,38.8900
183.1410,34.8770,153.5400,3.1964,0.6087,2.6798,2655.0000,1.5000,72.0000,9.5700
174.7750,29.7820,159.0700,3.0504,0.5198,2.7763,2669.1800,1.3640,99.0000,11.2300
197.9970,14.4280,130.7900,3.4557,0.2518,2.2828,2727.2200,24.4140,3519.0000,66.9400
147.4580,39.2270,241.4200,2.5736,0.6846,4.2136,2777.6200,15.9940,1575.0000,44.7800
217.7140,24.2430,123.8800,3.7998,0.4231,2.1621,2805.3300,2.3330,81.0000,10.1600
239.5560,8.7140,104.2400,4.1810,0.1521,1.8193,2817.8100,22.3090,1341.0000,41.3200
78.2040,8.4190,285.4000,1.3649,0.1469,4.9812,2841.4000,7.8000,405.0000,22.7100
95.4900,17.8980,263.7300,1.6666,0.3124,4.6030,2868.3400,5.3210,477.0000,24.6400
230.5830,18.9780,110.5300,4.0244,0.3312,1.9291,2898.2700,3.0000,198.0000,15.8800
241.0980,8.6380,95.0400,4.2080,0.1508,1.6587,2913.0000,6.6920,117.0000,12.2100
237.9270,16.6160,99.1800,4.1526,0.2900,1.7311,2945.4000,20.5200,2871.0000,60.4600
197.4090,14.8390,143.1400,3.4454,0.2590,2.4982,2996.3800,5.4910,477.0000,24.6400
346.2560,8.2430,356.9400,6.0433,0.1439,6.2298,3028.7500,25.4800,4122.0000,72.4500
311.4760,18.1080,62.2800,5.4363,0.3160,1.0870,3087.3000,3.6000,90.0000,10.7000
211.5290,4.0960,135.6600,3.6919,0.0715,2.3677,3100.8200,24.1390,2520.0000,56.6400
114.8570,4.3370,230.7400,2.0046,0.0757,4.0272,3162.1300,5.1250,648.0000,28.7200
6.6730,39.0220,4.9500,0.1165,0.6811,0.0863,3213.2300,9.0000,1062.0000,36.7700
40.2560,49.8120,313.3200,0.7026,0.8694,5.4684,3253.7700,5.3530,459.0000,24.1700
232.9990,46.7040,117.1300,4.0666,0.8151,2.0444,3308.5000,31.1960,3996.0000,71.3300
352.6240,30.7980,4.6100,6.1545,0.5375,0.0805,3382.4100,14.4750,2367.0000,54.9000
192.7540,10.0360,167.7700,3.3642,0.1752,2.9281,3435.7900,23.1910,1836.0000,48.3500
129.7760,16.4490,249.3600,2.2650,0.2871,4.3521,3453.4300,0.8570,63.0000,8.9600
206.4690,8.4820,141.0600,3.6036,0.1481,2.4619,3479.1200,33.4400,2331.0000,54.4800
188.7930,10.8200,147.3100,3.2951,0.1889,2.5711,3510.2000,31.8050,2349.0000,54.6900
307.4280,38.0330,39.5200,5.3656,0.6638,0.6897,3558.7300,24.5530,3420.0000,65.9900
159.7450,23.0940,223.6800,2.7881,0.4031,3.9039,3617.7800,34.4660,2358.0000,54.7900
132.9370,21.1930,253.9900,2.3202,0.3699,4.4330,3648.2700,12.0700,1917.0000,49.4000
196.8700,17.7550,161.0200,3.4360,0.3099,2.8103,3742.8100,26.8460,7533.0000,97.9400
144.0070,53.6350,216.7300,2.5134,0.9361,3.7826,3838.1300,10.8490,1314.0000,40.9000
168.2280,36.6600,221.4100,2.9361,0.6398,3.8643,3879.5100,17.1710,1107.0000,37.5400
18.6890,36.5650,318.3500,0.3262,0.6382,5.5562,3913.5000,0.0000,126.0000,12.6700
187.9560,30.8620,187.4100,3.2804,0.5387,3.2710,3974.9900,12.9490,2133.0000,52.1100
7.9430,43.7850,316.4400,0.1386,0.7642,5.5230,4022.1400,33.7440,2286.0000,53.9500
321.8410,52.0090,46.8100,5.6172,0.9077,0.8169,4058.7800,19.2520,1854.0000,48.5900
146.3860,53.1240,219.8400,2.5549,0.9272,3.8369,4096.1300,23.1400,1224.0000,39.4800
189.0820,40.1050,136.5700,3.3001,0.7000,2.3836,4107.7500,4.7050,396.0000,22.4500
187.4810,46.9340,136.9200,3.2722,0.8192,2.3897,4156.5100,25.8650,3591.0000,67.6200
328.1920,13.5870,56.5900,5.7280,0.2371,0.9877,4197.4500,9.2780,486.0000,24.8800
329.1090,52.6050,40.9400,5.7440,0.9181,0.7145,4207.0700,2.5710,126.0000,12.6700
136.1800,55.4470,227.2200,2.3768,0.9677,3.9658,4225.8300,1.6670,162.0000,14.3600
206.7520,40.2070,166.9500,3.6085,0.7017,2.9138,4273.9300,25.3920,3123.0000,63.0600
117.1380,4.7730,258.8200,2.0444,0.0833,4.5173,4295.5700,2.9290,378.0000,21.9400
322.8660,42.1130,44.0000,5.6351,0.7350,0.7680,4323.6600,6.4690,288.0000,19.1500
211.0970,17.0340,165.5600,3.6843,0.2973,2.8895,4347.7500,0.3750,72.0000,9.5700
217.9570,33.8400,117.7300,3.8041,0.5906,2.0549,4383.5700,9.3890,1179.0000,38.7400
68.8820,48.7330,308.1100,1.2022,0.8506,5.3776,4426.4000,31.3450,3213.0000,63.9600
54.6540,58.3690,322.7400,0.9539,1.0187,5.6328,4468.9000,9.0770,1053.0000,36.6200
325.5620,25.2490,25.3900,5.6821,0.4407,0.4431,4505.1000,2.4000,90.0000,10.7000
118.9920,44.4260,223.9800,2.0768,0.7754,3.9093,4540.6300,18.9220,1845.0000,48.4700
53.1770,52.2660,316.3400,0.9281,0.9122,5.5212,4613.9700,17.6270,3618.0000,67.8700
153.0150,37.6990,231.3300,2.6706,0.6580,4.0374,4664.2500,1.8750,72.0000,9.5700
147.9550,48.5100,224.7500,2.5823,0.8467,3.9226,4679.3500,5.2700,333.0000,20.5900
155.4700,50.0040,216.3400,2.7135,0.8727,3.7758,4730.7400,42.4890,8001.0000,100.9300
200.7360,34.3550,133.7900,3.5035,0.5996,2.3351,4781.0500,12.6830,1701.0000,46.5400
165.2010,43.6870,223.7200,2.8833,0.7625,3.9047,4888.8900,60.1020,17770.0000,150.4000
157.5690,21.9930,222.2500,2.7501,0.3839,3.8790,4979.7500,22.8460,3042.0000,62.2300
195.4690,5.8540,179.3300,3.4116,0.1022,3.1299,5055.5900,26.6140,5247.0000,81.7400
345.1580,44.7610,42.3600,6.0242,0.7812,0.7392,5151.8200,42.8110,7290.0000,96.3400
3.6850,32.8620,326.0600,0.0643,0.5736,5.6909,5155.0000,4.3000,270.0000,18.5400
123.8560,43.8340,243.7200,2.1617,0.7650,4.2537,5197.6600,11.8210,1512.0000,43.8800
194.3530,25.2140,128.7600,3.3921,0.4401,2.2473,5236.2700,10.8180,594.0000,27.5000
196.2310,30.4970,133.9300,3.4249,0.5323,2.3376,5264.3400,13.6490,1179.0000,38.7400
216.0900,45.2690,135.4100,3.7715,0.7901,2.3634,5341.7700,52.0120,14010.0000,133.5700
152.5410,48.9410,217.8900,2.6623,0.8542,3.8029,5334.0000,0.0000,45.0000,7.5700
219.7560,48.3250,126.0200,3.8355,0.8434,2.1994,5346.0000,0.0000,27.0000,5.8600
220.0470,54.5330,124.6400,3.8405,0.9518,2.1754,5404.4100,14.3380,1305.0000,40.7600
27.4320,52.8120,315.0300,0.4788,0.9217,5.4983,5445.6200,12.2650,1224.0000,39.4800
32.4350,25.4220,306.6800,0.5661,0.4437,5.3526,5493.8500,8.9770,1152.0000,38.3000
222.5810,47.1340,134.0300,3.8848,0.8227,2.3392,5540.8000,25.4310,2736.0000,59.0200
145.3040,36.6860,217.0800,2.5360,0.6403,3.7887,5586.3300,30.7720,2169.0000,52.5500
313.9340,55.3940,42.3700,5.4792,0.9668,0.7395,5606.6300,2.6250,72.0000,9.5700
312.7500,22.6700,75.9300,5.4585,0.3957,1.3252,5640.7100,14.9260,1818.0000,48.1100
351.3490,22.3490,47.8100,6.1322,0.3901,0.8345,5688.0200,22.5520,1809.0000,47.9900
336.6990,24.8940,58.3900,5.8765,0.4345,1.0192,5744.2900,31.6550,3915.0000,70.6000
157.6480,36.9700,227.2600,2.7515,0.6453,3.9664,5746.2500,1.2500,108.0000,11.7300
198.2920,35.1060,134.6700,3.4609,0.6127,2.3504,5757.5000,5.0000,54.0000,8.2900
204.9810,48.1350,138.9600,3.5776,0.8401,2.4254,5771.7000,3.6000,270.0000,18.5400
47.1540,50.5470,313.3000,0.8230,0.8822,5.4682,5800.2500,3.5000,216.0000,16.5800
35.3080,46.8340,320.7100,0.6162,0.8174,5.5975,5824.3500,9.0430,621.0000,28.1200
174.6040,45.2940,213.9700,3.0474,0.7905,3.7345,5866.3800,5.6760,333.0000,20.5900
35.4340,50.4840,315.6700,0.6184,0.8811,5.5095,5886.9700,6.0880,306.0000,19.7400
319.5780,50.1560,36.4700,5.5777,0.8754,0.6366,5912.7600,11.7900,900.0000,33.8500
165.1130,44.2950,220.4100,2.8818,0.7731,3.8469,5971.1800,14.1310,2673.0000,58.3400
28.0850,50.4730,323.0300,0.4902,0.8809,5.6380,6026.6300,2.6250,72.0000,9.5700
331.2860,45.0490,47.5900,5.7820,0.7863,0.8305,6049.4100,2.7190,288.0000,19.1500
220.9390,54.9120,131.5400,3.8561,0.9584,2.2958,6082.7300,15.4550,1188.0000,38.8900
219.9270,54.8720,124.9100,3.8385,0.9577,2.1800,6119.6500,14.4900,1377.0000,41.8700
43.9700,52.3410,312.9500,0.7674,0.9135,5.4621,6147.0000,0.0000,27.0000,5.8600
322.9070,35.9430,46.8700,5.6358,0.6273,0.8181,6212.9500,40.8570,13180.0000,129.5200
166.8580,41.6990,221.3200,2.9122,0.7278,3.8627,6330.6200,11.5470,2025.0000,50.7800
319.5600,32.4970,62.9900,5.5774,0.5672,1.0993,6395.6500,24.5300,1629.0000,45.5400
191.5140,28.1220,141.9700,3.3426,0.4908,2.4779,6404.2100,3.1580,171.0000,14.7600
176.1460,43.2010,215.1400,3.0743,0.7540,3.7550,6417.8600,4.0710,126.0000,12.6700
168.4700,46.3870,220.6300,2.9404,0.8096,3.8506,6429.0000,0.0000,27.0000,5.8600
342.1590,21.5400,49.4700,5.9718,0.3760,0.8634,6441.4400,16.4520,1395.0000,42.1400
46.1710,50.7860,318.5400,0.8058,0.8864,5.5596,6457.5000,0.0000,18.0000,4.7900
154.0290,31.1060,223.7200,2.6883,0.5429,3.9046,6486.0000,7.5000,846.0000,32.8200
33.1590,53.2070,318.3800,0.5787,0.9286,5.5567,6518.5700,4.2860,189.0000,15.5100
143.9870,48.4480,225.8600,2.5131,0.8456,3.9420,6534.5000,1.0000,54.0000,8.2900
350.0420,7.4940,42.7700,6.1094,0.1308,0.7464,6572.0200,31.9180,4968.0000,79.5300
308.5750,22.4000,75.8900,5.3856,0.3910,1.3245,6629.6400,42.0130,4221.0000,73.3100
149.5760,46.2280,225.7900,2.6106,0.8068,3.9408,6683.0600,6.7980,1116.0000,37.7000
350.6340,41.0930,39.2600,6.1197,0.7172,0.6852,6759.4500,7.7730,1386.0000,42.0100
195.0660,31.7920,146.0300,3.4046,0.5549,2.5487,6809.0900,9.3050,531.0000,26.0000
30.7750,32.1250,311.9500,0.5371,0.5607,5.4446,6833.8300,5.2290,315.0000,20.0300
348.1770,35.0210,41.6400,6.0768,0.6112,0.7267,6857.9200,10.8240,666.0000,29.1200
351.5880,40.1350,40.4500,6.1364,0.7005,0.7060,6885.4900,4.1610,279.0000,18.8500
312.7480,26.2570,68.5400,5.4585,0.4583,1.1963,6944.4800,37.3410,5760.0000,85.6400
306.9630,20.4730,76.9600,5.3575,0.3573,1.3433,6977.4900,9.3290,738.0000,30.6500
315.4580,21.2910,60.1000,5.5058,0.3716,1.0489,7033.0500,41.5300,7416.0000,97.1700
198.0840,10.8660,185.1400,3.4572,0.1896,3.2314,7095.3000,25.9340,2052.0000,51.1100
334.8270,33.6610,54.0100,5.8438,0.5875,0.9426,7119.1900,13.4380,432.0000,23.4500
312.6410,25.5990,62.2200,5.4566,0.4468,1.0859,7138.6200,17.2640,954.0000,34.8500
22.3110,35.4280,307.3500,0.3894,0.6183,5.3643,7210.4100,30.1960,7164.0000,95.5100
60.5230,36.7650,314.6600,1.0563,0.6417,5.4919,7309.2600,31.7420,4401.0000,74.8600
128.7780,47.6930,216.0800,2.2476,0.8324,3.7712,7333.5700,3.5710,189.0000,15.5100
127.6800,37.9830,221.7700,2.2284,0.6629,3.8706,7368.7200,26.4720,2763.0000,59.3100
13.4690,35.0730,312.9900,0.2351,0.6121,5.4626,7434.7200,18.5210,3267.0000,64.5000
65.1720,49.4210,304.0400,1.1375,0.8626,5.3065,7490.8900,3.6920,234.0000,17.2600
129.8200,45.7710,214.9100,2.2658,0.7989,3.7509,7542.6400,16.5910,2070.0000,51.3400
331.4690,30.4670,45.7100,5.7852,0.5317,0.7979,7596.1200,20.5950,2331.0000,54.4800
201.6550,24.0090,128.6700,3.5196,0.4190,2.2456,7621.7500,2.7500,108.0000,11.7300
11.6190,23.1970,318.9800,0.2028,0.4049,5.5673,7675.2300,22.1100,3915.0000,70.6000
202.7790,33.7190,134.3900,3.5392,0.5885,2.3456,7719.6200,7.6760,306.0000,19.7400
312.3780,46.0420,43.9800,5.4520,0.8036,0.7677,7737.0800,6.1670,324.0000,20.3100
317.8830,52.0030,37.7200,5.5481,0.9076,0.6583,7762.2200,9.3210,756.0000,31.0300
187.3010,32.8880,136.9200,3.2690,0.5740,2.3897,7802.6400,19.6740,1710.0000,46.6600
32.9730,25.2980,317.5800,0.5755,0.4415,5.5429,7825.5000,1.0000,54.0000,8.2900
197.9390,26.7290,120.0900,3.4547,0.4665,2.0959,7839.3600,20.2920,1449.0000,42.9500
154.4300,25.1540,221.7000,2.6953,0.4390,3.8693,7880.0500,10.1840,1026.0000,36.1400
29.4340,36.8220,314.8100,0.5137,0.6427,5.4944,7905.0000,0.7500,36.0000,6.7700
151.2430,43.7380,222.3900,2.6397,0.7634,3.8814,7938.4100,20.1920,2574.0000,57.2500
175.3000,40.3170,216.5200,3.0596,0.7037,3.7790,7966.5000,3.0000,54.0000,8.2900
246.8290,51.0360,130.5600,4.3080,0.8908,2.2787,7979.1900,4.3850,234.0000,17.2600
219.3400,31.9830,127.6300,3.8282,0.5582,2.2275,8059.3500,29.2580,8811.0000,105.9200
126.6140,36.9090,261.1000,2.2098,0.6442,4.5570,8147.0200,10.3030,684.0000,29.5100
46.6840,55.0120,323.1400,0.8148,0.9602,5.6399,8217.2900,26.5320,5886.0000,86.5700
165.6450,24.0670,222.5400,2.8911,0.4201,3.8841,8300.2400,43.0490,6075.0000,87.9500
344.6610,34.1870,38.7900,6.0155,0.5967,0.6771,8346.5800,8.5790,513.0000,25.5600
344.6610,26.7160,27.5700,6.0155,0.4663,0.4812,8371.9900,46.8270,5364.0000,82.6400
202.3210,30.3840,150.4100,3.5312,0.5303,2.6251,8405.7900,5.5710,126.0000,12.6700
195.4250,24.3510,144.6400,3.4108,0.4250,2.5245,8417.3500,34.0450,1809.0000,47.9900
187.0370,26.0450,169.2100,3.2644,0.4546,2.9532,8416.5000,0.0000,18.0000,4.7900
333.0550,10.4710,32.1700,5.8129,0.1828,0.5614,8443.2000,10.4460,747.0000,30.8400
172.3440,44.9950,222.1600,3.0080,0.7853,3.8774,8467.5600,3.8400,225.0000,16.9300
207.5350,21.7140,134.3200,3.6222,0.3790,2.3442,8485.1200,22.5290,2349.0000,54.6900
154.3880,43.5060,218.1000,2.6946,0.7593,3.8065,8533.2000,29.9910,3105.0000,62.8800
48.7140,18.5890,308.2900,0.8502,0.3244,5.3806,8585.1300,16.8510,1575.0000,44.7800
17.2830,24.0160,338.4400,0.3016,0.4192,5.9069,8615.4000,8.4000,450.0000,23.9400
47.6620,23.9620,303.7400,0.8319,0.4182,5.3012,8649.7600,13.0000,1512.0000,43.8800
191.2920,45.5820,149.6400,3.3387,0.7956,2.6117,8691.0000,0.0000,27.0000,5.8600
79.0940,32.4200,302.3800,1.3804,0.5658,5.2775,8746.1500,24.1950,4302.0000,74.0100
203.9130,29.2560,136.6000,3.5590,0.5106,2.3841,8818.5100,25.3020,3006.0000,61.8700
214.3470,22.8100,126.7500,3.7411,0.3981,2.2123,8887.8600,28.4390,5274.0000,81.9500
27.1880,34.1600,322.5200,0.4745,0.5962,5.6291,8970.1100,39.9330,6858.0000,93.4400
150.3120,50.8660,226.9400,2.6234,0.8878,3.9609,9030.6800,9.9610,927.0000,34.3600
237.2870,34.4610,116.5800,4.1414,0.6015,2.0346,9079.4500,20.3110,2196.0000,52.8800
169.6700,33.9520,219.5600,2.9613,0.5926,3.8320,9114.0000,2.6840,171.0000,14.7600
1.4610,20.9050,15.8300,0.0255,0.3649,0.2762,9174.4200,12.0540,1998.0000,50.4400
203.9960,29.2290,145.2100,3.5604,0.5101,2.5344,9234.7500,8.4120,873.0000,33.3400
335.6960,27.5620,55.0200,5.8590,0.4810,0.9603,9265.6900,8.8540,369.0000,21.6800
45.4760,8.7280,299.4900,0.7937,0.1523,5.2271,9295.3400,20.5690,1944.0000,49.7500
18.8240,7.7710,336.2900,0.3285,0.1356,5.8693,9332.3700,17.6690,1062.0000,36.7700
54.4160,52.1400,318.7700,0.9497,0.9100,5.5637,9350.6600,9.0000,234.0000,17.2600
27.7970,52.6430,317.5000,0.4852,0.9188,5.5413,9364.4800,11.2370,531.0000,26.0000
164.5530,30.9770,205.0800,2.8720,0.5407,3.5794,9398.7700,32.1980,3537.0000,67.1100
16.9240,7.4560,338.7600,0.2954,0.1301,5.9124,9449.8700,13.2170,1953.0000,49.8700
45.8190,44.0350,312.5600,0.7997,0.7686,5.4552,9490.2900,2.5710,63.0000,8.9600
32.6760,44.5630,321.8000,0.5703,0.7778,5.6164,9521.8100,34.9770,4275.0000,73.7800
212.1270,33.1650,140.8100,3.7023,0.5788,2.4576,9537.0000,0.7500,36.0000,6.7700
211.0580,20.6950,145.6400,3.6837,0.3612,2.5419,9562.1900,10.8170,981.0000,35.3400
235.6640,14.2380,111.8100,4.1131,0.2485,1.9514,9598.0200,14.6320,954.0000,34.8500
337.8840,25.8070,49.4500,5.8972,0.4504,0.8632,9633.7600,8.5140,999.0000,35.6600
354.7010,44.3730,46.7500,6.1907,0.7745,0.8160,9696.6000,10.2170,954.0000,34.8500
114.9360,46.0900,227.4800,2.0060,0.8044,3.9703,9739.3700,16.5690,1566.0000,44.6500
345.8630,36.4760,52.2400,6.0365,0.6366,0.9118,9775.0600,10.1170,846.0000,32.8200
350.8410,37.0920,356.1200,6.1233,0.6474,6.2155,9806.9400,18.2690,1305.0000,40.7600
351.2860,39.8010,1.8200,6.1311,0.6947,0.0317,9840.2800,10.0690,783.0000,31.5700
211.0580,28.9870,146.2400,3.6837,0.5059,2.5523,9875.0100,24.6840,1224.0000,39.4800
353.2990,37.6880,357.1300,6.1662,0.6578,6.2331,9910.4200,11.0760,1782.0000,47.6300
1.5130,36.4920,346.8500,0.0264,0.6369,6.0536,9957.0000,2.1430,189.0000,15.5100
329.3530,26.1870,61.5000,5.7483,0.4571,1.0733,10013.0600,10.8590,1917.0000,49.4000
101.2680,19.9370,243.4500,1.7675,0.3480,4.2490,10102.6000,20.7890,3717.0000,68.7900
195.9520,24.0140,151.5600,3.4200,0.4191,2.6452,10223.7400,35.7240,12210.0000,124.7000
204.4070,28.8210,135.6900,3.5676,0.5030,2.3682,10318.8800,9.0000,576.0000,27.0800
197.8030,38.0250,135.7200,3.4523,0.6637,2.3688,10346.8800,13.1350,666.0000,29.1200
91.1770,15.0230,254.0600,1.5914,0.2622,4.4342,10372.0100,9.3330,729.0000,30.4700
1.7300,36.5530,345.3300,0.0302,0.6380,6.0271,10399.1400,4.1380,261.0000,18.2300
64.6010,15.2960,273.8400,1.1275,0.2670,4.7793,10426.8000,4.0500,360.0000,21.4100
300.5610,40.0000,64.5600,5.2458,0.6981,1.1268,10546.3400,40.7630,16150.0000,143.3800
212.0920,29.2760,175.7200,3.7017,0.5110,3.0669,10682.4000,23.1390,3825.0000,69.7900
215.2130,13.9360,178.6100,3.7562,0.2432,3.1174,10749.0200,10.6620,1413.0000,42.4200
186.6470,5.1350,160.4900,3.2576,0.0896,2.8010,10813.4000,10.0700,1413.0000,42.4200
10.1720,36.6070,337.5900,0.1775,0.6389,5.8920,10864.6100,6.0900,603.0000,27.7100
254.0490,20.7310,122.6500,4.4340,0.3618,2.1407,10905.7800,5.0910,594.0000,27.5000
203.1090,42.8450,164.1800,3.5449,0.7478,2.8655,10964.7400,7.1760,918.0000,34.1900
56.1210,5.9940,334.5700,0.9795,0.1046,5.8393,11015.9500,4.9660,522.0000,25.7800
33.8880,52.4460,327.3300,0.5915,0.9154,5.7130,11071.1500,15.9920,2340.0000,54.5800
211.9940,41.6040,125.0700,3.7000,0.7261,2.1829,11133.4800,11.1270,1485.0000,43.4800
172.2960,26.5970,222.2300,3.0071,0.4642,3.8787,11194.6000,14.0450,1611.0000,45.2900
236.7730,30.1880,128.4700,4.1325,0.5269,2.2423,11227.8600,4.0000,189.0000,15.5100
235.3980,29.3380,135.5700,4.1085,0.5121,2.3661,11249.9800,15.0590,1377.0000,41.8700
193.8230,42.5620,168.7900,3.3829,0.7428,2.9460,11298.8700,25.2810,3330.0000,65.1100
229.4500,37.1980,118.7600,4.0047,0.6492,2.0727,11363.2900,1.4290,189.0000,15.5100
241.3250,25.1230,125.9200,4.2119,0.4385,2.1978,11388.0000,0.0000,45.0000,7.5700
218.4210,28.5240,128.0400,3.8122,0.4978,2.2347,11397.0000,1.5000,18.0000,4.7900
174.5780,32.8170,170.1000,3.0470,0.5728,2.9688,11416.8200,8.9150,639.0000,28.5200
148.3360,52.0090,220.3800,2.5890,0.9077,3.8464,11441.0300,9.9770,387.0000,22.2000
133.7070,49.5890,217.0600,2.3336,0.8655,3.7884,11455.5000,3.0000,180.0000,15.1400
201.7760,47.0790,135.5500,3.5217,0.8217,2.3658,11484.3200,32.1380,3447.0000,66.2500
138.9840,49.2330,225.7500,2.4257,0.8593,3.9400,11538.3700,23.2850,3096.0000,62.7800
175.9920,31.2150,211.9500,3.0716,0.5448,3.6992,11572.5000,2.2500,72.0000,9.5700
279.8480,47.1910,48.3400,4.8843,0.8236,0.8437,11620.2800,35.0030,5445.0000,83.2600
215.0210,48.8180,137.3100,3.7528,0.8520,2.3965,11661.2400,22.7400,900.0000,33.8500
221.3160,58.6130,131.0000,3.8627,1.0230,2.2863,11671.9400,3.3530,153.0000,13.9600
333.6560,49.7840,48.8800,5.8234,0.8689,0.8531,11703.2200,27.2550,3393.0000,65.7300
43.8980,54.7980,308.6100,0.7662,0.9564,5.3862,11764.3700,27.0280,3807.0000,69.6200
204.7670,48.9410,135.6600,3.5739,0.8542,2.3678,11829.4000,18.1760,1989.0000,50.3200
334.7250,50.3550,35.2300,5.8421,0.8789,0.6149,11861.3700,5.6360,297.0000,19.4500
215.1020,51.3840,139.8400,3.7542,0.8968,2.4406,11904.8300,40.2380,8352.0000,103.1200
31.8650,56.0600,313.5500,0.5561,0.9784,5.4725,11961.6400,9.0000,504.0000,25.3300
140.3710,48.9980,227.7700,2.4499,0.8552,3.9753,11979.1100,10.4480,261.0000,18.2300
211.5280,42.8750,139.2800,3.6919,0.7483,2.4308,11987.1400,1.2860,63.0000,8.9600
339.7780,51.3130,47.8700,5.9303,0.8956,0.8356,11997.0000,0.0000,27.0000,5.8600
324.1180,53.5230,41.6500,5.6569,0.9342,0.7269,12000.5700,18.6000,810.0000,32.1100
323.4980,49.3520,50.7000,5.6461,0.8614,0.8848,12033.6500,20.6910,2097.0000,51.6700
28.4040,49.2940,313.3900,0.4958,0.8604,5.4697,12079.0900,31.6560,1647.0000,45.7900
150.1780,51.0340,224.7700,2.6211,0.8907,3.9230,12090.0000,17.5300,747.0000,30.8400
165.7700,41.7680,216.7500,2.8932,0.7290,3.7830,12117.5500,8.5530,846.0000,32.8200
189.2000,9.3250,149.9200,3.3022,0.1628,2.6165,12155.5100,7.7000,540.0000,26.2200
323.1640,48.8550,47.9000,5.6403,0.8527,0.8360,12177.8200,4.5000,198.0000,15.8800
103.0720,47.6610,225.8100,1.7990,0.8319,3.9412,12190.0000,2.0000,54.0000,8.2900
223.6760,52.1320,127.7400,3.9039,0.9099,2.2295,12200.6500,3.5290,153.0000,13.9600
198.0530,5.7670,150.7800,3.4567,0.1007,2.6316,12221.0000,5.5000,216.0000,16.5800
150.4020,50.2520,225.7400,2.6250,0.8771,3.9398,12248.4700,12.1320,1224.0000,39.4800
215.4570,48.9010,135.0800,3.7604,0.8535,2.3576,12283.1000,8.3860,396.0000,22.4500
149.4840,45.3120,230.6600,2.6090,0.7908,4.0257,12321.5800,20.6450,2358.0000,54.7900
328.2370,45.6590,53.1600,5.7288,0.7969,0.9278,12343.5000,4.5000,90.0000,10.7000
164.8170,30.7560,191.8600,2.8766,0.5368,3.3485,12363.4100,4.7730,396.0000,22.4500
220.5740,47.1290,124.9300,3.8497,0.8226,2.1805,12417.0000,27.9550,4581.0000,76.3700
145.4140,34.8890,229.9700,2.5380,0.6089,4.0137,12469.4300,12.7380,1098.0000,37.3900
7.5730,21.4500,344.7600,0.1322,0.3744,6.0173,12503.5500,11.3800,828.0000,32.4700
35.3900,48.1080,304.9200,0.6177,0.8397,5.3219,12555.7400,28.0210,4338.0000,74.3200
13.1600,39.7620,318.7300,0.2297,0.6940,5.5629,12599.3700,1.8950,171.0000,14.7600
212.7930,36.1430,128.9900,3.7139,0.6308,2.2513,12621.6100,31.9150,3159.0000,63.4200
148.5840,34.9390,231.3800,2.5933,0.6098,4.0384,12642.0000,0.0000,27.0000,5.8600
65.0860,33.6390,304.6500,1.1360,0.5871,5.3172,12701.4400,30.3400,6678.0000,92.2100
192.6890,25.1630,141.9200,3.3631,0.4392,2.4769,12758.1700,10.3280,549.0000,26.4400
149.9110,14.4350,217.6600,2.6164,0.2519,3.7989,12799.9700,15.0720,1872.0000,48.8200
227.8600,40.7090,147.9000,3.9769,0.7105,2.5813,12848.1200,15.8310,1494.0000,43.6100
211.5430,48.9550,132.6400,3.6921,0.8544,2.3150,12880.0800,4.3200,225.0000,16.9300
207.7360,47.8090,145.6000,3.6257,0.8344,2.5412,12901.2400,4.6760,306.0000,19.7400
322.1330,56.1550,48.4200,5.6223,0.9801,0.8451,12930.4300,20.4880,2322.0000,54.3700
137.2430,42.5990,226.6700,2.3953,0.7435,3.9561,12958.5000,1.5000,36.0000,6.7700
134.5580,37.2970,232.6100,2.3485,0.6510,4.0599,13009.3300,22.5160,3402.0000,65.8100
208.5140,39.3620,123.0500,3.6393,0.6870,2.1476,13067.9300,37.7550,3231.0000,64.1400
159.9850,10.2870,234.2300,2.7923,0.1796,4.0880,13104.3100,17.5650,1863.0000,48.7000
170.3580,23.7830,206.5400,2.9733,0.4151,3.6048,13153.8400,15.5500,1818.0000,48.1100
301.2120,46.6040,55.9600,5.2571,0.8134,0.9766,13194.7100,9.3090,612.0000,27.9100
326.2340,8.0850,50.4400,5.6939,0.1411,0.8803,13231.4100,14.9220,1737.0000,47.0300
321.1820,15.7210,59.9200,5.6057,0.2744,1.0457,13307.9400,15.3850,2808.0000,59.7900
136.7600,48.8380,211.7000,2.3869,0.8524,3.6949,13361.2400,7.9050,567.0000,26.8700
148.5090,45.0060,221.0700,2.5920,0.7855,3.8584,13394.8000,11.9240,1071.0000,36.9300
343.4760,25.9920,43.9800,5.9948,0.4536,0.7677,13454.4300,13.4240,2295.0000,54.0600
230.0560,19.1450,114.7900,4.0152,0.3341,2.0035,13498.5000,1.0000,54.0000,8.2900
136.1940,27.9640,246.3100,2.3770,0.4881,4.2989,13505.5800,10.2600,450.0000,23.9400
347.9910,21.3200,26.3900,6.0736,0.3721,0.4605,13533.2700,23.1180,1530.0000,44.1400
197.9990,15.5870,135.3600,3.4557,0.2720,2.3624,13554.9000,3.7500,360.0000,21.4100
344.9550,29.5360,39.3600,6.0206,0.5155,0.6870,13575.0600,32.0030,2655.0000,58.1400
1.7330,16.2350,318.6800,0.0303,0.2834,5.5620,13637.3100,18.2830,3249.0000,64.3200
198.8780,48.6940,137.1600,3.4711,0.8499,2.3938,13743.0300,18.3260,3888.0000,70.3600
222.0560,13.7000,135.8400,3.8756,0.2391,2.3709,13801.5200,13.4000,675.0000,29.3200
69.6800,12.3350,279.0900,1.2161,0.2153,4.8711,13838.4300,16.9780,2034.0000,50.8900
211.5600,51.6720,138.0600,3.6924,0.9019,2.4096,13884.0500,30.9670,2709.0000,58.7300
31.1480,20.5680,314.4400,0.5436,0.3590,5.4880,13921.7900,10.1540,936.0000,34.5200
321.7780,50.6590,36.2600,5.6161,0.8842,0.6329,13970.9000,9.4970,1305.0000,40.7600
24.9680,28.9600,311.4500,0.4358,0.5055,5.4358,14001.0000,0.7500,36.0000,6.7700
171.0450,15.8130,217.4400,2.9853,0.2760,3.7950,14008.3600,4.0910,99.0000,11.2300
21.0840,15.0060,329.5000,0.3680,0.2619,5.7508,14032.6500,3.2250,360.0000,21.4100
299.2370,21.2880,82.9600,5.2227,0.3715,1.4479,14054.3400,10.1710,369.0000,21.6800
210.7010,32.2220,154.2400,3.6774,0.5624,2.6920,14104.2500,46.0490,9090.0000,107.5800
24.0690,35.1500,317.3800,0.4201,0.6135,5.5393,14151.8000,2.2000,135.0000,13.1100
158.8900,17.0370,239.8200,2.7732,0.2974,4.1857,14190.7400,41.5480,6930.0000,93.9300
354.7290,37.3150,22.4600,6.1912,0.6513,0.3919,14242.8000,23.4950,855.0000,32.9900
32.2400,5.8330,332.1800,0.5627,0.1018,5.7976,14272.1600,13.5210,1260.0000,40.0500
200.0730,26.7650,137.4500,3.4919,0.4671,2.3990,14298.0900,5.4710,306.0000,19.7400
343.1620,30.5480,47.7600,5.9893,0.5332,0.8336,14367.6900,35.3210,9108.0000,107.6900
191.2660,17.5920,165.6700,3.3382,0.3070,2.8914,14457.9600,8.5200,1125.0000,37.8500
237.3090,11.5110,109.7400,4.1418,0.2009,1.9154,14489.4900,28.2810,2340.0000,54.5800
152.4210,25.7560,207.2800,2.6603,0.4495,3.6177,14525.3200,3.0000,198.0000,15.8800
233.8390,20.2530,107.1000,4.0813,0.3535,1.8693,14550.0700,5.1630,387.0000,22.2000
2.8330,11.1840,349.9800,0.0494,0.1952,6.1083,14588.7800,37.4660,8235.0000,102.4000
196.6290,34.4510,154.2400,3.4318,0.6013,2.6919,14702.8800,46.7480,9054.0000,107.3700
245.4910,4.7690,90.1800,4.2846,0.0832,1.5740,14770.8100,27.1640,3285.0000,64.6700
199.9360,43.3330,143.4300,3.4896,0.7563,2.5033,14841.6100,56.6980,9639.0000,110.7800
160.7700,20.7320,232.2300,2.8060,0.3618,4.0531,14889.7600,15.0660,2034.0000,50.8900
357.3100,42.8670,320.0500,6.2362,0.7482,5.5860,14970.7500,24.6130,6075.0000,87.9500
144.8610,15.7150,194.8300,2.5283,0.2743,3.4004,15072.5400,31.3660,5022.0000,79.9600
148.5950,11.5590,200.4200,2.5935,0.2017,3.4980,15152.8200,36.0360,6849.0000,93.3800
305.4210,28.5970,81.1000,5.3306,0.4991,1.4155,15228.7200,14.8160,1611.0000,45.2900
322.7820,20.2610,59.7500,5.6336,0.3536,1.0428,15288.4700,42.0460,5319.0000,82.2900
184.8980,21.4770,193.8500,3.2271,0.3748,3.3833,15312.7500,3.1070,252.0000,17.9100
171.1180,17.6360,209.8800,2.9866,0.3078,3.6632,15329.1300,14.7980,801.0000,31.9400
10.0570,41.5510,318.0400,0.1755,0.7252,5.5509,15372.8000,16.7950,2106.0000,51.7800
333.5340,26.7200,47.8500,5.8213,0.4664,0.8351,15420.9900,31.4450,2709.0000,58.7300
174.9490,14.2710,213.1400,3.0534,0.2491,3.7199,15453.0000,13.8820,990.0000,35.5000
191.3470,11.5720,185.9500,3.3396,0.2020,3.2454,15484.1400,12.1390,972.0000,35.1800
305.9260,48.0350,54.3800,5.3394,0.8384,0.9491,15532.6700,22.8890,3087.0000,62.6900
349.1250,25.8000,43.3300,6.0934,0.4503,0.7562,15592.5000,41.3300,5724.0000,85.3700
320.8400,20.6620,62.3400,5.5997,0.3606,1.0880,15647.4000,8.5260,1368.0000,41.7300
190.3790,8.5820,153.4300,3.3228,0.1498,2.6779,15733.9900,28.5950,6228.0000,89.0500
350.4050,33.0250,39.7500,6.1157,0.5764,0.6938,15831.3300,33.7700,5121.0000,80.7500
185.9890,15.3250,191.5200,3.2461,0.2675,3.3426,15881.0100,20.4410,1062.0000,36.7700
246.5920,4.0670,129.8200,4.3038,0.0710,2.2659,15885.9000,1.8000,90.0000,10.7000
31.0310,21.9460,304.9600,0.5416,0.3830,5.3225,15910.6200,10.0200,900.0000,33.8500
26.2690,37.4210,315.6100,0.4585,0.6531,5.5084,15954.4400,6.9880,738.0000,30.6500
10.1370,3.4070,14.2600,0.1769,0.0595,0.2489,16020.1400,27.6110,5256.0000,81.8100
22.6550,31.0980,315.3100,0.3954,0.5428,5.5033,16074.5100,8.6670,486.0000,24.8800
160.1910,10.0070,227.1200,2.7959,0.1747,3.9639,16115.1100,15.3330,2430.0000,55.6200
140.6220,16.4520,229.6800,2.4543,0.2871,4.0087,16176.0000,1.6360,99.0000,11.2300
166.1740,19.4920,206.1300,2.9003,0.3402,3.5976,16190.7900,2.1430,126.0000,12.6700
75.1780,5.0320,303.8000,1.3121,0.0878,5.3023,16203.4200,11.3940,846.0000,32.8200
165.3390,46.1220,205.1600,2.8857,0.8050,3.5806,16219.5000,0.0000,36.0000,6.7700
322.1170,6.4580,54.9900,5.6220,0.1127,0.9598,16255.4000,12.5030,1503.0000,43.7500
335.0700,8.8850,49.3900,5.8481,0.1551,0.8620,16288.0000,1.0000,27.0000,5.8600
331.7820,15.9380,51.0800,5.7907,0.2782,0.8915,16305.6000,46.7910,8685.0000,105.1600
161.3420,47.2570,217.0800,2.8160,0.8248,3.7887,16379.7200,6.7760,765.0000,31.2100
329.8190,4.0530,49.5900,5.7564,0.0707,0.8656,16428.9600,13.2280,1539.0000,44.2700
137.5080,22.9440,237.6800,2.4000,0.4005,4.1483,16466.1200,7.1760,459.0000,24.1700
127.8270,26.8400,264.1400,2.2310,0.4684,4.6102,16504.2700,4.2630,513.0000,25.5600
34.8070,51.8470,328.3500,0.6075,0.9049,5.7308,16556.3700,8.0670,810.0000,32.1100
157.6160,41.8980,225.5700,2.7509,0.7313,3.9369,16591.7100,3.7860,378.0000,21.9400
2.7170,15.0150,20.9100,0.0474,0.2621,0.3649,16613.0000,2.0000,27.0000,5.8600
52.9790,13.0650,331.0500,0.9247,0.2280,5.7779,16630.8700,6.9600,450.0000,23.9400
131.6650,52.8970,222.3900,2.2980,0.9232,3.8815,16673.1600,28.3520,3933.0000,70.7600
79.2920,39.1510,292.2200,1.3839,0.6833,5.1002,16737.0600,20.8680,2664.0000,58.2400
111.0050,20.5600,273.5400,1.9374,0.3588,4.7741,16768.5000,2.0000,108.0000,11.7300
30.8540,4.9410,344.7300,0.5385,0.0862,6.0167,16815.0400,34.9320,6372.0000,90.0700
7.3500,12.8290,2.3700,0.1283,0.2239,0.0413,16908.3900,41.7610,8703.0000,105.2700
31.9100,12.1350,343.3000,0.5569,0.2118,5.9917,16983.0700,47.7550,8145.0000,101.8400
80.0320,18.0210,293.2400,1.3968,0.3145,5.1180,17065.0400,15.8970,1053.0000,36.6200
179.2300,21.1510,201.4900,3.1282,0.3692,3.5167,17093.5800,6.6670,567.0000,26.8700
321.2980,15.0590,23.3000,5.6077,0.2628,0.4067,17145.0000,1.1000,270.0000,18.5400
338.6990,18.0010,33.7900,5.9114,0.3142,0.5898,17148.3400,30.1980,4905.0000,79.0300
235.7080,8.5660,105.7200,4.1139,0.1495,1.8452,17194.1100,2.7780,243.0000,17.5900
25.3250,44.6800,347.8100,0.4420,0.7798,6.0704,17214.9800,28.3650,2097.0000,51.6700
256.0420,15.9860,90.5700,4.4688,0.2790,1.5808,17224.6700,1.6670,81.0000,10.1600
57.9180,33.6570,293.4800,1.0109,0.5874,5.1222,17238.9400,3.1880,144.0000,13.5400
237.8320,16.2290,108.9600,4.1509,0.2832,1.9017,17251.5000,0.0000,54.0000,8.2900
70.5540,9.6340,285.2400,1.2314,0.1682,4.9785,17263.5000,0.0000,18.0000,4.7900
141.7710,52.9340,222.5900,2.4744,0.9239,3.8849,98.0000,6.5000,108.0000,11.7300
263.2350,10.2260,84.3500,4.5943,0.1785,1.4723,820.7900,31.7760,1764.0000,47.3900
194.1930,39.9650,144.6800,3.3893,0.6975,2.5251,2669.3100,46.7740,6057.0000,87.8200
219.8610,14.0830,114.3500,3.8373,0.2458,1.9958,2909.0000,5.0000,27.0000,5.8600
339.3460,35.9600,46.7900,5.9227,0.6276,0.8167,3918.0800,18.8440,1440.0000,42.8200
348.3140,46.0660,20.9000,6.0792,0.8040,0.3648,4229.4400,14.6040,477.0000,24.6400
202.5810,49.8990,145.6000,3.5357,0.8709,2.5412,4343.9500,12.5260,513.0000,25.5600
207.0330,28.8990,137.4500,3.6134,0.5044,2.3989,5798.7900,38.5660,2241.0000,53.4200
174.6070,45.0810,206.3100,3.0475,0.7868,3.6009,5850.2200,29.3730,1980.0000,50.2100
173.4170,40.4710,217.0500,3.0267,0.7064,3.7883,6528.0000,4.5000,18.0000,4.7900
198.4860,31.5630,144.0600,3.4642,0.5509,2.5142,8682.4200,41.6850,3600.0000,67.7000
10.0800,9.8000,348.8600,0.1759,0.1710,6.0887,9664.9600,37.1490,3807.0000,69.6200
145.2820,52.0460,225.4500,2.5357,0.9084,3.9348,11369.3400,62.3940,11190.0000,119.3500
321.1030,5.7010,54.2000,5.6043,0.0995,0.9460,16163.9600,23.6100,1107.0000,37.5400
157.9660,48.3590,222.4300,2.7570,0.8440,3.8822,16531.2400,11.1180,153.0000,13.9600
29.3670,46.1520,352.9400,0.5125,0.8055,6.1599,17246.4400,19.4350,621.0000,28.1200
18.3390,40.4640,3.1200,0.3201,0.7062,0.0545,17261.5900,14.2760,261.0000,18.2300
208.4770,23.6380,128.4400,3.6386,0.4126,2.2417,51.6600,90.6790,16730.0000,145.9500
205.6860,29.0770,143.6900,3.5899,0.5075,2.5078,1101.1300,66.7050,8613.0000,104.7200
135.6300,52.5810,217.5900,2.3672,0.9177,3.7976,1616.5000,43.8250,3654.0000,68.2100
164.6520,23.3190,209.8400,2.8737,0.4070,3.6625,1793.0400,39.5240,3816.0000,69.7000
164.6840,19.3870,224.5100,2.8743,0.3384,3.9184,1913.5200,13.2000,225.0000,16.9300
348.4250,19.3100,353.2700,6.0812,0.3370,6.1657,2221.1600,96.4710,26290.0000,182.9500
341.2430,12.2700,15.7700,5.9558,0.2142,0.2752,3345.3200,25.5230,585.0000,27.2900
129.6360,19.5670,229.9600,2.2626,0.3415,4.0136,4499.4400,46.6280,4428.0000,75.0900
198.0670,35.2530,134.9000,3.4569,0.6153,2.3544,5776.3100,13.1250,144.0000,13.5400
12.7140,7.8900,331.9000,0.2219,0.1377,5.7928,6046.5300,13.2670,405.0000,22.7100
343.8830,12.7750,56.6500,6.0019,0.2230,0.9888,7530.0800,37.1430,1890.0000,49.0600
292.4270,10.9900,53.9500,5.1038,0.1918,0.9415,9937.2300,60.4830,8226.0000,102.3400
312.7670,50.9180,41.7200,5.4588,0.8887,0.7281,10053.7000,21.2310,468.0000,24.4100
168.7750,8.7180,220.4400,2.9457,0.1522,3.8474,10926.9800,61.2820,8784.0000,105.7600
150.4500,51.9640,220.2600,2.6258,0.9069,3.8443,12189.4500,14.1000,180.0000,15.1400
214.0080,56.5040,134.6200,3.7352,0.9862,2.3496,12210.0000,21.3660,738.0000,30.6500
12.7390,19.3580,333.8600,0.2223,0.3379,5.8270,14002.0000,8.0000,27.0000,5.8600
50.8860,47.0950,324.3100,0.8881,0.8220,5.6603,14519.3900,20.9490,531.0000,26.0000
229.4760,52.7770,138.0200,4.0051,0.9211,2.4089,16607.2900,35.1860,2853.0000,60.2700
140.9970,55.8120,224.7500,2.4609,0.9741,3.9226,5.1400,34.8380,720.0000,30.2800
205.4000,30.2270,121.9700,3.5849,0.5276,2.1287,2872.5000,48.2760,5670.0000,84.9700
268.9510,6.6690,80.8200,4.6941,0.1164,1.4106,3084.0000,9.0000,27.0000,5.8600
147.9760,41.8840,238.0300,2.5827,0.7310,4.1544,3163.1800,44.4050,5040.0000,80.1100
50.0630,57.1740,321.2100,0.8738,0.9979,5.6061,4572.6500,33.8140,630.0000,28.3200
332.1520,26.8240,58.7400,5.7972,0.4682,1.0252,5605.5000,10.5000,36.0000,6.7700
333.8640,41.0610,44.0800,5.8270,0.7166,0.7694,6877.9800,19.3640,396.0000,22.4500
294.1530,17.3570,85.7300,5.1339,0.3029,1.4963,9116.2600,28.8390,1233.0000,39.6200
339.3950,17.0600,44.1700,5.9236,0.2978,0.7708,9160.8100,26.3760,909.0000,34.0200
341.3220,50.6110,37.6100,5.9572,0.8833,0.6563,10374.5000,56.8880,11780.0000,122.4700
206.4000,14.5040,179.8500,3.6024,0.2532,3.1390,11002.0800,42.1800,4356.0000,74.4700
174.3820,41.7820,179.4300,3.0435,0.7292,3.1317,14023.0400,29.3030,1782.0000,47.6300
66.2120,7.6740,307.4000,1.1556,0.1339,5.3652,16476.0100,18.5250,360.0000,21.4100
69.1090,19.7750,299.2200,1.2062,0.3451,5.2223,16518.4800,15.0000,225.0000,16.9300
309.6560,11.6680,34.6500,5.4045,0.2037,0.6048,6010.5600,42.9830,3267.0000,64.5000
83.8140,44.4460,300.8700,1.4628,0.7757,5.2513,6503.7000,29.5620,1233.0000,39.6200
204.0710,9.1450,125.2800,3.5617,0.1596,2.1865,6716.4000,13.2000,45.0000,7.5700
8.3440,32.1670,13.8100,0.1456,0.5614,0.2410,6784.6400,37.3330,1782.0000,47.6300
235.5020,15.8720,145.1500,4.1103,0.2770,2.5333,6826.4400,29.1430,1071.0000,36.9300
354.7050,9.2220,328.8400,6.1908,0.1610,5.7393,7501.5400,47.5840,2142.0000,52.2200
46.6970,45.9390,322.3000,0.8150,0.8018,5.6252,9211.8600,21.5710,189.0000,15.5100
8.6630,30.2110,311.3600,0.1512,0.5273,5.4342,10778.2600,35.2150,1719.0000,46.7800
165.5590,15.2960,216.6300,2.8896,0.2670,3.7810,10827.3900,60.8150,5832.0000,86.1700
184.5850,20.2010,195.3300,3.2216,0.3526,3.4092,10871.1800,27.9640,756.0000,31.0300
328.8470,22.0670,57.3200,5.7395,0.3852,1.0005,12134.0300,44.8350,3429.0000,66.0800
187.2210,24.3690,155.9500,3.2676,0.4253,2.7218,12175.5000,13.5000,72.0000,9.5700
316.5430,6.7020,82.0700,5.5247,0.1170,1.4325,12878.7100,42.1070,2025.0000,50.7800
25.6410,49.3160,316.7900,0.4475,0.8607,5.5290,16502.0000,26.7060,918.0000,34.1900
141.6950,27.5770,225.8400,2.4731,0.4813,3.9417,865.0600,28.9410,765.0000,31.2100
186.0070,14.9400,164.3400,3.2464,0.2608,2.8682,1371.9400,56.8670,5058.0000,80.2500
160.0600,14.2520,187.8300,2.7936,0.2487,3.2783,3255.1200,58.3650,5481.0000,83.5400
351.8030,33.0940,42.6500,6.1401,0.5776,0.7443,3850.1900,27.0000,342.0000,20.8700
1.4160,36.9590,9.9600,0.0247,0.6451,0.1738,4325.2000,51.9300,3456.0000,66.3300
334.4350,18.7260,42.2300,5.8370,0.3268,0.7370,4359.3000,23.1000,180.0000,15.1400
2.8860,31.3810,355.4800,0.0504,0.5477,6.2044,5618.0600,41.9430,1413.0000,42.4200
58.9270,54.6990,315.2800,1.0285,0.9547,5.5027,6348.1200,40.6800,2475.0000,56.1400
186.1680,35.0560,185.8600,3.2492,0.6119,3.2439,6696.8100,52.8540,6525.0000,91.1500
318.1650,30.8170,59.5500,5.5530,0.5379,1.0394,7630.9900,38.6630,801.0000,31.9400
12.3030,26.4790,0.3300,0.2147,0.4621,0.0058,7731.1700,24.7710,315.0000,20.0300
161.1430,45.6130,223.5100,2.8125,0.7961,3.9009,7903.3400,34.6600,927.0000,34.3600
38.5620,44.2060,311.9000,0.6730,0.7715,5.4437,9262.8300,25.0430,207.0000,16.2300
230.0010,24.1760,113.3800,4.0143,0.4220,1.9788,12359.6700,24.6670,324.0000,20.3100
347.3930,21.4400,44.6000,6.0632,0.3742,0.7784,13703.3700,55.1960,4131.0000,72.5200
350.9450,31.8260,44.1400,6.1252,0.5555,0.7703,15944.3300,79.6080,11210.0000,119.4900
334.0470,18.1730,67.7100,5.8302,0.3172,1.1817,16211.4100,54.0290,4698.0000,77.3400
139.1500,49.1590,212.4600,2.4286,0.8580,3.7082,16556.3100,44.4870,2736.0000,59.0200
307.4400,47.2460,53.3400,5.3658,0.8246,0.9309,1876.1500,47.4060,1863.0000,48.7000
180.8450,33.4930,186.9200,3.1563,0.5846,3.2624,1915.0300,31.7020,603.0000,27.7100
175.3950,10.1200,164.0200,3.0612,0.1766,2.8627,3213.7900,32.9250,720.0000,30.2800
310.5910,14.8750,50.6200,5.4208,0.2596,0.8835,4213.7100,54.5930,3051.0000,62.3300
44.6590,54.7940,326.4900,0.7795,0.9563,5.6983,5882.8800,28.6800,450.0000,23.9400
324.9000,21.0660,62.3100,5.6706,0.3677,1.0875,6461.2100,41.5280,1602.0000,45.1600
344.8010,20.1060,23.3600,6.0179,0.3509,0.4077,7769.1300,38.9360,1683.0000,46.2900
293.4850,51.1190,49.4600,5.1223,0.8922,0.8633,9042.1200,46.3710,2304.0000,54.1600
176.6140,24.4170,196.3500,3.0825,0.4262,3.4269,11131.7000,59.7090,6768.0000,92.8300
195.0280,42.7190,144.0900,3.4039,0.7456,2.5149,11427.1300,53.4710,612.0000,27.9100
157.3840,25.6720,228.5300,2.7469,0.4481,3.9886,11860.2900,21.8570,63.0000,8.9600
34.0320,44.2480,315.2200,0.5940,0.7723,5.5016,12177.8900,26.6760,333.0000,20.5900
335.3280,36.5730,53.3000,5.8526,0.6383,0.9303,16422.9800,64.1840,11220.0000,119.5400
163.2510,44.5870,224.8500,2.8493,0.7782,3.9244,793.7700,72.0890,7272.0000,96.2200
158.6590,44.8330,226.0000,2.7691,0.7825,3.9444,1299.4000,55.7060,2880.0000,60.5600
166.9260,13.1790,173.1500,2.9134,0.2300,3.0221,1439.2000,57.1660,3258.0000,64.4100
150.6740,27.8170,224.1600,2.6298,0.4855,3.9123,1765.0000,23.0000,81.0000,10.1600
306.4980,57.6210,35.9700,5.3494,1.0057,0.6278,1846.8100,53.8830,1611.0000,45.2900
149.3210,40.7850,221.7100,2.6061,0.7118,3.8697,5493.4200,52.9330,3213.0000,63.9600
15.2270,16.2670,334.9300,0.2658,0.2839,5.8456,6069.9800,54.5800,3447.0000,66.2500
11.3360,45.1920,321.2800,0.1978,0.7887,5.6074,7270.7700,32.3180,198.0000,15.8800
303.1490,13.0800,74.4900,5.2910,0.2283,1.3001,7402.4600,43.8950,684.0000,29.5100
164.4140,35.1160,212.3000,2.8696,0.6129,3.7053,7975.6400,54.6990,2394.0000,55.2100
41.8790,48.2030,320.2500,0.7309,0.8413,5.5894,9242.1700,34.9620,1197.0000,39.0400
46.5240,50.5760,320.5900,0.8120,0.8827,5.5954,9469.5900,50.0870,2277.0000,53.8400
34.8590,57.3140,310.8000,0.6084,1.0003,5.4244,11443.5400,36.2050,792.0000,31.7600
1.5200,22.8710,24.6700,0.0265,0.3992,0.4306,11979.8700,41.9530,1152.0000,38.3000
13.8680,22.5070,313.0000,0.2420,0.3928,5.4629,12265.4700,52.5970,4734.0000,77.6400
187.7310,33.1960,156.0500,3.2765,0.5794,2.7236,12790.8000,50.5650,2916.0000,60.9300
205.4710,35.5860,120.8800,3.5861,0.6211,2.1097,12976.4100,44.2230,1737.0000,47.0300
30.3650,38.2400,326.0600,0.5300,0.6674,5.6909,13278.6100,63.9970,8829.0000,106.0300
134.9690,41.4880,235.7600,2.3557,0.7241,4.1148,13391.1600,60.8620,6894.0000,93.6900
141.3650,39.1760,227.6500,2.4673,0.6837,3.9733,13511.6600,50.2790,2358.0000,54.7900
359.1870,41.8480,6.2100,6.2690,0.7304,0.1084,13968.7000,52.6450,4365.0000,74.5500
15.5790,40.0770,316.5800,0.2719,0.6995,5.5254,15496.8000,24.6000,45.0000,7.5700
339.7270,17.6520,12.9100,5.9294,0.3081,0.2253,15657.3400,32.3750,648.0000,28.7200
28.7160,18.6660,347.2900,0.5012,0.3258,6.0614,316.0000,32.8000,135.0000,13.1100
185.2520,21.7120,187.0700,3.2333,0.3790,3.2650,668.3200,51.2450,1872.0000,48.8200
156.0890,19.5730,187.6500,2.7243,0.3416,3.2751,1486.8400,55.0640,2664.0000,58.2400
174.2420,29.2880,199.7000,3.0411,0.5112,3.4854,4375.1700,37.5160,837.0000,32.6500
188.0470,18.8090,146.4800,3.2820,0.3283,2.5566,5917.7700,28.9230,351.0000,21.1400
17.8720,35.1600,321.7100,0.3119,0.6137,5.6149,7863.5400,61.9830,4221.0000,73.3100
20.8300,32.1780,311.4800,0.3636,0.5616,5.4364,8133.1500,61.5410,3609.0000,67.7900
220.3540,44.6140,135.1900,3.8459,0.7787,2.3595,8629.5800,44.0900,1098.0000,37.3900
159.8610,49.0370,215.0500,2.7901,0.8559,3.7533,9579.5900,47.6290,2331.0000,54.4800
47.0930,51.2450,312.4500,0.8219,0.8944,5.4532,9849.1900,50.8680,3069.0000,62.5100
200.9190,14.7930,159.5600,3.5067,0.2582,2.7848,10031.2000,27.2000,135.0000,13.1100
157.8240,3.0160,223.4600,2.7546,0.0527,3.9002,10731.0600,49.6100,1962.0000,49.9800
341.5720,21.4370,40.7600,5.9616,0.3742,0.7114,11239.7400,53.3820,2709.0000,58.7300
324.6000,53.6130,52.4200,5.6654,0.9357,0.9149,12192.5900,38.8420,513.0000,25.5600
208.8740,51.9320,134.5200,3.6455,0.9064,2.3478,12502.7300,39.8890,972.0000,35.1800
30.9610,49.7310,321.9200,0.5404,0.8680,5.6186,13180.9400,47.9670,2430.0000,55.6200
327.6520,53.0010,53.0500,5.7186,0.9251,0.9259,13919.1000,55.5000,1782.0000,47.6300
36.5550,32.4680,297.3300,0.6380,0.5667,5.1894,15340.9900,37.0190,477.0000,24.6400
237.3340,5.5990,145.7300,4.1423,0.0977,2.5434,16181.5000,28.5000,54.0000,8.2900
165.1570,46.2790,220.7100,2.8825,0.8077,3.8522,841.2000,28.2000,45.0000,7.5700
210.1600,49.5710,129.4600,3.6680,0.8652,2.2595,958.9200,76.3110,11220.0000,119.5400
160.5360,15.1310,220.9200,2.8019,0.2641,3.8558,977.4600,31.2860,252.0000,17.9100
201.9240,18.2830,147.0000,3.5242,0.3191,2.5657,1176.6500,51.7630,2619.0000,57.7500
319.8990,44.6160,42.4200,5.5833,0.7787,0.7404,2787.2200,51.9840,1098.0000,37.3900
42.3810,44.4040,314.9100,0.7397,0.7750,5.4961,3935.6500,35.3820,306.0000,19.7400
27.2460,43.7320,319.5700,0.4755,0.7633,5.5775,4242.6600,43.5600,450.0000,23.9400
61.7550,53.5240,316.8800,1.0778,0.9342,5.5306,4639.4500,33.1110,243.0000,17.5900
28.7980,47.0190,319.1700,0.5026,0.8206,5.5706,5438.5200,33.4290,504.0000,25.3300
332.2860,50.0360,38.1900,5.7995,0.8733,0.6665,6122.1900,52.0080,1125.0000,37.8500
51.8260,41.9270,297.6100,0.9045,0.7318,5.1944,6552.3800,74.9750,3285.0000,64.6700
168.9070,38.4840,213.2200,2.9480,0.6717,3.7214,6873.8900,60.8530,5193.0000,81.3100
202.2290,30.6350,150.4700,3.5296,0.5347,2.6262,8435.5400,39.2310,117.0000,12.2100
45.7730,57.8210,318.5900,0.7989,1.0092,5.5604,9214.4200,45.8620,783.0000,31.5700
35.3150,55.0540,310.1900,0.6164,0.9609,5.4139,12059.7000,32.7000,90.0000,10.7000
155.1410,41.7120,224.1100,2.7077,0.7280,3.9114,13462.8600,54.2190,2466.0000,56.0300
2.4430,12.0150,13.1700,0.0426,0.2097,0.2299,14278.7600,46.4530,2025.0000,50.7800
180.6740,29.1960,160.6200,3.1534,0.5096,2.8034,14650.9800,55.9730,657.0000,28.9200
25.3600,42.5180,314.3900,0.4426,0.7421,5.4871,15493.3900,41.6190,567.0000,26.8700
330.6850,24.9730,56.6200,5.7716,0.4359,0.9881,15901.5000,30.0000,36.0000,6.7700
51.6590,14.7050,320.5200,0.9016,0.2567,5.5942,17071.9500,54.5140,2574.0000,57.2500
46.8550,54.9990,325.8600,0.8178,0.9599,5.6874,1991.6300,43.8490,657.0000,28.9200
310.9750,53.0860,47.9400,5.4275,0.9265,0.8367,2071.8700,64.1630,4527.0000,75.9200
179.1060,14.0240,168.0200,3.1260,0.2448,2.9326,2980.9800,48.4200,450.0000,23.9400
229.1140,37.7770,135.3900,3.9988,0.6593,2.3630,3385.4600,60.0200,4077.0000,72.0500
161.3420,20.3450,221.7600,2.8159,0.3551,3.8704,3659.4200,41.0530,513.0000,25.5600
173.3080,33.1050,162.5200,3.0248,0.5778,2.8366,3805.7500,70.3860,2961.0000,61.4000
344.2700,41.3550,46.9500,6.0087,0.7218,0.8194,3896.7300,71.4000,5985.0000,87.2900
320.3090,4.3280,40.3900,5.5905,0.0755,0.7049,3979.1000,71.3200,5679.0000,85.0300
331.3020,41.5000,51.7600,5.7823,0.7243,0.9034,5153.4100,53.4080,1368.0000,41.7300
13.5260,30.2970,342.3000,0.2361,0.5288,5.9742,5910.1100,73.7720,7209.0000,95.8100
225.1320,13.5700,97.7000,3.9293,0.2368,1.7052,7738.2900,38.0000,189.0000,15.5100
228.0060,55.9670,133.8500,3.9795,0.9768,2.3361,8447.7800,45.8730,711.0000,30.0900
135.2180,54.7940,226.8600,2.3600,0.9563,3.9594,9356.6600,48.4020,873.0000,33.3400
121.3860,52.2590,218.8100,2.1186,0.9121,3.8190,9742.0000,53.8350,2943.0000,61.2100
53.7550,46.2310,307.7300,0.9382,0.8069,5.3709,9785.8800,44.2290,630.0000,28.3200
320.9710,15.3890,27.5200,5.6020,0.2686,0.4803,10016.3800,47.8960,1818.0000,48.1100
32.1610,42.1280,317.8500,0.5613,0.7353,5.5476,11576.0000,43.0000,432.0000,23.4500
214.0860,51.1300,130.0500,3.7365,0.8924,2.2698,11800.3200,73.2070,4698.0000,77.3400
149.1950,51.7280,217.6500,2.6039,0.9028,3.7987,12469.3200,42.1820,594.0000,27.5000
320.4040,48.0910,43.9700,5.5921,0.8393,0.7674,12910.5400,53.3630,1017.0000,35.9800
337.4990,41.2940,48.3800,5.8905,0.7207,0.8444,14439.0600,85.6420,9603.0000,110.5800
5.9100,34.0070,9.5700,0.1031,0.5935,0.1670,15466.7400,45.0320,855.0000,32.9900
302.8440,51.8230,57.8200,5.2856,0.9045,1.0091,16132.1700,49.1390,1944.0000,49.7500
21.9070,32.3730,1.2400,0.3824,0.5650,0.0216,17251.5100,57.5440,1539.0000,44.2700
302.4260,28.8790,77.9400,5.2783,0.5040,1.3604,544.6800,71.9940,4446.0000,75.2400
178.2730,40.9100,146.7200,3.1115,0.7140,2.5607,1225.3900,38.6540,234.0000,17.2600
56.4630,7.8030,289.7200,0.9855,0.1362,5.0566,2485.5900,55.6080,1494.0000,43.6100
49.3080,34.1480,300.8900,0.8606,0.5960,5.2516,3837.9800,87.8160,3078.0000,62.6000
189.0910,21.8460,185.6400,3.3003,0.3813,3.2401,4097.4200,84.9830,10410.0000,115.1400
158.3080,47.3010,213.4000,2.7630,0.8256,3.7245,5448.0500,55.1820,1530.0000,44.1400
231.2310,2.7160,113.6500,4.0357,0.0474,1.9836,5670.0200,70.5690,3528.0000,67.0200
25.9820,23.0420,343.3800,0.4535,0.4022,5.9931,7137.3500,63.6930,2493.0000,56.3400
234.4390,52.3060,124.9700,4.0917,0.9129,2.1812,7728.4300,63.2490,2169.0000,52.5500
2.3080,26.2450,21.6700,0.0403,0.4581,0.3782,8573.0200,84.2310,8406.0000,103.4500
47.3160,38.6550,314.4000,0.8258,0.6747,5.4874,9151.6900,60.7470,4158.0000,72.7600
61.2470,49.4360,312.5100,1.0690,0.8628,5.4543,9273.7100,43.9740,342.0000,20.8700
150.7140,52.8410,225.1700,2.6305,0.9222,3.9299,10054.9300,57.9930,1359.0000,41.6000
154.1060,14.2440,224.3300,2.6897,0.2486,3.9152,11057.2900,90.1340,6642.0000,91.9600
152.5940,33.2580,239.3100,2.6633,0.5805,4.1767,11196.5100,67.2870,2538.0000,56.8500
332.7580,50.6180,42.6800,5.8077,0.8835,0.7449,12046.9300,50.2310,351.0000,21.1400
202.0730,22.6780,135.8200,3.5268,0.3958,2.3705,13126.1800,61.1540,2574.0000,57.2500
359.9460,28.2080,17.6100,6.2823,0.4923,0.3073,13767.5800,56.7630,2052.0000,51.1100
63.2880,19.3230,285.3000,1.1046,0.3373,4.9795,13822.3700,90.9110,8919.0000,106.5600
37.1530,48.7550,322.7700,0.6484,0.8509,5.6334,15228.9100,60.5670,3429.0000,66.0800
148.3520,47.6090,225.9000,2.5892,0.8309,3.9427,15696.2500,50.6160,774.0000,31.3900
226.5490,53.4010,145.9100,3.9540,0.9320,2.5466,16064.3400,106.5050,14770.0000,137.1300
238.8890,48.4290,155.7900,4.1694,0.8452,2.7190,1907.8500,53.4150,1062.0000,36.7700
24.5000,49.1110,327.6600,0.4276,0.8572,5.7188,2954.3500,63.7070,2025.0000,50.7800
7.5040,43.2300,353.3900,0.1310,0.7545,6.1679,3065.3600,51.5060,801.0000,31.9400
177.8970,37.0270,193.4700,3.1049,0.6462,3.3767,4693.1500,91.9010,5013.0000,79.8900
4.2250,13.0330,349.7700,0.0737,0.2275,6.1047,5974.0700,56.7000,630.0000,28.3200
321.7390,56.5250,44.7500,5.6154,0.9866,0.7810,6316.9400,47.5590,306.0000,19.7400
309.4930,28.8390,75.7800,5.4017,0.5033,1.3226,6407.6500,71.8960,4653.0000,76.9700
158.0140,20.9100,191.8000,2.7579,0.3650,3.3475,7472.1400,88.2320,8370.0000,103.2300
46.8350,45.9000,322.4700,0.8174,0.8011,5.6282,9197.0000,38.0000,27.0000,5.8600
84.9520,42.5750,314.2000,1.4827,0.7431,5.4839,9319.8700,44.3330,405.0000,22.7100
44.9470,58.8790,317.8300,0.7845,1.0276,5.5472,9333.6000,39.0000,90.0000,10.7000
30.1670,32.4230,309.0700,0.5265,0.5659,5.3942,10653.8600,53.9640,756.0000,31.0300
39.8050,20.8700,321.9500,0.6947,0.3643,5.6191,12374.3100,83.5570,10590.0000,116.1400
203.5930,27.6990,124.0900,3.5534,0.4834,2.1658,13607.1100,53.6250,576.0000,27.0800
138.1390,47.5950,224.6700,2.4110,0.8307,3.9212,136.3400,69.6390,1818.0000,48.1100
229.6250,48.3950,135.7300,4.0077,0.8447,2.3690,703.1800,52.6720,549.0000,26.4400
181.7830,23.6060,160.7900,3.1727,0.4120,2.8063,1239.3500,42.8820,153.0000,13.9600
13.1670,37.3310,315.1400,0.2298,0.6516,5.5002,2765.7700,47.0770,117.0000,12.2100
146.0810,46.3330,224.8900,2.5496,0.8087,3.9251,2806.3100,50.9060,288.0000,19.1500
338.8580,10.6350,26.6200,5.9142,0.1856,0.4646,4615.6000,76.9180,4590.0000,76.4500
355.7040,36.6190,11.1600,6.2082,0.6391,0.1947,10072.0900,44.1820,99.0000,11.2300
0.6150,7.0210,12.3500,0.0107,0.1225,0.2155,12058.1800,55.9570,414.0000,22.9600
325.4940,25.5350,49.8700,5.6809,0.4457,0.8703,12214.2000,63.7990,1251.0000,39.9100
328.2150,15.4870,47.3400,5.7284,0.2703,0.8262,12842.4200,82.4040,4095.0000,72.2100
167.4120,31.6470,180.5100,2.9219,0.5524,3.1505,12844.5000,39.0000,36.0000,6.7700
13.7960,32.0250,310.6500,0.2408,0.5589,5.4220,13651.0000,45.2000,135.0000,13.1100
147.7550,36.5230,223.0500,2.5788,0.6374,3.8929,15359.4700,42.1760,153.0000,13.9600
345.5790,42.2560,43.6600,6.0315,0.7375,0.7621,15804.0100,85.1730,4536.0000,76.0000
149.1370,47.0510,215.6500,2.6029,0.8212,3.7638,16518.5400,70.4660,2745.0000,59.1200
37.2730,52.9790,323.4500,0.6505,0.9247,5.6452,734.0400,79.4420,2340.0000,54.5800
208.2530,53.3850,124.3400,3.6347,0.9318,2.1701,862.2700,58.3940,639.0000,28.5200
45.0540,48.5920,323.0000,0.7863,0.8481,5.6374,1975.5500,75.9750,4266.0000,73.7000
331.5430,53.6190,45.4900,5.7865,0.9358,0.7940,3683.3000,66.6320,1197.0000,39.0400
305.6940,39.4500,49.2300,5.3354,0.6885,0.8592,5560.6300,56.3140,630.0000,28.3200
318.6400,35.7260,61.9800,5.5613,0.6235,1.0818,6306.0000,43.5000,18.0000,4.7900
128.8030,47.5940,229.7800,2.2480,0.8307,4.0104,6743.4600,63.7500,1728.0000,46.9100
40.6260,43.1550,310.9100,0.7091,0.7532,5.4265,8785.6900,70.2300,3798.0000,69.5400
45.2380,54.1780,324.1300,0.7896,0.9456,5.6571,9200.2500,44.2500,36.0000,6.7700
188.1610,42.6910,135.1000,3.2840,0.7451,2.3579,9614.1200,89.8260,5274.0000,81.9500
202.7250,16.2800,187.1300,3.5382,0.2841,3.2660,11577.6000,84.6380,4653.0000,76.9700
320.3710,43.9870,54.1000,5.5915,0.7677,0.9442,12003.5300,65.6790,2187.0000,52.7700
209.9640,43.2160,131.9900,3.6646,0.7543,2.3037,12597.0000,43.5000,18.0000,4.7900
196.9880,50.0150,134.4300,3.4381,0.8729,2.3463,12941.0300,56.0240,747.0000,30.8400
336.1890,40.1720,50.9600,5.8676,0.7011,0.8895,15031.8200,57.3950,684.0000,29.5100
159.4380,2.1060,158.1800,2.7827,0.0368,2.7608,15397.4400,93.9800,6174.0000,88.6600
316.7670,14.0760,45.6500,5.5286,0.2457,0.7967,15652.8400,62.9710,1854.0000,48.5900
40.3540,19.0630,299.7800,0.7043,0.3327,5.2321,15869.4100,99.7080,4806.0000,78.2300
336.9960,39.3720,52.4300,5.8817,0.6872,0.9151,16731.9800,86.4920,5580.0000,84.2900
3.8090,16.4320,324.3000,0.0665,0.2868,5.6601,16763.2100,56.6250,648.0000,28.7200
179.4870,21.7380,169.1300,3.1326,0.3794,2.9518,1255.0000,49.3330,81.0000,10.1600
24.5640,51.3420,309.9200,0.4287,0.8961,5.4092,2020.1300,63.3750,576.0000,27.0800
154.9840,14.0950,176.5400,2.7050,0.2460,3.0813,3099.5800,62.3390,981.0000,35.3400
188.0240,11.4860,151.1900,3.2816,0.2005,2.6388,3462.2200,63.1810,747.0000,30.8400
33.1680,40.4290,314.9900,0.5789,0.7056,5.4976,3585.9800,75.2590,2187.0000,52.7700
10.7320,13.7860,351.8600,0.1873,0.2406,6.1412,4392.5500,60.0910,594.0000,27.5000
351.3180,16.0990,8.1600,6.1317,0.2810,0.1424,4561.6700,64.8210,1557.0000,44.5200
197.7530,43.3220,135.3700,3.4515,0.7561,2.3626,5009.5000,48.5000,54.0000,8.2900
183.5390,38.6880,172.9000,3.2034,0.6752,3.0177,5716.4600,65.3040,1242.0000,39.7700
13.2990,29.6030,348.5000,0.2321,0.5167,6.0824,5834.4400,76.7470,3060.0000,62.4200
149.8360,37.8040,192.5800,2.6151,0.6598,3.3611,7600.0300,66.3420,2367.0000,54.9000
27.7120,31.5680,311.0100,0.4837,0.5510,5.4281,7792.2600,82.2710,4779.0000,78.0100
28.4420,27.1250,313.7700,0.4964,0.4734,5.4764,8184.8100,67.0650,1674.0000,46.1700
131.5010,38.5930,231.6500,2.2951,0.6736,4.0431,9324.1900,97.4930,6003.0000,87.4300
338.1540,18.2510,341.5400,5.9019,0.3185,5.9610,12162.7200,78.9080,3123.0000,63.0600
157.2910,36.7850,227.7400,2.7453,0.6420,3.9749,13627.5800,58.3850,702.0000,29.9000
213.3890,49.7200,127.7300,3.7243,0.8678,2.2292,14932.9800,71.1290,1953.0000,49.8700
310.8280,46.3810,49.6900,5.4250,0.8095,0.8672,313.8300,70.1690,1386.0000,42.0100
148.6520,26.5830,218.2600,2.5945,0.4640,3.8093,1221.4600,93.2940,8352.0000,103.1200
198.6660,18.9330,149.7200,3.4674,0.3304,2.6132,1267.7600,57.3100,261.0000,18.2300
348.1040,19.6100,5.0100,6.0756,0.3423,0.0874,2433.9200,75.8270,1404.0000,42.2800
287.4050,13.1230,50.3400,5.0162,0.2291,0.8787,2521.2900,63.9120,918.0000,34.1900
173.6380,39.9240,206.8300,3.0306,0.6968,3.6099,2913.2300,54.4620,117.0000,12.2100
144.9650,24.8900,201.8200,2.5301,0.4344,3.5224,3440.6000,53.3000,270.0000,18.5400
329.2190,29.4430,58.1700,5.7460,0.5139,1.0152,6288.6300,83.9130,3402.0000,65.8100
37.5760,34.4610,300.1200,0.6558,0.6015,5.2381,6494.1500,86.4910,5148.0000,80.9600
163.8610,29.3530,216.6100,2.8599,0.5123,3.7805,6800.2600,88.9670,4338.0000,74.3200
18.3090,43.4200,343.4200,0.3195,0.7578,5.9938,7685.2500,62.1770,1116.0000,37.7000
157.6650,31.7670,230.7300,2.7518,0.5544,4.0270,7910.0600,120.1390,13370.0000,130.4500
60.0130,29.0830,286.4700,1.0474,0.5076,4.9999,8479.3300,62.4780,1449.0000,42.9500
47.4690,57.8920,315.7500,0.8285,1.0104,5.5108,9083.5800,61.6940,765.0000,31.2100
14.5440,45.1650,324.3700,0.2538,0.7883,5.6614,10099.7200,78.3440,3843.0000,69.9500
220.3680,40.6980,132.6500,3.8461,0.7103,2.3151,11672.1900,55.3640,198.0000,15.8800
161.9690,7.7790,219.7300,2.8269,0.1358,3.8350,12503.4200,74.3950,2277.0000,53.8400
165.3040,34.9540,226.8600,2.8851,0.6101,3.9594,13590.6700,63.5330,405.0000,22.7100
304.0750,58.2180,36.2900,5.3071,1.0161,0.6334,14239.3700,54.5450,198.0000,15.8800
328.8810,32.1820,64.8000,5.7401,0.5617,1.1310,14990.3500,77.0380,3789.0000,69.4600
39.9400,3.7040,302.1200,0.6971,0.0647,5.2731,15515.2800,55.5520,261.0000,18.2300
328.5960,20.1420,50.6700,5.7351,0.3516,0.8844,17100.9500,57.6320,171.0000,14.7600
22.3700,43.6870,313.3400,0.3904,0.7625,5.4688,17129.0000,85.3840,4761.0000,77.8600
195.6610,37.2590,125.3100,3.4149,0.6503,2.1870,490.8300,65.3060,972.0000,35.1800
326.6140,12.9360,19.6100,5.7005,0.2258,0.3423,2458.2600,68.2420,855.0000,32.9900
175.8290,19.5620,161.9200,3.0688,0.3414,2.8260,2825.9400,71.0840,855.0000,32.9900
106.2810,33.3460,262.9800,1.8550,0.5820,4.5899,2919.4500,71.0230,774.0000,31.3900
349.2530,18.5460,344.1400,6.0956,0.3237,6.0063,3020.9500,94.1520,7335.0000,96.6400
2.2280,7.9740,30.5200,0.0389,0.1392,0.5326,3749.2800,74.3540,2592.0000,57.4500
8.5210,28.6010,355.9400,0.1487,0.4992,6.2122,4363.1700,81.2970,2088.0000,51.5600
239.2060,42.2160,105.1800,4.1749,0.7368,1.8358,4977.5700,66.7240,1044.0000,36.4600
352.8780,27.3890,47.1800,6.1589,0.4780,0.8235,5022.6000,102.2740,8568.0000,104.4500
9.5290,24.5830,320.9400,0.1663,0.4291,5.6015,7389.0000,52.5000,18.0000,4.7900
20.0540,39.7260,334.8800,0.3500,0.6934,5.8447,7652.5700,76.1780,1926.0000,49.5200
62.0160,52.5610,314.6200,1.0824,0.9174,5.4911,9241.8900,67.2710,1062.0000,36.7700
69.6930,48.0370,306.5400,1.2164,0.8384,5.3501,9264.1800,62.7430,315.0000,20.0300
33.4060,50.8060,325.9900,0.5831,0.8867,5.6896,10761.8600,66.1900,567.0000,26.8700
163.0000,41.3790,203.7900,2.8449,0.7222,3.5569,13034.7700,82.4570,3114.0000,62.9700
52.5640,5.8060,351.5600,0.9174,0.1013,6.1359,15339.8300,88.4600,3717.0000,68.7900
200.6680,22.8070,143.0700,3.5023,0.3981,2.4971,16671.2200,105.1340,7038.0000,94.6600
126.4400,55.7560,210.6400,2.2068,0.9731,3.6764,17212.9300,67.2050,1053.0000,36.6200
22.7540,43.3650,314.6400,0.3971,0.7569,5.4916,3538.2200,94.3760,4473.0000,75.4700
34.1470,46.1210,310.5800,0.5960,0.8050,5.4206,3624.0500,92.1540,3096.0000,62.7800
119.0460,15.5180,250.9200,2.0777,0.2708,4.3794,4179.3300,89.5930,2322.0000,54.3700
12.5960,40.0610,353.6700,0.2199,0.6992,6.1726,4274.6100,80.8440,2772.0000,59.4100
215.1960,49.4910,137.8100,3.7559,0.8638,2.4052,4458.1100,91.4260,2007.0000,50.5500
51.4630,47.5000,320.5400,0.8982,0.8290,5.5944,5226.0900,76.4210,2052.0000,51.1100
209.1260,47.4240,165.2200,3.6499,0.8277,2.8837,7093.5000,87.5640,2970.0000,61.4900
220.2040,41.9270,125.9500,3.8433,0.7318,2.1983,7272.8000,88.0920,2943.0000,61.2100
153.3900,22.4010,219.6000,2.6772,0.3910,3.8328,8246.3800,63.1030,261.0000,18.2300
201.2370,34.8620,121.1700,3.5123,0.6085,2.1148,9408.8900,103.4670,8649.0000,104.9400
168.5820,44.7060,203.8700,2.9423,0.7803,3.5581,9786.1400,93.6600,3681.0000,68.4600
26.2260,7.5290,320.9100,0.4577,0.1314,5.6010,10680.7800,60.7740,279.0000,18.8500
145.2140,55.2520,227.9400,2.5345,0.9643,3.9784,10705.5500,71.3910,576.0000,27.0800
192.3660,10.2420,193.2600,3.3574,0.1788,3.3730,11449.9900,83.0920,2259.0000,53.6300
332.9690,45.0900,48.6200,5.8114,0.7870,0.8486,12075.3500,61.8460,234.0000,17.2600
198.9970,32.6040,133.4100,3.4732,0.5691,2.3284,12652.5300,71.5650,1242.0000,39.7700
2.7240,23.1960,335.7800,0.0475,0.4049,5.8605,13665.1000,108.3630,8028.0000,101.1000
28.8060,20.0300,307.6400,0.5028,0.3496,5.3694,14036.4000,126.4360,10780.0000,117.1700
186.5890,41.8560,168.5400,3.2566,0.7305,2.9416,14518.8500,74.2050,747.0000,30.8400
344.1240,40.9920,55.7100,6.0061,0.7155,0.9723,15504.0600,98.9200,4050.0000,71.8100
192.2730,47.7220,143.9000,3.3558,0.8329,2.5115,2739.4800,82.9020,2385.0000,55.1100
32.4380,41.1460,313.5900,0.5662,0.7181,5.4731,5627.1700,94.3720,3051.0000,62.3300
208.4010,44.3030,127.6200,3.6373,0.7732,2.2274,7351.1800,75.0250,1098.0000,37.3900
45.4760,57.0300,322.6600,0.7937,0.9954,5.6315,7382.0300,72.8670,747.0000,30.8400
17.7790,26.3190,316.2500,0.3103,0.4594,5.5196,8035.6300,83.4560,2979.0000,61.5900
356.5320,30.3420,356.9800,6.2227,0.5296,6.2304,8425.7400,71.6180,918.0000,34.1900
51.2580,27.5610,315.9500,0.8946,0.4810,5.5143,8718.9400,82.5780,2070.0000,51.3400
212.5980,29.7130,165.5100,3.7105,0.5186,2.8887,11283.3500,81.9800,1818.0000,48.1100
148.2200,44.3210,221.7800,2.5869,0.7736,3.8708,11711.3100,86.9590,5328.0000,82.3600
342.3110,12.8320,32.2100,5.9745,0.2240,0.5621,11881.1900,77.8920,1251.0000,39.9100
143.0320,17.3740,217.9800,2.4964,0.3032,3.8045,12468.0000,82.4730,1503.0000,43.7500
12.4010,23.5570,316.3600,0.2164,0.4111,5.5215,12564.0400,77.5920,2781.0000,59.5100
346.1440,28.7220,53.0000,6.0414,0.5013,0.9251,15453.7900,105.2270,4752.0000,77.7800
327.5870,54.8960,50.8200,5.7175,0.9581,0.8870,16160.3400,74.6780,1089.0000,37.2400
198.5910,21.4800,146.7100,3.4661,0.3749,2.5605,854.0000,65.5000,54.0000,8.2900
197.1230,31.9590,141.5500,3.4405,0.5578,2.4705,1728.2100,96.4480,4338.0000,74.3200
162.5230,36.4240,175.6100,2.8366,0.6357,3.0650,1927.1000,98.3180,3960.0000,71.0100
43.4210,13.4130,299.5600,0.7578,0.2341,5.2284,2553.3200,76.4040,1269.0000,40.2000
198.2560,46.3650,145.8900,3.4602,0.8092,2.5462,2721.0900,70.9410,306.0000,19.7400
338.3310,25.9030,355.8700,5.9050,0.4521,6.2112,3357.0800,90.8430,1665.0000,46.0400
326.4070,41.5600,46.3900,5.6969,0.7254,0.8097,3438.9700,79.1030,783.0000,31.5700
44.1010,48.0250,312.6000,0.7697,0.8382,5.4559,3659.9000,82.3470,1062.0000,36.7700
333.5950,22.2310,29.6800,5.8223,0.3880,0.5180,4423.1900,81.4930,2025.0000,50.7800
185.3320,21.3220,204.2400,3.2347,0.3722,3.5647,5577.0700,71.5810,387.0000,22.2000
310.1140,11.6390,34.3200,5.4125,0.2031,0.5991,5970.2300,65.7690,117.0000,12.2100
140.5920,49.8680,237.5100,2.4538,0.8704,4.1453,7314.1300,71.0000,648.0000,28.7200
151.0540,45.5600,225.7300,2.6364,0.7952,3.9398,7551.7900,81.5720,1746.0000,47.1500
29.7810,43.4090,350.2900,0.5198,0.7576,6.1137,8862.9200,81.6000,1935.0000,49.6400
43.5850,50.3400,320.3700,0.7607,0.8786,5.5915,9208.9400,68.4190,279.0000,18.8500
196.8580,21.6160,161.7200,3.4358,0.3773,2.8225,9702.9000,114.4600,9855.0000,112.0200
60.8260,50.8780,315.3400,1.0616,0.8880,5.5036,9831.1600,75.4750,1251.0000,39.9100
132.8680,45.2270,233.9600,2.3190,0.7894,4.0833,10161.1800,113.8540,6678.0000,92.2100
225.8620,54.4030,127.6500,3.9420,0.9495,2.2280,11500.9700,77.4070,1593.0000,45.0400
0.6930,32.8950,343.8900,0.0121,0.5741,6.0020,11536.6800,75.1760,612.0000,27.9100
301.6230,50.0740,48.7900,5.2643,0.8740,0.8516,13889.5000,74.8000,810.0000,32.1100
118.4130,52.7340,224.9700,2.0667,0.9204,3.9264,14265.2300,92.6090,3726.0000,68.8800
191.4020,21.8980,149.2200,3.3406,0.3822,2.6044,14323.1300,84.7120,2160.0000,52.4400
330.5970,43.1040,57.4500,5.7700,0.7523,1.0028,15681.2200,88.1620,2394.0000,55.2100
160.7070,43.2030,217.2500,2.8049,0.7540,3.7917,688.3900,102.2640,4401.0000,74.8600
225.2170,31.3790,123.6600,3.9308,0.5477,2.1583,1807.3200,90.4580,4131.0000,72.5200
227.1190,12.3670,122.0000,3.9640,0.2159,2.1293,3483.8800,73.0590,306.0000,19.7400
212.8660,49.4990,147.1800,3.7152,0.8639,2.5688,5544.0900,105.0470,4599.0000,76.5200
109.1350,49.6730,232.6600,1.9048,0.8670,4.0608,7399.2000,70.2000,135.0000,13.1100
11.2770,38.0690,313.7400,0.1968,0.6644,5.4757,8644.2900,66.4290,63.0000,8.9600
335.2620,31.5510,42.9600,5.8514,0.5507,0.7497,8899.2500,93.8900,2124.0000,52.0000
50.9930,46.4350,308.5500,0.8900,0.8105,5.3852,9027.2800,78.0000,1269.0000,40.2000
156.9710,18.3100,228.5800,2.7397,0.3196,3.9895,9495.8600,102.0290,4689.0000,77.2700
193.2990,38.5120,186.9800,3.3737,0.6722,3.2634,12101.3000,80.5710,882.0000,33.5100
320.5730,1.4130,9.1500,5.5951,0.0247,0.1597,12615.4700,68.1920,234.0000,17.2600
304.7810,11.6840,71.6000,5.3194,0.2039,1.2497,12716.9600,91.3930,4302.0000,74.0100
318.1460,37.2730,50.4700,5.5527,0.6505,0.8808,12767.0200,76.0710,630.0000,28.3200
172.6530,42.8400,204.3000,3.0134,0.7477,3.5658,12980.5800,87.4470,2781.0000,59.5100
205.5240,14.7380,174.6800,3.5871,0.2572,3.0487,13205.5600,80.7790,855.0000,32.9900
111.0080,8.1050,219.5600,1.9375,0.1415,3.8320,13537.8100,114.1380,8208.0000,102.2300
193.1660,18.3710,179.7200,3.3714,0.3206,3.1367,14560.1700,92.0500,2529.0000,56.7500
25.0850,32.0520,316.3100,0.4378,0.5594,5.5206,14632.6700,130.7290,11210.0000,119.4900
12.1490,29.7480,319.6800,0.2120,0.5192,5.5795,16575.0400,91.1880,3114.0000,62.9700
176.7530,13.7340,219.1500,3.0849,0.2397,3.8249,17014.7900,84.2300,2466.0000,56.0300
120.1780,39.9170,206.0900,2.0975,0.6967,3.5970,17176.3900,71.5950,333.0000,20.5900
357.3240,7.9820,20.2000,6.2365,0.1393,0.3525,17190.7900,71.5260,171.0000,14.7600
62.7700,51.8170,315.3900,1.0956,0.9044,5.5047,641.6500,80.1620,612.0000,27.9100
232.5010,52.5000,120.9900,4.0579,0.9163,2.1117,1661.1200,82.3150,801.0000,31.9400
24.8250,26.8550,309.9400,0.4333,0.4687,5.4094,2630.1800,69.2730,99.0000,11.2300
332.3430,9.9150,23.5400,5.8005,0.1731,0.4108,2778.0000,93.2230,1692.0000,46.4100
6.0630,19.3040,325.9800,0.1058,0.3369,5.6894,2812.1200,90.6290,945.0000,34.6900
173.5460,39.9350,207.0600,3.0289,0.6970,3.6139,2904.8600,72.8570,63.0000,8.9600
166.5300,41.9780,214.0900,2.9065,0.7327,3.7365,4777.3900,104.7420,4815.0000,78.3000
298.5270,51.0160,46.3900,5.2103,0.8904,0.8096,5176.4700,88.0000,1782.0000,47.6300
26.2650,41.2050,310.4800,0.4584,0.7192,5.4189,5764.8400,86.8190,2826.0000,59.9800
49.7330,51.5130,309.9300,0.8680,0.8991,5.4093,6946.2000,83.3640,1062.0000,36.7700
159.3600,41.0230,224.5900,2.7814,0.7160,3.9198,7206.3100,102.9730,6579.0000,91.5200
100.9240,26.2440,237.2800,1.7615,0.4580,4.1414,9093.3000,72.6000,90.0000,10.7000
141.3390,44.6090,225.9700,2.4668,0.7786,3.9439,10011.0300,119.9440,10650.0000,116.4300
124.1090,6.1570,254.3300,2.1661,0.1075,4.4389,10647.3700,121.7110,10370.0000,114.9000
327.9080,38.4860,53.4800,5.7231,0.6717,0.9334,12024.4100,87.1930,1260.0000,40.0500
30.4520,19.4900,352.3400,0.5315,0.3402,6.1495,14216.6500,104.6730,2313.0000,54.2700
318.5900,44.4840,59.8800,5.5604,0.7764,1.0451,14776.3400,72.2670,405.0000,22.7100
26.5060,47.2470,318.8600,0.4626,0.8246,5.5651,15714.0000,67.5000,36.0000,6.7700
338.1870,38.1230,48.1600,5.9025,0.6654,0.8405,15735.1700,110.7770,4833.0000,78.4400
331.6210,46.1910,59.9900,5.7879,0.8062,1.0471,15772.3300,100.8240,918.0000,34.1900
347.0540,14.6770,8.3000,6.0572,0.2562,0.1449,1629.9500,96.4850,2448.0000,55.8300
159.1360,15.8290,178.3300,2.7774,0.2763,3.1124,2622.0200,100.9090,3168.0000,63.5100
1.6750,15.8030,340.7300,0.0292,0.2758,5.9468,4539.2700,97.9840,1647.0000,45.7900
37.1040,25.4410,296.7000,0.6476,0.4440,5.1785,5592.5600,94.4470,1026.0000,36.1400
329.8000,5.0880,14.5100,5.7561,0.0888,0.2533,5973.4300,89.5710,1134.0000,38.0000
325.6140,24.3290,63.3700,5.6830,0.4246,1.1060,6020.3600,101.4830,3501.0000,66.7700
229.3630,52.4790,142.3400,4.0032,0.9159,2.4843,6094.7800,94.2580,2061.0000,51.2300
177.2100,13.1610,163.5200,3.0929,0.2297,2.8540,6346.4000,98.6470,3132.0000,63.1500
312.1950,5.7670,80.6900,5.4488,0.1007,1.4083,8255.4300,117.1260,7947.0000,100.5900
0.1960,14.9020,4.6700,0.0034,0.2601,0.0814,8500.0000,92.5310,1440.0000,42.8200
329.3430,20.5330,53.6300,5.7481,0.3584,0.9361,8630.3000,91.3360,1071.0000,36.9300
142.1610,25.3290,181.1900,2.4812,0.4421,3.1624,8672.9000,95.8450,2610.0000,57.6500
327.4240,41.3150,53.1400,5.7146,0.7211,0.9274,12071.2500,79.6250,648.0000,28.7200
17.8080,43.8810,316.2000,0.3108,0.7659,5.5188,12896.3500,130.7530,8442.0000,103.6800
194.2090,18.9300,170.9900,3.3896,0.3304,2.9843,13986.1300,88.7140,1134.0000,38.0000
330.6630,23.0940,20.2200,5.7712,0.4031,0.3529,15042.0200,118.4220,5850.0000,86.3000
337.4220,28.5760,5.4100,5.8891,0.4988,0.0944,15143.2900,128.2150,15300.0000,139.5700
330.9250,33.9250,62.0300,5.7757,0.5921,1.0826,15540.2400,83.0190,468.0000,24.4100
24.0860,39.6260,318.1100,0.4204,0.6916,5.5521,16801.0400,104.2420,3987.0000,71.2500
44.1030,47.4320,316.6300,0.7698,0.8278,5.5262,254.7500,98.0170,3186.0000,63.6900
330.7110,11.8940,47.3800,5.7720,0.2076,0.8269,430.4000,85.9330,810.0000,32.1100
265.8610,11.7490,97.9200,4.6402,0.2051,1.7090,484.2700,102.8260,3204.0000,63.8700
305.6330,25.6660,44.0200,5.3343,0.4480,0.7684,2352.0700,83.1330,405.0000,22.7100
220.4140,45.9670,118.2500,3.8470,0.8023,2.0638,3085.0900,98.5680,1062.0000,36.7700
43.4350,16.2280,311.6200,0.7581,0.2832,5.4388,3161.9900,102.3970,5445.0000,83.2600
34.3990,15.8130,342.8000,0.6004,0.2760,5.9830,3311.7000,78.8000,270.0000,18.5400
321.5700,49.8330,54.3500,5.6125,0.8698,0.9485,5257.0000,73.0000,27.0000,5.8600
227.8810,12.5020,102.3200,3.9773,0.2182,1.7858,7705.0800,84.5380,351.0000,21.1400
226.2060,54.7810,145.5800,3.9480,0.9561,2.5409,8082.9000,78.3000,270.0000,18.5400
50.3490,2.9420,336.0100,0.8788,0.0514,5.8646,9112.8100,94.7370,1539.0000,44.2700
140.6150,41.4150,230.4400,2.4542,0.7228,4.0219,9285.5800,86.8900,981.0000,35.3400
120.2590,41.9740,239.8700,2.0989,0.7326,4.1866,9352.0800,89.0940,477.0000,24.6400
64.5280,22.3680,313.0400,1.1262,0.3904,5.4637,10763.6800,112.8840,5274.0000,81.9500
148.1510,50.0140,226.0700,2.5857,0.8729,3.9456,11915.6700,105.3360,6750.0000,92.7100
336.0200,4.7440,39.9600,5.8647,0.0828,0.6974,12617.9300,87.7440,1089.0000,37.2400
339.1860,41.5170,46.5200,5.9199,0.7246,0.8119,12934.9600,77.1920,234.0000,17.2600
99.5510,25.7420,268.4800,1.7375,0.4493,4.6859,13087.4100,90.8180,1287.0000,40.4800
147.4520,27.2310,229.9300,2.5735,0.4753,4.0130,13169.5400,89.2890,1215.0000,39.3300
19.6970,48.6070,324.9400,0.3438,0.8484,5.6712,16572.0000,75.7500,108.0000,11.7300
201.3230,9.6010,165.0400,3.5138,0.1676,2.8805,298.1000,89.4190,837.0000,32.6500
192.0830,48.2650,132.2200,3.3525,0.8424,2.3076,618.2300,87.9680,837.0000,32.6500
333.2870,27.1650,14.7400,5.8170,0.4741,0.2572,2401.4500,101.7740,3231.0000,64.1400
199.8680,42.4780,132.8200,3.4884,0.7414,2.3181,2500.9700,107.2960,4104.0000,72.2900
317.8460,50.1080,49.8600,5.5475,0.8746,0.8703,3411.4100,106.3860,2124.0000,52.0000
39.7980,36.8400,310.6100,0.6946,0.6430,5.4211,3699.2100,98.1790,1512.0000,43.8800
122.0430,48.9060,217.0400,2.1301,0.8536,3.7881,5140.5000,88.6130,720.0000,30.2800
24.3620,27.7450,329.4500,0.4252,0.4842,5.7499,5270.6100,83.8700,621.0000,28.1200
156.5560,29.9210,210.0900,2.7324,0.5222,3.6667,5431.9800,85.2630,342.0000,20.8700
199.2330,19.5280,197.9800,3.4773,0.3408,3.4555,7990.6400,90.2380,909.0000,34.0200
217.8630,39.4900,176.5400,3.8024,0.6892,3.0811,8337.9300,134.4410,6714.0000,92.4600
345.4830,19.3660,23.3500,6.0298,0.3380,0.4076,8465.6000,86.8640,594.0000,27.5000
212.6630,35.9050,165.5500,3.7117,0.6267,2.8893,8946.3200,97.8570,2196.0000,52.8800
351.7580,20.8750,37.5700,6.1393,0.3643,0.6557,9054.1200,122.0370,6561.0000,91.4000
24.7040,20.6710,359.7400,0.4312,0.3608,6.2787,9217.0500,102.2270,2142.0000,52.2200
341.7790,4.2320,35.6400,5.9652,0.0739,0.6221,9560.2700,104.0760,2133.0000,52.1100
154.4860,17.7450,216.5300,2.6963,0.3097,3.7792,10461.3500,91.7750,1080.0000,37.0800
8.0430,39.5950,336.8900,0.1404,0.6911,5.8798,11659.0600,84.1760,153.0000,13.9600
331.7300,41.6870,43.7800,5.7898,0.7276,0.7641,12052.2100,96.4570,945.0000,34.6900
298.5880,33.7700,93.2700,5.2113,0.5894,1.6280,13600.8500,116.4930,3726.0000,68.8800
331.1150,53.4350,49.6900,5.7791,0.9326,0.8672,14790.0000,78.0000,27.0000,5.8600
22.5380,41.1550,317.4500,0.3934,0.7183,5.5405,15589.6500,124.1300,8127.0000,101.7200
14.5130,42.4180,315.5600,0.2533,0.7403,5.5076,15621.1300,90.0250,1098.0000,37.3900
152.2760,52.6110,218.9000,2.6577,0.9182,3.8205,16174.2500,110.8880,4338.0000,74.3200
167.3240,16.4150,221.8600,2.9204,0.2865,3.8722,17008.0600,128.7400,10710.0000,116.7700
351.2160,42.6700,40.4200,6.1299,0.7447,0.7055,17242.1800,117.2860,3492.0000,66.6800
210.1980,28.2880,122.5400,3.6687,0.4937,2.1388,847.0600,116.2940,3555.0000,67.2800
6.8890,14.2770,345.1500,0.1202,0.2492,6.0240,1314.8400,103.8690,1791.0000,47.7500
190.3940,35.4370,139.0500,3.3230,0.6185,2.4269,1389.6000,102.4990,3033.0000,62.1400
335.4250,8.1050,16.5700,5.8543,0.1415,0.2892,1677.8100,100.3780,666.0000,29.1200
220.6540,50.4170,137.0000,3.8511,0.8799,2.3911,1866.8100,103.6090,1728.0000,46.9100
327.5010,53.2390,44.0900,5.7160,0.9292,0.7695,3458.0500,108.4830,2070.0000,51.3400
22.1720,50.3650,318.9700,0.3870,0.8790,5.5670,3492.0400,101.4940,747.0000,30.8400
238.2150,7.5840,96.5900,4.1576,0.1324,1.6858,5467.2900,112.9130,5364.0000,82.6400
15.2960,37.9700,355.9600,0.2670,0.6627,6.2127,6741.1900,115.2200,4095.0000,72.2100
39.3490,21.3970,338.5200,0.6868,0.3735,5.9082,7408.1200,103.3950,1800.0000,47.8700
341.8390,11.2060,42.7000,5.9662,0.1956,0.7453,8443.7400,128.6290,7425.0000,97.2300
341.0170,14.1740,47.0700,5.9519,0.2474,0.8215,9172.9800,101.3650,2340.0000,54.5800
196.1240,43.0940,181.3000,3.4230,0.7521,3.1643,10232.7400,109.4770,4770.0000,77.9300
228.9490,41.4680,133.7500,3.9959,0.7238,2.3343,10359.4100,99.4640,1980.0000,50.2100
224.2850,54.4400,121.7100,3.9145,0.9502,2.1243,11635.5800,102.0140,1962.0000,49.9800
160.7020,23.8490,213.5500,2.8048,0.4162,3.7271,12176.8200,110.6280,1161.0000,38.4500
345.9360,42.1880,46.5900,6.0377,0.7363,0.8131,12297.6000,79.8000,45.0000,7.5700
334.3690,38.8570,54.0000,5.8358,0.6782,0.9425,13448.3100,104.0340,2151.0000,52.3300
302.3370,15.0150,38.1100,5.2768,0.2621,0.6652,14738.2400,150.1820,12340.0000,125.3400
14.7050,4.8030,300.9900,0.2566,0.0838,5.2532,15253.8900,96.1290,1260.0000,40.0500
356.3440,38.2680,320.6000,6.2194,0.6679,5.5955,17226.7500,83.5000,108.0000,11.7300
68.2580,15.7080,277.2600,1.1913,0.2742,4.8391,1327.0000,83.0000,27.0000,5.8600
159.6370,35.6870,221.0300,2.7862,0.6229,3.8577,2581.7300,102.7750,1080.0000,37.0800
250.1710,16.8870,123.9800,4.3663,0.2947,2.1638,4231.3200,117.2430,2997.0000,61.7700
32.5330,12.3600,315.7300,0.5678,0.2157,5.5106,4503.6900,99.1840,1611.0000,45.2900
159.3910,51.8280,226.3600,2.7819,0.9046,3.9508,4833.3200,121.5670,3618.0000,67.8700
32.0100,45.9950,320.4500,0.5587,0.8028,5.5929,6604.8200,93.6890,549.0000,26.4400
115.6210,27.7370,241.7200,2.0180,0.4841,4.2189,6661.3500,120.9940,4428.0000,75.0900
230.0350,51.7030,133.3700,4.0149,0.9024,2.3277,6931.5400,116.0270,3357.0000,65.3800
179.0440,41.2090,139.7100,3.1249,0.7192,2.4384,6992.0400,108.3460,2655.0000,58.1400
124.3330,2.6740,270.9400,2.1700,0.0467,4.7288,8172.2300,116.1120,4923.0000,79.1700
12.3370,43.7170,8.6100,0.2153,0.7630,0.1502,8989.0500,105.8060,1809.0000,47.9900
317.1780,36.2850,62.0800,5.5358,0.6333,1.0834,9259.5900,95.5910,594.0000,27.5000
161.3780,21.8640,209.9000,2.8166,0.3816,3.6635,9871.2000,114.9180,2970.0000,61.4900
136.4720,16.7480,241.6700,2.3819,0.2923,4.2179,10851.0100,114.5130,4266.0000,73.7000
312.8350,43.0230,66.9800,5.4600,0.7509,1.1690,11246.2300,107.5080,2142.0000,52.2200
20.2710,30.6770,311.0100,0.3538,0.5354,5.4282,12669.1600,90.6920,351.0000,21.1400
216.6510,12.0140,152.0100,3.7813,0.2097,2.6532,12785.2200,111.4930,2574.0000,57.2500
325.9870,48.2870,51.5400,5.6896,0.8428,0.8996,14896.0200,90.7800,450.0000,23.9400
8.1300,46.7780,323.2000,0.1419,0.8164,5.6409,17194.7300,98.1400,1413.0000,42.4200
49.3190,3.9680,285.5500,0.8608,0.0693,4.9838,146.4900,106.1080,2169.0000,52.5500
26.0330,16.3780,311.4400,0.4544,0.2859,5.4357,202.7900,115.9880,2934.0000,61.1200
146.9000,38.1410,230.5400,2.5639,0.6657,4.0236,918.1900,116.5580,3483.0000,66.5900
151.3730,9.9810,198.5300,2.6420,0.1742,3.4650,1152.2700,95.3180,198.0000,15.8800
324.4790,48.8470,42.7000,5.6632,0.8525,0.7452,2014.0700,138.8130,6111.0000,88.2100
164.0760,22.0100,174.7400,2.8637,0.3841,3.0498,2071.2000,114.4190,2961.0000,61.4000
325.1130,56.3930,45.1000,5.6743,0.9843,0.7871,2928.1600,88.7370,171.0000,14.7600
146.1240,48.3110,212.1700,2.5503,0.8432,3.7031,3102.4000,108.2780,873.0000,33.3400
182.0440,16.5380,220.4700,3.1773,0.2886,3.8480,3220.3500,128.5720,3915.0000,70.6000
348.1030,7.2740,28.0800,6.0756,0.1270,0.4901,3331.9500,127.0210,3465.0000,66.4200
31.2090,50.4360,316.9500,0.5447,0.8803,5.5319,3480.6900,90.0000,117.0000,12.2100
24.3510,33.3360,338.2800,0.4250,0.5818,5.9041,4311.0000,87.0000,27.0000,5.8600
329.9580,36.6580,58.2200,5.7589,0.6398,1.0161,4659.9200,106.9260,1332.0000,41.1800
28.2050,14.4620,318.1400,0.4923,0.2524,5.5526,5695.8800,118.0890,2925.0000,61.0300
238.1110,46.7180,132.5300,4.1558,0.8154,2.3132,6123.5500,103.5370,738.0000,30.6500
180.8610,19.2110,209.4700,3.1566,0.3353,3.6559,6193.5800,119.4030,7731.0000,99.2100
227.3930,53.9830,131.5700,3.9688,0.9422,2.2963,7312.8600,111.7630,2691.0000,58.5300
11.9170,41.7310,322.8100,0.2080,0.7283,5.6342,8083.1700,92.3330,324.0000,20.3100
348.0650,22.3600,35.0100,6.0749,0.3903,0.6110,8835.0200,120.5850,5400.0000,82.9200
28.6340,31.9890,344.9100,0.4998,0.5583,6.0199,11004.4500,103.4470,1269.0000,40.2000
323.5730,56.6040,48.0800,5.6474,0.9879,0.8392,11422.0000,91.0000,81.0000,10.1600
129.3880,52.6390,220.6600,2.2583,0.9187,3.8513,12219.3100,134.3680,6147.0000,88.4700
118.7760,53.1420,221.1400,2.0730,0.9275,3.8596,12251.5200,95.0910,891.0000,33.6800
111.0050,49.2180,215.4900,1.9374,0.8590,3.7610,12292.3700,124.3330,3969.0000,71.0900
130.0600,4.9290,238.8900,2.2700,0.0860,4.1695,12940.3700,90.9550,198.0000,15.8800
21.6240,4.9550,308.6800,0.3774,0.0865,5.3875,13133.2300,106.3380,1917.0000,49.4000
50.4120,21.0550,290.9300,0.8799,0.3675,5.0777,13734.4200,110.8620,783.0000,31.5700
141.5220,52.0880,217.7300,2.4700,0.9091,3.8002,13758.3100,112.6000,1755.0000,47.2700
52.5630,35.9460,298.3500,0.9174,0.6274,5.2072,13943.5200,110.9900,2637.0000,57.9400
200.1680,10.5880,178.8900,3.4936,0.1848,3.1222,16280.9300,121.1040,7902.0000,100.3100
66.4570,8.4560,268.5300,1.1599,0.1476,4.6867,16865.3200,128.7370,7299.0000,96.4000
30.9110,21.7170,310.0000,0.5395,0.3790,5.4106,354.8800,116.2620,5418.0000,83.0600
323.1850,47.6740,36.8400,5.6407,0.8321,0.6430,578.4100,122.8150,4221.0000,73.3100
205.0150,36.6630,127.0400,3.5782,0.6399,2.2173,1052.5100,148.4230,10680.0000,116.6300
8.3590,40.6550,345.8200,0.1459,0.7096,6.0357,1482.4300,103.0390,1143.0000,38.1500
24.4490,16.0750,322.3500,0.4267,0.2806,5.6261,1593.0000,101.5120,387.0000,22.2000
143.0870,56.5190,230.8500,2.4973,0.9865,4.0291,2675.6800,131.5320,5481.0000,83.5400
322.8890,22.1250,18.5400,5.6355,0.3862,0.3236,2856.7600,101.5840,1557.0000,44.5200
211.0170,56.6020,126.5500,3.6830,0.9879,2.2088,2905.5600,95.3400,450.0000,23.9400
48.7180,49.3620,307.3600,0.8503,0.8615,5.3645,3727.0000,89.0000,27.0000,5.8600
1.1160,23.6180,357.9900,0.0195,0.4122,6.2481,4332.0500,106.3700,1242.0000,39.7700
315.2590,39.2500,56.5900,5.5023,0.6850,0.9877,4400.8900,126.3640,4680.0000,77.1900
86.7400,10.4000,256.3500,1.5139,0.1815,4.4742,5111.9000,143.5610,9648.0000,110.8300
348.4520,47.3110,43.8000,6.0816,0.8257,0.7644,6060.2500,97.6220,333.0000,20.5900
153.8050,41.2360,228.6500,2.6844,0.7197,3.9906,7041.9300,118.0480,2835.0000,60.0800
194.3610,31.2200,124.8900,3.3922,0.5449,2.1797,7062.2500,95.2500,108.0000,11.7300
208.0520,23.0810,128.8800,3.6312,0.4028,2.2494,7363.7500,114.9120,2250.0000,53.5200
161.0460,21.4780,224.6800,2.8108,0.3749,3.9214,7570.9400,116.1150,2106.0000,51.7800
143.9040,10.1020,235.6800,2.5116,0.1763,4.1134,7632.6500,143.3960,7290.0000,96.3400
229.7480,34.7350,117.7200,4.0099,0.6062,2.0546,7681.3300,105.1690,1278.0000,40.3400
166.6470,19.3370,210.9100,2.9085,0.3375,3.6811,9245.2500,90.3750,72.0000,9.5700
32.6610,6.0230,344.5200,0.5700,0.1051,6.0131,10559.1500,138.5950,8217.0000,102.2800
186.4500,33.8530,134.5800,3.2542,0.5909,2.3489,10711.2900,108.7380,1134.0000,38.0000
202.9770,30.3800,177.4700,3.5426,0.5302,3.0974,11161.9700,102.8020,909.0000,34.0200
156.0950,45.5120,227.9300,2.7244,0.7943,3.9782,11467.9500,120.8430,2403.0000,55.3100
27.3670,30.9430,312.2700,0.4776,0.5401,5.4502,14104.8900,122.8190,3438.0000,66.1600
69.3140,15.3970,276.4800,1.2098,0.2687,4.8255,1312.5000,90.0000,18.0000,4.7900
341.3110,29.2740,356.1800,5.9570,0.5109,6.2164,2938.5400,123.4490,4086.0000,72.1300
160.8640,39.8310,228.6700,2.8076,0.6952,3.9910,3284.4100,133.2410,5004.0000,79.8200
313.7650,22.6300,8.3500,5.4762,0.3950,0.1457,5232.0500,114.0980,2214.0000,53.0900
141.5510,53.8730,223.4100,2.4705,0.9403,3.8993,5301.0500,102.5540,585.0000,27.2900
1.9950,29.1990,5.6800,0.0348,0.5096,0.0992,6857.7200,117.8100,3735.0000,68.9600
168.5620,42.2440,223.6100,2.9420,0.7373,3.9028,7149.9000,117.4170,1944.0000,49.7500
171.8820,15.6160,213.5800,2.9999,0.2726,3.7276,7726.6900,156.8320,11230.0000,119.5900
206.9720,41.2800,122.2600,3.6124,0.7205,2.1338,10496.7600,101.8260,774.0000,31.3900
192.3290,23.1210,185.8700,3.3568,0.4035,3.2441,11210.1800,106.4840,855.0000,32.9900
253.9370,15.0040,136.9900,4.4320,0.2619,2.3909,11318.9400,116.6780,2853.0000,60.2700
130.2770,46.1170,247.7500,2.2738,0.8049,4.3241,11427.8800,99.1760,153.0000,13.9600
155.8530,34.1070,225.4000,2.7201,0.5953,3.9339,11526.2600,127.1100,4401.0000,74.8600
193.9510,34.2940,172.5200,3.3851,0.5985,3.0111,12088.8500,138.7900,6390.0000,90.2000
217.5020,52.7170,126.0900,3.7961,0.9201,2.2007,12533.8600,118.3260,774.0000,31.3900
19.2700,45.4580,314.3400,0.3363,0.7934,5.4863,12609.1800,167.1040,14490.0000,135.8300
75.4130,7.6380,299.9200,1.3162,0.1333,5.2346,12656.0000,111.2430,1557.0000,44.5200
25.6840,21.9700,309.2800,0.4483,0.3835,5.3980,13176.5700,125.9770,2367.0000,54.9000
172.4220,35.2260,213.5300,3.0093,0.6148,3.7267,13885.7500,128.3870,4401.0000,74.8600
184.7120,33.7730,167.7500,3.2238,0.5894,2.9278,14359.2800,100.0910,297.0000,19.4500
184.0350,36.6220,168.1300,3.2120,0.6392,2.9343,14520.1700,114.0140,1980.0000,50.2100
135.9760,20.0670,241.1900,2.3732,0.3502,4.2096,372.3000,94.2000,90.0000,10.7000
225.1920,51.1970,135.6200,3.9304,0.8936,2.3671,1450.2300,129.1260,3438.0000,66.1600
150.8340,49.4300,212.7600,2.6326,0.8627,3.7134,2347.5900,113.5950,1602.0000,45.1600
176.5120,36.2890,214.9900,3.0807,0.6334,3.7523,2557.4400,129.2220,2925.0000,61.0300
349.3380,36.8620,53.9100,6.0971,0.6434,0.9408,3731.9400,111.0300,909.0000,34.0200
45.4120,46.8970,311.3300,0.7926,0.8185,5.4337,3771.9700,113.4920,1593.0000,45.0400
1.4200,10.7190,321.1800,0.0248,0.1871,5.6056,8097.6700,115.9440,1944.0000,49.7500
197.4240,12.9320,135.2200,3.4457,0.2257,2.3600,8385.4000,144.0770,3159.0000,63.4200
162.9750,43.1780,211.9800,2.8445,0.7536,3.6998,9821.8100,122.8400,2358.0000,54.7900
168.9650,32.8060,225.3900,2.9490,0.5726,3.9338,11994.0000,100.6960,207.0000,16.2300
123.3800,7.1720,238.4700,2.1534,0.1252,4.1621,12811.0000,95.0000,27.0000,5.8600
11.9370,44.1830,319.4100,0.2083,0.7712,5.5748,13240.3100,132.9380,5760.0000,85.6400
340.8360,48.5510,51.4500,5.9487,0.8474,0.8980,13349.4600,97.9090,99.0000,11.2300
352.2770,18.7860,350.4600,6.1484,0.3279,6.1167,14944.4900,153.0420,9765.0000,111.5000
107.3920,7.3660,247.4500,1.8743,0.1286,4.3187,1285.5800,104.5260,171.0000,14.7600
321.7770,3.4710,49.7500,5.6161,0.0606,0.8683,4022.7000,110.2880,531.0000,26.0000
193.8480,38.0560,153.7700,3.3833,0.6642,2.6837,4556.3700,130.7530,3357.0000,65.3800
82.3820,17.5580,303.2900,1.4378,0.3065,5.2935,5275.3600,119.9540,1755.0000,47.2700
348.8730,16.8410,347.6300,6.0890,0.2939,6.0672,5344.3800,106.6970,1098.0000,37.3900
216.8540,38.8400,128.1400,3.7848,0.6779,2.2365,7119.6400,113.1350,468.0000,24.4100
141.3830,46.2970,240.0500,2.4676,0.8080,4.1897,7536.0000,100.0000,54.0000,8.2900
164.0080,13.0460,213.9200,2.8625,0.2277,3.7335,10383.2600,127.0070,2547.0000,56.9500
197.6180,9.6840,181.9100,3.4491,0.1690,3.1749,10451.5100,125.0710,3051.0000,62.3300
222.5890,51.6870,125.3600,3.8849,0.9021,2.1880,12516.0000,97.5000,36.0000,6.7700
358.0890,26.0320,318.6400,6.2498,0.4543,5.5612,12962.9700,125.7160,2187.0000,52.7700
255.8560,17.3510,77.3800,4.4655,0.3028,1.3505,13314.3800,117.4740,2448.0000,55.8300
8.5110,44.2610,321.9200,0.1486,0.7725,5.6186,13341.5000,99.5000,54.0000,8.2900
165.6950,24.8730,218.5100,2.8919,0.4341,3.8137,13382.7000,119.9810,2880.0000,60.5600
230.8650,9.6520,147.8300,4.0294,0.1685,2.5802,14138.8500,106.7590,522.0000,25.7800
339.8230,31.8660,48.6700,5.9310,0.5562,0.8494,14179.9700,118.4160,1602.0000,45.1600
218.0720,45.8210,154.6300,3.8061,0.7997,2.6988,14880.0500,156.2400,5841.0000,86.2400
32.0240,17.6400,4.8900,0.5589,0.3079,0.0854,15312.3900,123.7100,2547.0000,56.9500
218.2420,20.1770,121.4700,3.8091,0.3522,2.1201,415.7900,117.8080,468.0000,24.4100
177.4110,25.1090,206.5200,3.0964,0.4382,3.6045,437.0900,134.4230,2808.0000,59.7900
133.8220,38.2360,231.4600,2.3356,0.6673,4.0397,5408.4600,125.2310,1827.0000,48.2300
83.6390,20.6300,257.9200,1.4598,0.3601,4.5015,5947.5400,122.1180,1989.0000,50.3200
205.0800,44.7140,137.6900,3.5793,0.7804,2.4032,6429.7700,111.8050,738.0000,30.6500
336.5990,28.7100,47.1600,5.8748,0.5011,0.8231,8634.7800,135.1320,3078.0000,62.6000
312.8200,42.8180,65.7100,5.4597,0.7473,1.1469,8762.6600,129.3260,2565.0000,57.1500
170.2510,22.4750,173.4700,2.9714,0.3923,3.0277,10301.3200,147.7200,8136.0000,101.7800
200.0940,47.4640,126.6400,3.4923,0.8284,2.2103,11665.1700,116.8620,783.0000,31.5700
173.1240,29.1730,211.1300,3.0216,0.5092,3.6850,12012.4100,120.2080,1944.0000,49.7500
123.8240,49.6740,222.7400,2.1611,0.8670,3.8876,12813.8400,118.2000,450.0000,23.9400
304.1100,43.0860,84.2900,5.3077,0.7520,1.4711,13468.9200,128.4040,1494.0000,43.6100
150.7160,22.9350,227.3500,2.6305,0.4003,3.9681,16374.8100,147.7180,7938.0000,100.5300
129.5640,16.0590,259.3500,2.2613,0.2803,4.5264,16478.2800,135.5710,5346.0000,82.5000
160.8020,21.6980,230.2500,2.8065,0.3787,4.0186,16588.3800,146.9530,9162.0000,108.0100
205.0390,50.4620,136.7600,3.5786,0.8807,2.3869,631.9600,123.6820,1782.0000,47.6300
135.6480,17.3680,205.7600,2.3675,0.3031,3.5912,1147.2900,111.6430,126.0000,12.6700
169.8900,38.4930,185.4200,2.9651,0.6718,3.2361,1431.0000,103.5000,18.0000,4.7900
152.6930,39.0820,193.0300,2.6650,0.6821,3.3689,2108.1700,121.2290,747.0000,30.8400
182.7510,30.1490,152.4200,3.1896,0.5262,2.6603,2463.8300,140.8500,3429.0000,66.0800
153.6880,29.9220,222.6700,2.6824,0.5222,3.8863,2723.8100,115.1880,864.0000,33.1700
8.6470,29.8200,310.9100,0.1509,0.5205,5.4263,2781.0100,152.7040,3465.0000,66.4200
338.8330,34.5830,3.9300,5.9138,0.6036,0.0686,2884.0200,125.4680,1674.0000,46.1700
319.3470,26.1200,56.6700,5.5737,0.4559,0.9891,4191.9400,120.8670,810.0000,32.1100
330.1870,17.1560,46.5000,5.7629,0.2994,0.8115,4290.8800,126.4940,2187.0000,52.7700
162.7800,46.2840,225.9200,2.8411,0.8078,3.9431,4480.8200,127.6330,2034.0000,50.8900
275.7140,5.9230,70.9800,4.8121,0.1034,1.2389,5813.8900,107.8850,234.0000,17.2600
184.7910,9.7780,210.8300,3.2252,0.1707,3.6796,8007.4100,139.5780,4518.0000,75.8500
218.9750,33.0700,169.5800,3.8218,0.5772,2.9597,8057.8300,121.5770,1233.0000,39.6200
158.2490,11.3120,225.7500,2.7620,0.1974,3.9401,9271.9700,111.3100,261.0000,18.2300
227.1380,38.1700,126.1200,3.9643,0.6662,2.2012,10958.5300,182.3830,19340.0000,156.9300
144.4870,35.9940,249.3900,2.5218,0.6282,4.3527,11415.3100,126.2690,1305.0000,40.7600
34.1370,45.1150,337.6100,0.5958,0.7874,5.8923,11786.2500,130.4190,3177.0000,63.6000
230.2430,50.7240,125.8600,4.0185,0.8853,2.1967,12503.1300,110.1720,522.0000,25.7800
224.2880,45.0780,123.0000,3.9146,0.7868,2.1468,12524.3400,112.9020,369.0000,21.6800
135.7360,47.6040,217.1000,2.3690,0.8309,3.7891,12753.4600,118.9830,531.0000,26.0000
124.3080,7.1040,237.6700,2.1696,0.1240,4.1480,12824.6400,118.2000,225.0000,16.9300
218.7470,47.4400,134.9100,3.8179,0.8280,2.3547,1784.1400,142.7310,3681.0000,68.4600
51.0710,18.5420,329.1900,0.8914,0.3236,5.7454,3660.1300,126.3590,1503.0000,43.7500
183.7750,20.9460,149.9000,3.2075,0.3656,2.6163,3896.9600,135.2930,5715.0000,85.3000
9.3760,41.5150,316.7600,0.1637,0.7246,5.5284,5773.9100,120.8990,2493.0000,56.3400
138.6840,42.4050,228.5700,2.4205,0.7401,3.9893,5852.2000,131.5000,2862.0000,60.3700
168.5530,38.9330,229.0100,2.9418,0.6795,3.9971,6610.2200,152.0350,5481.0000,83.5400
20.2720,44.9950,310.3400,0.3538,0.7853,5.4164,8722.5000,130.4540,1764.0000,47.3900
145.5160,21.9660,221.4300,2.5397,0.3834,3.8646,9246.7700,132.0290,1881.0000,48.9400
203.6340,39.6230,141.4300,3.5541,0.6915,2.4685,11140.2500,113.0000,216.0000,16.5800
159.2970,48.1850,228.1200,2.7803,0.8410,3.9814,12438.5300,142.6120,2529.0000,56.7500
224.2560,57.2290,133.5500,3.9140,0.9988,2.3309,12457.2000,107.4000,45.0000,7.5700
31.8850,39.9300,309.9400,0.5565,0.6969,5.4096,13064.3100,111.2310,117.0000,12.2100
42.8990,50.7270,312.7800,0.7487,0.8853,5.4591,14325.7300,128.7300,2304.0000,54.1600
38.3800,42.8900,299.9900,0.6699,0.7486,5.2358,14814.7700,162.2640,6453.0000,90.6400
26.2860,47.2380,318.9900,0.4588,0.8245,5.5675,15687.7800,115.5000,414.0000,22.9600
345.2040,45.3550,36.1900,6.0250,0.7916,0.6317,120.4200,181.6020,16120.0000,143.2600
336.8140,41.5330,14.4700,5.8785,0.7249,0.2526,1524.5300,143.5400,3870.0000,70.2000
357.9880,23.7980,337.9400,6.2481,0.4154,5.8982,2817.0700,125.4330,1143.0000,38.1500
193.5440,22.2570,152.3100,3.3780,0.3885,2.6583,3998.5800,133.2840,1935.0000,49.6400
112.8890,15.5660,256.7100,1.9703,0.2717,4.4804,4005.6000,109.8000,45.0000,7.5700
0.3670,34.2450,331.1400,0.0064,0.5977,5.7794,5189.7200,142.5900,3906.0000,70.5200
159.3540,38.1330,220.8300,2.7813,0.6656,3.8542,6321.9400,139.6650,2286.0000,53.9500
57.4560,41.5880,306.3000,1.0028,0.7259,5.3460,6385.2100,142.1710,3942.0000,70.8500
147.7750,39.4990,230.8500,2.5792,0.6894,4.0291,7799.2000,125.6910,873.0000,33.3400
210.5530,25.2520,133.2600,3.6748,0.4407,2.3259,9290.6700,141.9210,2169.0000,52.5500
149.6680,18.5170,236.4300,2.6122,0.3232,4.1266,10081.1700,125.2140,1134.0000,38.0000
35.3700,49.0830,316.8600,0.6173,0.8567,5.5303,11102.4100,125.7440,1053.0000,36.6200
320.4250,36.4990,69.8700,5.5925,0.6370,1.2195,11192.9600,127.7930,1656.0000,45.9200
4.1630,43.8850,0.0400,0.0727,0.7659,0.0007,12144.6800,123.3950,684.0000,29.5100
219.8330,48.7940,131.7900,3.8368,0.8516,2.3002,12481.4600,132.0660,2052.0000,51.1100
188.9050,24.1370,146.1100,3.2970,0.4213,2.5502,13098.3400,150.2860,6039.0000,87.6900
1.8770,44.6060,326.6600,0.0328,0.7785,5.7013,14151.6300,142.2210,2034.0000,50.8900
338.6650,38.5690,5.3900,5.9108,0.6732,0.0942,15245.6100,154.1910,6687.0000,92.2700
33.9010,15.0130,344.2300,0.5917,0.2620,6.0079,16517.0000,111.5000,54.0000,8.2900
278.9300,25.0990,102.3100,4.8682,0.4381,1.7856,16527.0100,116.5560,243.0000,17.5900
17.1060,38.4520,322.1500,0.2986,0.6711,5.6226,17179.2700,132.3370,3285.0000,64.6700
218.2160,36.0230,115.5300,3.8086,0.6287,2.0164,770.9000,144.8790,3807.0000,69.6200
323.4580,35.6560,16.8100,5.6454,0.6223,0.2935,1584.9700,139.2270,3456.0000,66.3300
317.3740,51.6880,43.5300,5.5392,0.9021,0.7597,2746.3700,121.0290,315.0000,20.0300
1.1190,34.6560,13.1700,0.0195,0.6049,0.2298,3365.7700,114.4620,117.0000,12.2100
51.5060,51.8560,303.7700,0.8990,0.9051,5.3019,3803.2000,121.4630,369.0000,21.6800
185.2060,30.3060,151.5000,3.2325,0.5289,2.6443,3956.4700,145.4750,2178.0000,52.6600
227.9130,15.0980,120.1700,3.9778,0.2635,2.0973,6070.3500,146.8200,4059.0000,71.8900
170.0540,40.5970,218.4600,2.9680,0.7086,3.8129,6518.0000,144.7180,7218.0000,95.8700
16.6410,35.8300,12.4700,0.2904,0.6254,0.2177,8546.5900,174.8750,10960.0000,118.1400
322.7370,30.0350,58.1300,5.6328,0.5242,1.0145,8795.7200,121.3570,378.0000,21.9400
212.9510,44.7800,141.6200,3.7167,0.7816,2.4717,8935.3500,129.0000,1521.0000,44.0100
18.6710,7.3390,328.8300,0.3259,0.1281,5.7391,9121.5100,168.2930,10240.0000,114.2000
145.1200,38.1600,221.6800,2.5328,0.6660,3.8691,10116.7400,124.2000,405.0000,22.7100
14.6770,33.0580,315.9600,0.2562,0.5770,5.5146,13032.1600,159.4220,4860.0000,78.6600
32.9580,52.2270,317.6400,0.5752,0.9115,5.5439,14354.2800,137.4760,927.0000,34.3600
4.0880,33.8860,326.5000,0.0714,0.5914,5.6985,1271.0100,129.8740,927.0000,34.3600
201.5380,34.0290,135.9200,3.5175,0.5939,2.3722,1369.7700,161.1300,8847.0000,106.1300
207.7600,46.7760,143.3700,3.6261,0.8164,2.5023,1630.8500,159.5790,3312.0000,64.9400
200.8680,50.9380,131.5700,3.5058,0.8890,2.2963,1909.1200,144.5830,4167.0000,72.8400
322.8450,51.6020,48.2000,5.6347,0.9006,0.8412,3141.1700,160.9020,3024.0000,62.0500
165.1660,22.4950,159.8700,2.8827,0.3926,2.7903,4056.8700,147.7870,3978.0000,71.1700
195.6210,9.5750,122.8700,3.4142,0.1671,2.1444,4610.4300,168.3840,9432.0000,109.5900
167.2190,14.5720,173.4400,2.9185,0.2543,3.0272,5324.3500,147.5010,3825.0000,69.7900
60.0320,16.0290,280.1000,1.0478,0.2798,4.8886,5359.0000,125.5630,864.0000,33.1700
339.1240,14.2190,45.6000,5.9188,0.2482,0.7958,5984.7400,139.5510,1323.0000,41.0400
210.4720,48.7480,128.0500,3.6734,0.8508,2.2348,6290.0900,143.9580,1278.0000,40.3400
114.3450,44.7980,246.5100,1.9957,0.7819,4.3024,8121.3200,147.2080,2205.0000,52.9900
324.5770,4.7350,61.2600,5.6649,0.0827,1.0693,9106.0000,116.0000,27.0000,5.8600
184.7640,11.5570,194.3400,3.2248,0.2017,3.3918,11732.8500,141.5960,2538.0000,56.8500
142.0320,38.3590,234.5600,2.4789,0.6695,4.0939,12684.4700,131.5640,990.0000,35.5000
34.2290,43.2350,313.0200,0.5974,0.7546,5.4633,14447.1500,155.0750,7650.0000,98.6900
352.5100,43.7960,36.8400,6.1525,0.7644,0.6429,17095.7200,118.7140,63.0000,8.9600
316.9410,10.5790,72.3600,5.5317,0.1846,1.2630,285.7300,149.0980,3501.0000,66.7700
146.2680,32.0610,201.3900,2.5529,0.5596,3.5150,1201.4400,177.3050,10720.0000,116.8200
201.0770,37.1140,153.4300,3.5095,0.6478,2.6779,1669.2900,142.0820,1422.0000,42.5500
333.3200,51.9190,42.6600,5.8175,0.9062,0.7445,1680.4000,119.8000,135.0000,13.1100
145.2700,56.8680,225.3300,2.5354,0.9925,3.9328,1698.1700,133.0750,477.0000,24.6400
33.1000,44.0700,325.5400,0.5777,0.7692,5.6817,1837.0300,145.1470,2259.0000,53.6300
356.6880,7.8900,14.4900,6.2254,0.1377,0.2528,3373.0600,133.7710,945.0000,34.6900
36.9250,41.0440,300.4600,0.6445,0.7164,5.2441,3581.2100,120.7890,171.0000,14.7600
160.0270,27.5020,225.4400,2.7930,0.4800,3.9346,3696.0400,161.9720,5697.0000,85.1700
305.3890,18.8650,66.1600,5.3301,0.3293,1.1548,4332.9000,134.6580,1026.0000,36.1400
170.0460,44.2270,182.9300,2.9679,0.7719,3.1928,5581.2400,151.8300,2376.0000,55.0000
25.7080,43.4310,313.9700,0.4487,0.7580,5.4798,5887.0000,133.2220,486.0000,24.8800
155.4560,43.5990,218.3800,2.7132,0.7609,3.8115,6262.8100,141.3590,1431.0000,42.6800
208.5070,10.5690,124.3700,3.6391,0.1845,2.1706,7542.4100,134.2350,459.0000,24.1700
166.9470,37.4740,220.3400,2.9138,0.6541,3.8457,9931.2400,147.8760,3699.0000,68.6300
172.6030,7.3480,159.9300,3.0125,0.1282,2.7914,11125.6800,135.0000,774.0000,31.3900
209.4060,27.0050,180.7300,3.6548,0.4713,3.1543,11170.2700,143.9120,1836.0000,48.3500
169.9890,46.7060,214.6500,2.9669,0.8152,3.7464,11300.7500,164.3250,5715.0000,85.3000
161.1700,30.7050,229.9400,2.8129,0.5359,4.0132,11609.5200,163.6660,7083.0000,94.9700
171.8200,43.1750,217.8300,2.9988,0.7535,3.8018,11884.5100,144.6630,5211.0000,81.4500
241.3220,46.4820,134.2300,4.2119,0.8113,2.3428,15523.2800,155.1770,3249.0000,64.3200
170.9840,21.6330,175.1000,2.9842,0.3776,3.0560,16764.7000,131.6250,504.0000,25.3300
219.5190,49.8450,150.8600,3.8313,0.8700,2.6331,531.0600,164.8670,3645.0000,68.1200
196.8150,41.5440,134.2800,3.4351,0.7251,2.3436,1145.0500,124.8950,171.0000,14.7600
193.4290,34.6020,184.6800,3.3760,0.6039,3.2232,2316.6200,146.0710,1512.0000,43.8800
164.6490,32.0850,214.3400,2.8737,0.5600,3.7410,2385.5900,146.3330,1377.0000,41.8700
319.8760,56.0330,44.5700,5.5829,0.9780,0.7778,2844.4900,132.1640,657.0000,28.9200
184.1470,14.2300,133.6700,3.2140,0.2484,2.3330,3068.8900,148.0800,4752.0000,77.7800
359.9900,28.1870,14.5600,6.2830,0.4920,0.2541,3501.6700,146.4460,3996.0000,71.3300
328.1550,40.8770,43.0900,5.7274,0.7134,0.7521,4260.0000,123.0000,27.0000,5.8600
169.8940,34.9240,212.0000,2.9652,0.6095,3.7001,4682.4000,143.6430,1287.0000,40.4800
166.4480,17.0310,175.2500,2.9051,0.2973,3.0586,5387.9100,144.0950,1134.0000,38.0000
23.4970,46.6110,319.3500,0.4101,0.8135,5.5738,5644.6000,140.7350,1629.0000,45.5400
326.6680,5.4980,16.1400,5.7014,0.0960,0.2817,5661.0000,121.5000,18.0000,4.7900
132.3010,35.7970,243.3100,2.3091,0.6248,4.2465,5754.7900,160.8260,5634.0000,84.7000
14.5380,47.7780,315.5400,0.2537,0.8339,5.5072,5904.9500,128.2110,342.0000,20.8700
182.7710,21.8320,168.2800,3.1900,0.3810,2.9370,6118.6800,137.2250,1323.0000,41.0400
129.5430,8.1950,199.4400,2.2610,0.1430,3.4809,7111.8100,138.2390,1242.0000,39.7700
211.1190,43.7390,135.6500,3.6847,0.7634,2.3675,7435.1000,153.7890,6021.0000,87.5600
277.9560,19.7500,71.1300,4.8513,0.3447,1.2415,8998.9700,136.9660,522.0000,25.7800
203.3130,16.3120,142.2800,3.5485,0.2847,2.4832,9548.7000,143.3710,2061.0000,51.2300
109.9380,6.9620,273.4000,1.9188,0.1215,4.7717,10408.5000,121.5000,36.0000,6.7700
345.1510,46.5240,39.7300,6.0240,0.8120,0.6934,14275.5200,148.1650,3384.0000,65.6400
42.8490,36.7310,301.8000,0.7479,0.6411,5.2675,14559.4400,133.2670,810.0000,32.1100
337.0020,31.0780,49.1400,5.8818,0.5424,0.8577,15660.5200,151.5990,2736.0000,59.0200
313.1400,17.3810,78.4200,5.4653,0.3034,1.3687,17116.4300,153.7840,3825.0000,69.7900
12.2970,38.6340,324.9200,0.2146,0.6743,5.6709,871.7200,179.2250,6408.0000,90.3300
199.9730,45.4870,132.7500,3.4902,0.7939,2.3170,1130.4400,165.6580,2052.0000,51.1100
219.1100,50.8320,132.7200,3.8242,0.8872,2.3164,1296.7800,136.4480,522.0000,25.7800
179.1230,13.6750,181.5200,3.1263,0.2387,3.1681,1307.8300,126.5000,162.0000,14.3600
329.9850,20.3150,51.4700,5.7593,0.3546,0.8983,3575.5800,146.8540,1476.0000,43.3500
333.5830,7.5250,43.5300,5.8221,0.1313,0.7597,3590.1400,126.8570,63.0000,8.9600
0.9400,10.5810,16.3200,0.0164,0.1847,0.2848,3621.1200,149.5670,2745.0000,59.1200
176.1730,26.3120,162.0600,3.0748,0.4592,2.8284,4132.5200,142.0520,1746.0000,47.1500
188.2260,43.5740,148.0700,3.2852,0.7605,2.5843,5601.0000,124.5000,18.0000,4.7900
356.1020,28.6100,42.7200,6.2152,0.4993,0.7457,5609.9500,141.7630,531.0000,26.0000
141.7690,27.4920,244.0400,2.4743,0.4798,4.2593,6438.7800,155.5920,2448.0000,55.8300
203.4620,33.1240,134.2900,3.5511,0.5781,2.3438,7071.8800,153.6570,2547.0000,56.9500
279.4500,9.5460,112.5700,4.8773,0.1666,1.9647,7261.4400,165.1790,5742.0000,85.5000
4.8690,37.8300,33.8600,0.0850,0.6603,0.5911,8696.3100,146.3800,1089.0000,37.2400
344.6310,46.9170,32.5500,6.0150,0.8189,0.5681,9501.0600,139.3400,927.0000,34.3600
319.4380,39.9210,39.3400,5.5752,0.6968,0.6866,11687.6200,135.0640,423.0000,23.2100
28.5710,49.9480,320.0700,0.4987,0.8718,5.5863,12375.3800,147.7900,3420.0000,65.9900
224.2760,56.2930,132.9200,3.9144,0.9825,2.3199,12511.8800,132.6560,288.0000,19.1500
164.5450,19.9900,219.5100,2.8719,0.3489,3.8313,12733.2700,147.9050,2178.0000,52.6600
216.5940,55.4990,136.2000,3.7803,0.9686,2.3771,13415.0400,140.5170,783.0000,31.5700
13.8220,35.5150,327.0900,0.2413,0.6199,5.7088,481.0200,154.9130,2682.0000,58.4400
348.2940,43.5330,350.9200,6.0789,0.7598,6.1247,1475.6900,164.8910,1971.0000,50.1000
160.8970,44.3030,220.9500,2.8082,0.7732,3.8563,2606.8600,145.5470,1152.0000,38.3000
317.2610,53.9430,40.3200,5.5373,0.9415,0.7038,3420.4300,152.6250,2592.0000,57.4500
156.4280,15.1190,225.5700,2.7302,0.2639,3.9369,3756.9100,156.1680,2727.0000,58.9200
197.9390,39.3210,137.1400,3.4547,0.6863,2.3936,4917.1800,176.7670,12290.0000,125.0700
202.3570,11.4800,188.4300,3.5318,0.2004,3.2887,7338.3600,147.9470,1368.0000,41.7300
6.6360,32.5230,27.2600,0.1158,0.5676,0.4759,8674.1800,139.6070,504.0000,25.3300
185.5850,9.7120,189.0600,3.2391,0.1695,3.2998,9639.0400,151.5190,2187.0000,52.7700
165.4720,36.5930,170.9600,2.8880,0.6387,2.9838,10501.7800,183.9950,7785.0000,99.5600
178.6290,37.2380,211.9300,3.1177,0.6499,3.6990,11370.3700,156.2700,2403.0000,55.3100
180.0130,18.3750,199.2900,3.1418,0.3207,3.4783,11702.6600,142.6420,477.0000,24.6400
220.4190,58.0770,128.4100,3.8470,1.0136,2.2411,12521.2000,135.0000,135.0000,13.1100
136.7410,56.7410,220.8500,2.3866,0.9903,3.8545,12825.8900,155.4560,1539.0000,44.2700
350.3990,35.6870,25.0700,6.1156,0.6229,0.4375,13337.8800,169.4980,6291.0000,89.5000
207.1630,32.6160,172.1100,3.6157,0.5693,3.0040,13698.8200,187.3030,11650.0000,121.7700
343.9560,35.1060,34.7100,6.0032,0.6127,0.6058,15705.0800,149.2370,1062.0000,36.7700
303.6120,34.8390,77.8600,5.2990,0.6081,1.3590,15807.1700,158.4640,6048.0000,87.7500
194.3430,41.2380,137.6500,3.3919,0.7197,2.4025,231.8800,156.7100,1863.0000,48.7000
151.7500,10.8520,180.0900,2.6485,0.1894,3.1432,718.3800,164.1780,3942.0000,70.8500
187.5170,31.7120,162.5300,3.2728,0.5535,2.8367,1728.0000,141.5680,999.0000,35.6600
157.8480,50.0570,223.5300,2.7550,0.8737,3.9014,2355.1200,144.8650,936.0000,34.5200
171.7720,42.8250,214.4600,2.9980,0.7474,3.7430,2415.6000,148.4380,1314.0000,40.9000
181.4270,28.5690,150.7400,3.1665,0.4986,2.6310,2745.1000,145.7500,540.0000,26.2200
161.3500,44.5440,180.1400,2.8161,0.7774,3.1441,4249.8200,149.4770,981.0000,35.3400
14.9210,37.2380,326.2800,0.2604,0.6499,5.6947,5246.2400,146.5200,675.0000,29.3200
240.4650,12.3710,90.2000,4.1969,0.2159,1.5742,5831.6900,172.6140,3429.0000,66.0800
156.3400,47.4200,221.9700,2.7287,0.8276,3.8742,6239.3200,151.6290,630.0000,28.3200
204.8630,34.7430,138.5400,3.5755,0.6064,2.4180,6794.9100,162.8530,3483.0000,66.5900
17.0970,46.0270,321.0300,0.2984,0.8033,5.6030,8813.5800,157.8750,1872.0000,48.8200
29.8660,43.3940,350.2200,0.5213,0.7574,6.1124,8892.4300,131.5710,63.0000,8.9600
211.1860,45.7160,129.9700,3.6859,0.7979,2.2685,10085.9400,169.0930,3951.0000,70.9300
208.3800,11.6700,113.1600,3.6369,0.2037,1.9750,10406.6700,163.6710,3312.0000,64.9400
155.9960,37.5180,227.5900,2.7226,0.6548,3.9721,10728.1000,168.5090,3501.0000,66.7700
162.5270,41.5490,222.3700,2.8366,0.7252,3.8811,11252.9700,154.5000,756.0000,31.0300
303.7260,18.9960,69.5200,5.3010,0.3316,1.2133,14203.0500,136.6960,207.0000,16.2300
157.0400,8.9090,226.7800,2.7409,0.1555,3.9580,14239.5200,157.7320,639.0000,28.5200
335.1510,29.0680,12.2400,5.8495,0.5073,0.2137,15000.2600,155.2450,1287.0000,40.4800
309.9300,12.6610,79.0400,5.4093,0.2210,1.3796,15691.5000,129.0000,18.0000,4.7900
130.9120,50.2910,222.4500,2.2849,0.8777,3.8824,15927.3600,164.2920,5112.0000,80.6800
350.6300,26.3460,25.3500,6.1197,0.4598,0.4424,16187.4600,164.4950,3960.0000,71.0100
58.9770,13.3600,277.4600,1.0294,0.2332,4.8425,658.6900,172.2380,4581.0000,76.3700
295.7480,41.1290,52.1800,5.1618,0.7178,0.9107,2106.6500,190.0310,10930.0000,117.9500
220.0620,12.1500,116.8400,3.8408,0.2121,2.0393,3807.5900,154.3110,1998.0000,50.4400
169.7020,19.5860,168.5000,2.9619,0.3418,2.9409,3836.7000,147.1800,450.0000,23.9400
177.6360,21.3850,166.6500,3.1003,0.3732,2.9086,4164.5300,152.1180,1071.0000,36.9300
182.2850,32.3470,138.4700,3.1815,0.5646,2.4168,4737.9900,170.4750,4887.0000,78.8800
202.5700,33.5350,139.6300,3.5355,0.5853,2.4370,5914.4500,176.1750,5859.0000,86.3700
184.4580,45.4820,133.2900,3.2194,0.7938,2.3264,6893.0100,160.3770,3825.0000,69.7900
356.5290,15.1890,338.9700,6.2226,0.2651,5.9161,8923.5500,158.0040,2169.0000,52.5500
335.2030,21.9020,20.6600,5.8504,0.3823,0.3607,9182.9600,165.2460,549.0000,26.4400
53.3780,21.1850,298.3200,0.9316,0.3698,5.2067,9216.6600,165.5570,3249.0000,64.3200
200.4040,49.2250,142.1200,3.4977,0.8591,2.4804,9449.5000,164.8950,3348.0000,65.2900
211.3020,50.9540,144.7100,3.6879,0.8893,2.5256,9595.8300,154.8100,1611.0000,45.2900
164.1620,49.2160,218.5800,2.8652,0.8590,3.8150,9769.9300,155.3840,1710.0000,46.6600
225.2770,56.2120,126.5100,3.9318,0.9811,2.2081,11227.3100,156.8370,1323.0000,41.0400
332.3650,51.8120,39.1300,5.8009,0.9043,0.6830,11394.0000,133.5000,18.0000,4.7900
192.4380,38.8740,133.3500,3.3587,0.6785,2.3273,11647.5000,132.0000,36.0000,6.7700
73.2750,5.1610,313.1600,1.2789,0.0901,5.4657,11670.9300,152.7430,1260.0000,40.0500
24.8850,49.3350,322.4000,0.4343,0.8611,5.6270,11821.0500,179.9080,3519.0000,66.9400
157.6930,39.1630,227.3200,2.7523,0.6835,3.9674,12006.6200,170.6960,6741.0000,92.6400
26.3130,44.9790,315.2900,0.4593,0.7850,5.5028,12331.2000,139.0000,135.0000,13.1100
314.3190,53.0690,43.4900,5.4859,0.9262,0.7590,13959.3400,143.2820,639.0000,28.5200
329.2610,41.3440,55.1400,5.7467,0.7216,0.9624,14532.5000,166.0140,3888.0000,70.3600
326.1840,26.7410,20.4600,5.6930,0.4667,0.3571,15343.3700,149.3280,1125.0000,37.8500
7.5230,19.1850,0.2900,0.1313,0.3348,0.0052,16222.0400,149.9600,675.0000,29.3200
17.0360,40.2400,321.7600,0.2973,0.7023,5.6157,1862.8000,152.9000,270.0000,18.5400
10.7740,7.4370,20.1900,0.1880,0.1298,0.3524,6012.9600,156.7410,1494.0000,43.6100
168.9190,43.1080,217.9900,2.9482,0.7524,3.8046,6708.6600,185.9610,4815.0000,78.3000
206.0830,22.9410,127.4500,3.5968,0.4004,2.2244,6972.0700,148.3040,828.0000,32.4700
171.4210,6.0210,148.9300,2.9919,0.1051,2.5993,7007.3300,162.0950,2286.0000,53.9500
215.0900,53.8600,139.1100,3.7540,0.9400,2.4280,7502.7700,151.1880,1386.0000,42.0100
2.2230,38.5450,334.3000,0.0388,0.6727,5.8347,8972.7100,154.8460,1287.0000,40.4800
19.0280,40.7720,318.5500,0.3321,0.7116,5.5598,11445.7200,163.9250,1431.0000,42.6800
310.2990,38.0900,41.7100,5.4157,0.6648,0.7280,12136.2100,166.4410,3222.0000,64.0500
151.1770,24.8470,233.8300,2.6385,0.4337,4.0810,12762.2300,140.5380,117.0000,12.2100
231.3840,53.5140,134.3600,4.0384,0.9340,2.3450,13783.9700,174.8210,3420.0000,65.9900
334.9670,43.3060,47.8400,5.8463,0.7558,0.8350,14365.4500,168.9400,2097.0000,51.6700
0.4310,33.9290,15.1400,0.0075,0.5922,0.2643,16427.5600,156.5500,1080.0000,37.0800
170.1390,35.7500,216.9100,2.9695,0.6240,3.7857,373.6200,156.0770,1764.0000,47.3900
162.3850,44.8940,223.4000,2.8342,0.7835,3.8991,2724.8600,170.9590,3321.0000,65.0300
168.2640,19.1360,163.8400,2.9368,0.3340,2.8596,2964.4700,164.1830,2016.0000,50.6600
178.8110,11.6110,142.7700,3.1209,0.2026,2.4919,3006.3400,163.4930,1827.0000,48.2300
22.5420,5.4480,354.5900,0.3934,0.0951,6.1888,3390.0000,145.2000,180.0000,15.1400
222.9940,36.2770,126.5000,3.8920,0.6332,2.2078,4195.1300,159.1110,1458.0000,43.0900
206.7880,12.3330,131.8200,3.6091,0.2153,2.3008,5467.3300,149.0260,693.0000,29.7000
86.8610,2.1490,246.7000,1.5160,0.0375,4.3057,5499.1200,159.9240,1782.0000,47.6300
358.5110,16.8340,16.1400,6.2572,0.2938,0.2818,7586.7300,165.3080,2106.0000,51.7800
176.1960,32.1550,217.2300,3.0752,0.5612,3.7914,7837.8800,179.8150,5706.0000,85.2400
212.5000,21.9200,113.1800,3.7088,0.3826,1.9754,8066.0400,179.3760,4671.0000,77.1200
346.1900,26.9650,49.5200,6.0422,0.4706,0.8644,8885.8700,168.7970,576.0000,27.0800
168.5810,42.5850,221.1000,2.9423,0.7433,3.8589,10821.6500,173.9930,3672.0000,68.3800
332.5630,52.0390,38.8900,5.8043,0.9083,0.6788,11399.1200,148.2350,153.0000,13.9600
223.2260,50.0150,139.3900,3.8960,0.8729,2.4329,12472.5000,146.7690,234.0000,17.2600
171.7930,30.9210,206.8500,2.9984,0.5397,3.6102,12798.8600,159.2330,1044.0000,36.4600
326.4210,49.2680,45.1700,5.6971,0.8599,0.7885,13443.0500,159.4460,1575.0000,44.7800
6.1150,25.4820,8.3500,0.1067,0.4447,0.1458,13505.9100,169.7480,3753.0000,69.1300
187.4790,41.5080,133.2300,3.2721,0.7245,2.3253,15989.9400,164.4320,1665.0000,46.0400
307.9740,24.8070,73.8900,5.3752,0.4330,1.2897,16769.6100,149.0530,855.0000,32.9900
332.1230,43.7950,54.4500,5.7966,0.7644,0.9503,963.8700,179.4050,5535.0000,83.9500
328.3490,52.3280,48.0800,5.7308,0.9133,0.8392,2854.5700,152.2830,414.0000,22.9600
156.5410,44.4260,178.3900,2.7322,0.7754,3.1135,4279.2400,173.3460,2313.0000,54.2700
38.3260,54.1310,323.1500,0.6689,0.9448,5.6400,6472.8900,164.8310,1116.0000,37.7000
337.8530,17.7480,36.8500,5.8966,0.3098,0.6432,7543.2900,159.6910,1368.0000,41.7300
358.6760,10.6820,330.3000,6.2601,0.1864,5.7648,7788.4900,159.8180,891.0000,33.6800
346.6300,4.9550,27.9300,6.0498,0.0865,0.4874,8203.9200,164.4370,2061.0000,51.2300
200.2810,29.5780,124.5300,3.4956,0.5162,2.1735,9827.9700,155.7000,990.0000,35.5000
240.0080,15.2560,108.1400,4.1889,0.2663,1.8875,9877.0300,147.2810,288.0000,19.1500
224.9060,48.2540,124.6700,3.9254,0.8422,2.1760,11053.0900,187.9220,4131.0000,72.5200
224.0120,50.7660,129.7000,3.9098,0.8860,2.2636,11071.1200,160.8860,630.0000,28.3200
134.3560,41.3530,236.4500,2.3450,0.7217,4.1268,12698.5700,173.8090,2538.0000,56.8500
187.7280,16.6680,197.9200,3.2765,0.2909,3.4544,12772.5700,157.6020,792.0000,31.7600
190.2790,19.9210,183.6300,3.3210,0.3477,3.2049,12991.0000,142.0000,27.0000,5.8600
27.4810,27.4180,314.2200,0.4796,0.4785,5.4841,13933.2900,145.2860,63.0000,8.9600
28.8330,46.2140,328.0900,0.5032,0.8066,5.7263,14219.7700,165.2540,1278.0000,40.3400
204.0190,32.1900,124.3400,3.5608,0.5618,2.1701,904.5800,159.5000,324.0000,20.3100
290.1890,9.5140,52.4100,5.0648,0.1661,0.9147,1286.7300,181.5730,3915.0000,70.6000
183.0260,44.6140,167.0600,3.1944,0.7787,2.9158,1695.0400,165.1010,1341.0000,41.3200
154.0960,49.5370,222.1600,2.6895,0.8646,3.8774,2634.4700,161.8760,873.0000,33.3400
188.4370,17.5480,173.1800,3.2889,0.3063,3.0226,2805.3900,157.2580,279.0000,18.8500
163.6980,30.1070,180.0800,2.8571,0.5255,3.1431,2829.2900,158.1350,936.0000,34.5200
216.3530,26.1900,127.8400,3.7761,0.4571,2.2313,4338.8600,172.7640,3321.0000,65.0300
190.5030,47.0080,148.8000,3.3249,0.8204,2.5971,4793.9800,178.9450,2943.0000,61.2100
199.9880,27.1630,195.6000,3.4905,0.4741,3.4138,6159.1200,193.6580,9837.0000,111.9100
179.3300,36.1320,211.4400,3.1299,0.6306,3.6903,6747.6600,170.6400,1800.0000,47.8700
175.3610,40.1560,212.8600,3.0606,0.7009,3.7151,7171.9800,170.5650,2853.0000,60.2700
228.1400,46.9440,116.4200,3.9818,0.8193,2.0320,10872.3500,184.7330,3303.0000,64.8500
239.2230,48.5460,128.7400,4.1752,0.8473,2.2470,11093.7900,176.1010,2133.0000,52.1100
101.1390,43.0660,235.3600,1.7652,0.7517,4.1078,11137.4200,183.1340,3825.0000,69.7900
205.3010,39.1230,136.4100,3.5832,0.6828,2.3809,11409.1100,177.4480,2349.0000,54.6900
278.3970,5.2790,41.2200,4.8589,0.0921,0.7194,12335.6300,181.4380,3285.0000,64.6700
277.6330,4.5490,56.2700,4.8456,0.0794,0.9821,12526.6600,190.2190,4563.0000,76.2200
196.2010,23.4790,184.7400,3.4244,0.4098,3.2244,12985.6900,166.1830,1872.0000,48.8200
195.4920,34.4010,149.0600,3.4120,0.6004,2.6017,13829.2000,176.2930,2367.0000,54.9000
190.8410,6.8670,127.6400,3.3308,0.1199,2.2277,14193.0000,156.6750,720.0000,30.2800
310.2830,29.4380,68.5300,5.4155,0.5138,1.1962,15459.9100,179.5900,3816.0000,69.7000
349.5680,30.2330,43.7000,6.1011,0.5277,0.7627,16653.5700,167.0940,477.0000,24.6400
185.8240,21.4070,171.4000,3.2432,0.3736,2.9914,16690.6700,172.0670,3240.0000,64.2300
267.7640,6.2710,115.1000,4.6734,0.1095,2.0088,334.6300,152.8290,315.0000,20.0300
2.5610,44.4450,358.9000,0.0447,0.7757,6.2640,2525.9300,186.3200,6327.0000,89.7500
37.9960,43.1400,320.7100,0.6632,0.7529,5.5975,2584.7900,158.8380,333.0000,20.5900
304.4220,18.4240,41.9300,5.3132,0.3216,0.7318,2889.5000,161.7610,1692.0000,46.4100
182.7250,27.3900,198.0500,3.1892,0.4780,3.4567,4446.0000,148.5000,36.0000,6.7700
218.8420,19.7760,126.9100,3.8195,0.3452,2.2150,4486.0400,196.7150,10270.0000,114.3500
138.9610,53.4190,214.9100,2.4253,0.9323,3.7509,5263.8000,148.8000,90.0000,10.7000
69.3450,26.4790,249.3000,1.2103,0.4621,4.3512,5539.7500,167.1570,1665.0000,46.0400
39.7820,19.1800,300.4900,0.6943,0.3348,5.2445,5967.3100,163.2760,783.0000,31.5700
314.1050,32.3320,54.2000,5.4822,0.5643,0.9460,6835.5000,154.8260,414.0000,22.9600
321.8170,17.3000,62.7600,5.6168,0.3019,1.0954,7307.7200,179.2810,1314.0000,40.9000
28.8680,15.6920,311.5200,0.5039,0.2739,5.4371,8875.4300,164.9210,684.0000,29.5100
178.5560,17.0090,204.6100,3.1164,0.2969,3.5712,10234.2200,157.7810,576.0000,27.0800
257.9730,35.4160,73.8800,4.5025,0.6181,1.2895,11483.2700,177.7290,2520.0000,56.6400
222.7580,4.6960,116.2800,3.8879,0.0820,2.0295,12672.0000,151.1250,72.0000,9.5700
5.2010,45.2070,321.4500,0.0908,0.7890,5.6103,12847.5200,169.6810,819.0000,32.2900
186.6480,34.1150,191.9700,3.2576,0.5954,3.3505,12940.1600,173.8900,1476.0000,43.3500
234.1770,1.9050,163.3500,4.0872,0.0333,2.8510,15387.8200,169.9260,2916.0000,60.9300
10.9130,41.2130,323.8700,0.1905,0.7193,5.6526,16082.7500,184.0960,6975.0000,94.2400
5.2650,44.0240,328.2900,0.0919,0.7684,5.7298,807.9500,188.4800,3996.0000,71.3300
26.7030,39.7610,309.6700,0.4661,0.6940,5.4047,917.1700,166.7240,783.0000,31.5700
212.0000,49.3000,130.0500,3.7001,0.8605,2.2698,3368.4400,168.4470,1449.0000,42.9500
197.9110,36.7430,131.8800,3.4542,0.6413,2.3017,3547.8300,173.9060,2007.0000,50.5500
179.9930,35.6150,153.3100,3.1415,0.6216,2.6758,4103.0000,154.0000,54.0000,8.2900
159.6710,41.4180,184.7900,2.7868,0.7229,3.2252,5270.6500,154.0590,153.0000,13.9600
178.9670,16.5400,163.8600,3.1236,0.2887,2.8599,5647.2300,172.2590,3087.0000,62.6900
93.5910,5.8610,233.8000,1.6335,0.1023,4.0805,6947.7800,185.3230,2952.0000,61.3100
90.7580,32.2300,300.9800,1.5840,0.5625,5.2532,8663.7000,156.0000,90.0000,10.7000
11.3350,23.9710,334.6600,0.1978,0.4184,5.8410,8771.0700,199.7630,9081.0000,107.5300
313.6920,42.6770,63.6400,5.4750,0.7449,1.1108,9505.2800,168.9500,1080.0000,37.0800
148.7580,51.6970,226.0700,2.5963,0.9023,3.9456,9849.9200,177.5030,3330.0000,65.1100
200.9330,50.7900,137.7500,3.5069,0.8865,2.4042,10133.6700,190.6420,3618.0000,67.8700
240.2540,46.6930,110.1900,4.1932,0.8150,1.9231,10696.3700,186.0170,1638.0000,45.6700
149.1590,46.4870,223.6900,2.6033,0.8114,3.9041,10759.7500,163.7440,387.0000,22.2000
27.8190,40.4690,316.6900,0.4855,0.7063,5.5272,11768.2300,183.6600,2700.0000,58.6300
18.3190,48.2820,322.4600,0.3197,0.8427,5.6281,12279.5200,159.1300,207.0000,16.2300
189.9240,19.7690,186.1200,3.3148,0.3450,3.2485,13008.7500,156.2500,108.0000,11.7300
176.6800,30.5270,209.0600,3.0836,0.5328,3.6488,13191.6000,151.8000,45.0000,7.5700
216.4010,51.4560,138.6700,3.7769,0.8981,2.4202,13896.6100,188.4510,6300.0000,89.5600
124.2540,51.1400,238.3500,2.1686,0.8926,4.1600,16738.0200,169.4180,990.0000,35.5000
232.3470,51.2570,132.2200,4.0552,0.8946,2.3078,17001.1600,197.5520,6201.0000,88.8600
344.0730,32.7240,347.8100,6.0052,0.5712,6.0705,591.3800,180.3010,3321.0000,65.0300
326.4490,47.3030,54.9000,5.6976,0.8256,0.9582,1756.7200,175.5540,1008.0000,35.8200
180.3700,14.3300,209.2900,3.1481,0.2501,3.6528,2170.9000,171.1320,612.0000,27.9100
336.4980,37.8780,43.5300,5.8730,0.6611,0.7597,3175.0000,178.6400,1350.0000,41.4600
232.0200,45.5430,124.0200,4.0495,0.7949,2.1646,3225.4500,191.1240,5301.0000,82.1500
334.0270,23.6310,46.7000,5.8299,0.4124,0.8151,3455.4400,183.8970,1836.0000,48.3500
206.5370,28.1380,136.5600,3.6048,0.4911,2.3835,3984.5400,159.9640,252.0000,17.9100
46.0120,22.1580,274.4600,0.8031,0.3867,4.7902,4387.5100,174.7800,1593.0000,45.0400
134.1500,41.1470,205.4900,2.3414,0.7182,3.5865,4441.2000,155.4000,45.0000,7.5700
160.3530,23.3090,174.8300,2.7987,0.4068,3.0513,5026.9000,227.4930,17720.0000,150.2100
32.2550,13.0220,346.6000,0.5630,0.2273,6.0493,7112.4300,165.5290,612.0000,27.9100
199.3320,25.2570,183.8200,3.4790,0.4408,3.2083,7355.5100,174.8790,1044.0000,36.4600
173.6710,43.0410,207.4600,3.0311,0.7512,3.6209,8156.8300,172.9630,1458.0000,43.0900
352.1110,16.5540,350.4000,6.1455,0.2889,6.1156,8992.5000,153.0000,18.0000,4.7900
57.3120,40.1850,311.6900,1.0003,0.7014,5.4400,9014.0700,177.2520,2250.0000,53.5200
337.6850,52.4400,49.7700,5.8937,0.9153,0.8687,9312.5800,173.0070,1386.0000,42.0100
37.4730,44.0740,306.5100,0.6540,0.7692,5.3496,9343.4400,170.5900,1053.0000,36.6200
333.2700,50.2110,39.7500,5.8167,0.8763,0.6938,9380.7100,208.1960,7047.0000,94.7200
226.3720,32.3310,123.0600,3.9509,0.5643,2.1477,10787.3500,161.2170,207.0000,16.2300
184.5370,31.2380,188.1400,3.2208,0.5452,3.2836,12279.5900,169.9870,693.0000,29.7000
221.7720,52.4360,133.8700,3.8707,0.9152,2.3365,12465.0000,156.0000,27.0000,5.8600
126.2690,53.3250,223.4200,2.2038,0.9307,3.8994,13161.1400,175.7630,2160.0000,52.4400
171.8520,26.1210,209.8600,2.9994,0.4559,3.6627,13204.5000,164.5260,342.0000,20.8700
152.1780,49.8900,219.7500,2.6560,0.8708,3.8354,13402.2400,176.3110,1332.0000,41.1800
26.0030,9.8160,351.7300,0.4538,0.1713,6.1388,13967.5700,184.9400,3312.0000,64.9400
24.2710,26.1200,357.4400,0.4236,0.4559,6.2385,15312.8800,183.9880,3663.0000,68.2900
357.7850,31.1000,329.9400,6.2445,0.5428,5.7586,16296.5600,184.7640,4086.0000,72.1300
141.4180,32.7830,233.4400,2.4682,0.5722,4.0742,16912.7200,159.4290,126.0000,12.6700
232.0620,53.2550,137.0200,4.0503,0.9295,2.3915,17177.6600,183.8610,3483.0000,66.5900
217.7360,43.8470,144.3000,3.8002,0.7653,2.5185,17230.0000,165.6130,837.0000,32.6500
228.6270,54.5760,138.9200,3.9903,0.9525,2.4246,17257.6000,169.6880,576.0000,27.0800
22.8250,13.1110,307.5200,0.3984,0.2288,5.3672,389.4200,174.2050,792.0000,31.7600
358.8760,42.5100,345.1000,6.2636,0.7419,6.0231,1727.8300,174.3440,1098.0000,37.3900
158.4200,40.9390,214.3800,2.7650,0.7145,3.7417,2363.8800,177.7540,1791.0000,47.7500
151.4060,49.9500,220.7300,2.6425,0.8718,3.8525,3088.5000,175.3550,558.0000,26.6500
168.6670,41.1830,173.5300,2.9438,0.7188,3.0286,4423.2100,171.9110,1008.0000,35.8200
304.9980,25.6490,51.1300,5.3232,0.4477,0.8924,4831.7400,167.7000,450.0000,23.9400
54.2130,53.5390,305.8600,0.9462,0.9344,5.3384,5426.4000,183.2040,2115.0000,51.8900
321.2090,43.4790,62.1800,5.6062,0.7589,1.0852,5447.4700,165.1180,459.0000,24.1700
178.9770,32.6960,205.8500,3.1237,0.5707,3.5927,7136.5800,180.4420,1404.0000,42.2800
163.6980,4.9880,217.8900,2.8571,0.0871,3.8030,7213.4300,182.2220,1422.0000,42.5500
174.6490,29.3880,148.2900,3.0482,0.5129,2.5881,8292.1500,186.7850,2853.0000,60.2700
0.3020,35.0530,350.3200,0.0053,0.6118,6.1143,8673.6500,179.9380,1728.0000,46.9100
328.7200,31.4350,60.0500,5.7373,0.5487,1.0481,8742.9500,171.2000,540.0000,26.2200
193.5310,25.4340,145.1300,3.3778,0.4439,2.5331,9544.0300,188.2670,3609.0000,67.7900
216.8210,51.3560,129.5500,3.7843,0.8963,2.2611,10242.1100,206.2830,6210.0000,88.9200
211.7420,14.7150,131.6000,3.6956,0.2568,2.2969,10772.4000,157.2000,45.0000,7.5700
280.0950,34.5040,94.4300,4.8886,0.6022,1.6481,11537.1000,194.0000,4617.0000,76.6700
188.3530,29.7910,153.9200,3.2874,0.5200,2.6864,11936.6400,185.7050,2835.0000,60.0800
312.3370,52.4450,46.6700,5.4513,0.9153,0.8145,12205.1200,213.4040,11450.0000,120.7300
111.7030,48.8060,224.9800,1.9496,0.8518,3.9266,12476.6700,164.0000,405.0000,22.7100
234.4290,44.9610,140.1200,4.0916,0.7847,2.4456,12497.7800,165.3750,360.0000,21.4100
325.7410,58.3410,45.6600,5.6853,1.0182,0.7969,13207.9500,196.5760,2862.0000,60.3700
120.5420,11.2340,251.1100,2.1039,0.1961,4.3826,16809.8500,198.3630,3573.0000,67.4500
115.9900,48.9310,220.7500,2.0244,0.8540,3.8528,330.6700,179.5640,1485.0000,43.4800
211.4470,45.6470,132.7400,3.6905,0.7967,2.3167,1953.7200,186.9400,3618.0000,67.8700
321.9770,56.3640,40.9900,5.6196,0.9837,0.7155,1998.0800,176.9610,693.0000,29.7000
329.5630,52.5640,50.0700,5.7520,0.9174,0.8739,3109.4600,166.8650,333.0000,20.5900
192.9370,37.6390,136.2100,3.3674,0.6569,2.3773,3872.4600,210.2570,8424.0000,103.5700
308.3460,56.6960,37.3900,5.3817,0.9895,0.6527,3964.5100,200.6060,4590.0000,76.4500
213.4920,22.7670,138.7600,3.7261,0.3974,2.4218,4009.2800,171.0000,675.0000,29.3200
201.5930,18.6800,141.0900,3.5185,0.3260,2.4624,4106.2200,179.9310,2340.0000,54.5800
206.4670,2.9450,178.1700,3.6035,0.0514,3.1096,4227.3900,180.3520,1611.0000,45.2900
83.0560,46.5000,315.7900,1.4496,0.8116,5.5116,5254.6800,216.7120,7020.0000,94.5400
194.0950,24.0080,145.4200,3.3876,0.4190,2.5380,5276.3800,169.6550,783.0000,31.5700
167.1250,43.1840,213.9600,2.9169,0.7537,3.7343,6524.7000,165.9000,90.0000,10.7000
216.1250,39.2210,117.2400,3.7721,0.6845,2.0462,7394.5900,194.9170,3564.0000,67.3600
356.6310,35.9880,349.0200,6.2244,0.6281,6.0916,8478.6000,181.3970,1314.0000,40.9000
45.3220,46.8220,318.3400,0.7910,0.8172,5.5561,9988.6900,177.1560,1215.0000,39.3300
199.2990,31.0280,143.6500,3.4784,0.5415,2.5072,10186.1900,234.8330,7875.0000,100.1300
183.5540,26.4180,163.7800,3.2036,0.4611,2.8585,10451.0000,161.5000,54.0000,8.2900
224.8430,25.4530,124.4400,3.9243,0.4442,2.1719,10778.3200,181.4460,990.0000,35.5000
55.9000,57.1920,325.9200,0.9757,0.9982,5.6884,11711.0800,205.5830,6516.0000,91.0800
159.9810,16.7820,222.5600,2.7922,0.2929,3.8844,12409.6400,187.1470,2331.0000,54.4800
2.8350,40.0740,353.2800,0.0495,0.6994,6.1658,13588.5800,180.5720,1935.0000,49.6400
206.9580,14.9270,120.0100,3.6121,0.2605,2.0945,14195.1600,210.9550,4608.0000,76.6000
325.6530,43.1450,53.1700,5.6837,0.7530,0.9280,14321.3100,180.1880,1584.0000,44.9100
129.9280,43.8100,214.4800,2.2677,0.7646,3.7434,15727.2300,187.7440,2772.0000,59.4100
315.0930,54.0310,46.1200,5.4994,0.9430,0.8050,16767.0400,170.4680,711.0000,30.0900
267.4070,21.6470,97.2700,4.6671,0.3778,1.6976,423.3400,180.7070,1413.0000,42.4200
23.1410,34.7390,313.7600,0.4039,0.6063,5.4762,1095.5500,169.0910,297.0000,19.4500
169.3440,36.1840,215.2400,2.9556,0.6315,3.7566,2302.8200,178.7860,756.0000,31.0300
180.4080,42.6740,221.7900,3.1487,0.7448,3.8709,2439.2000,205.9150,3906.0000,70.5200
0.2130,39.8590,351.2900,0.0037,0.6957,6.1311,5340.8700,181.7610,1656.0000,45.9200
202.2170,24.0770,137.0200,3.5294,0.4202,2.3915,6035.0900,206.7580,5013.0000,79.8900
216.9940,24.3070,155.5300,3.7873,0.4242,2.7144,7514.4800,169.5650,207.0000,16.2300
156.8120,42.4570,190.3500,2.7369,0.7410,3.3222,8633.7700,180.0390,1386.0000,42.0100
3.3450,30.0950,345.4200,0.0584,0.5253,6.0288,8715.2600,175.5810,837.0000,32.6500
322.0930,48.0890,59.1500,5.6216,0.8393,1.0324,9280.8100,210.2340,5319.0000,82.2900
347.6170,15.5400,40.0900,6.0671,0.2712,0.6998,9712.2000,221.2360,14950.0000,137.9600
222.1220,40.5440,119.5200,3.8768,0.7076,2.0861,9916.5100,194.3640,3564.0000,67.3600
318.0360,53.7700,47.4000,5.5508,0.9385,0.8274,10369.6800,197.3910,1728.0000,46.9100
56.3550,55.4000,326.0400,0.9836,0.9669,5.6906,14001.0000,166.6360,99.0000,11.2300
277.4500,3.2150,127.5100,4.8424,0.0561,2.2254,14106.4300,171.4740,513.0000,25.5600
234.9940,7.9800,149.8100,4.1014,0.1393,2.6146,15052.5300,194.0720,5175.0000,81.1700
58.3670,37.2130,320.5500,1.0187,0.6495,5.5946,15602.2500,183.8050,1980.0000,50.2100
328.2330,38.6430,48.9500,5.7287,0.6745,0.8544,15689.2900,170.4470,342.0000,20.8700
355.9460,34.6450,322.2900,6.2124,0.6047,5.6251,16244.8200,184.1880,1341.0000,41.3200
46.9660,56.5740,316.1500,0.8197,0.9874,5.5179,16901.5000,188.7800,2943.0000,61.2100
147.2310,44.8920,220.6400,2.5697,0.7835,3.8510,17080.3300,196.5780,2430.0000,55.6200
183.6740,32.5860,211.6700,3.2057,0.5687,3.6943,1874.4300,181.1850,1458.0000,43.0900
167.1930,41.9170,208.7100,2.9181,0.7316,3.6427,2349.4600,210.3790,4347.0000,74.4000
10.4330,43.7710,349.6200,0.1821,0.7640,6.1020,2609.6200,205.2590,5364.0000,82.6400
209.1270,23.6460,134.8000,3.6500,0.4127,2.3527,4680.4600,180.7960,882.0000,33.5100
356.2030,37.5120,357.0700,6.2169,0.6547,6.2320,5597.2900,171.5290,153.0000,13.9600
27.3380,49.5140,329.3200,0.4772,0.8642,5.7477,6238.9500,171.7500,180.0000,15.1400
198.7220,28.2780,130.9800,3.4684,0.4935,2.2860,6273.6700,192.9730,1971.0000,50.1000
223.5160,50.5300,134.7000,3.9011,0.8819,2.3510,6315.8500,187.6850,1971.0000,50.1000
29.7400,47.8010,318.9700,0.5191,0.8343,5.5671,6349.3900,177.0000,234.0000,17.2600
166.6130,47.4050,223.8400,2.9080,0.8274,3.9067,6662.2200,175.5710,378.0000,21.9400
159.7010,31.7960,229.6700,2.7873,0.5549,4.0084,6841.7500,195.2340,2772.0000,59.4100
175.6230,18.7780,208.0500,3.0652,0.3277,3.6312,7329.8500,191.0660,954.0000,34.8500
174.4370,7.7770,143.3200,3.0445,0.1357,2.5014,7981.3400,185.3460,990.0000,35.5000
90.5150,32.1300,301.2900,1.5798,0.5608,5.2585,8653.0000,166.0000,27.0000,5.8600
214.8250,52.3940,132.1400,3.7494,0.9144,2.3062,9794.3500,181.1250,576.0000,27.0800
219.0660,46.1080,131.1100,3.8234,0.8047,2.2884,10431.0700,211.2650,3843.0000,69.9500
213.6260,36.7960,127.0700,3.7285,0.6422,2.2178,10907.4000,167.2000,135.0000,13.1100
104.7930,42.4490,226.4800,1.8290,0.7409,3.9527,11187.6000,185.2860,1701.0000,46.5400
208.4280,27.3560,136.3900,3.6378,0.4775,2.3804,13057.1400,181.0950,666.0000,29.1200
106.2470,46.0510,225.9800,1.8544,0.8037,3.9442,13257.4600,180.5240,1341.0000,41.3200
196.3320,34.7560,180.6800,3.4266,0.6066,3.1535,13618.8800,168.7500,72.0000,9.5700
29.7280,50.0370,319.1200,0.5189,0.8733,5.5697,14140.1500,199.2180,3258.0000,64.4100
187.6100,44.1980,188.8600,3.2744,0.7714,3.2963,16459.0100,214.4890,9324.0000,108.9600
184.4170,15.1930,172.6600,3.2187,0.2652,3.0136,16510.4800,176.4740,513.0000,25.5600
223.4260,47.9890,138.6100,3.8995,0.8376,2.4193,16952.9500,178.2740,1017.0000,35.9800
335.3770,46.7320,33.8300,5.8534,0.8156,0.5904,1571.8100,187.2690,1404.0000,42.2800
311.7570,56.6330,35.0300,5.4412,0.9884,0.6114,2407.5000,185.3080,936.0000,34.5200
353.1090,20.3280,17.4700,6.1629,0.3548,0.3050,2815.5900,185.5100,936.0000,34.5200
133.2890,53.1970,218.5500,2.3263,0.9285,3.8144,2856.0400,229.8560,7407.0000,97.1100
301.9900,51.6910,52.5500,5.2707,0.9022,0.9171,2921.5000,214.3540,5526.0000,83.8800
31.2420,48.4200,316.7600,0.5453,0.8451,5.5285,3611.1900,196.7780,3402.0000,65.8100
219.1210,36.2840,140.9300,3.8244,0.6333,2.4598,4835.2800,181.8000,450.0000,23.9400
163.5520,43.4200,183.0200,2.8545,0.7578,3.1943,5376.0000,188.6360,1260.0000,40.0500
194.2760,33.5560,159.3100,3.3908,0.5857,2.7805,5471.2800,187.5220,1224.0000,39.4800
168.8790,46.7230,213.0300,2.9475,0.8155,3.7181,6247.4100,186.3900,693.0000,29.7000
205.9820,52.1210,137.1500,3.5951,0.9097,2.3938,6408.3800,187.2370,2160.0000,52.4400
136.5960,36.6450,239.5500,2.3841,0.6396,4.1810,7046.3000,178.1000,270.0000,18.5400
162.5920,30.0280,220.8200,2.8378,0.5241,3.8540,8244.0600,207.4960,3321.0000,65.0300
7.6790,28.0050,341.3100,0.1340,0.4888,5.9570,8442.6900,190.8880,1773.0000,47.5100
4.8350,19.2640,340.1300,0.0844,0.3362,5.9363,8953.0000,170.0000,27.0000,5.8600
150.6230,49.3390,221.3100,2.6289,0.8611,3.8626,9777.5200,175.6960,207.0000,16.2300
262.3020,14.6400,98.7500,4.5780,0.2555,1.7235,242.6200,190.2890,2619.0000,57.7500
196.7370,14.1660,142.0900,3.4337,0.2472,2.4799,1088.1300,186.3900,900.0000,33.8500
179.2420,31.3650,160.4000,3.1284,0.5474,2.7995,1666.6400,190.6850,1170.0000,38.6000
193.3570,31.4230,141.9700,3.3747,0.5484,2.4779,2244.5600,209.1940,6498.0000,90.9600
228.0250,51.1040,128.2100,3.9798,0.8919,2.2377,4138.9600,222.5390,5715.0000,85.3000
177.4520,23.8920,170.9200,3.0971,0.4170,2.9830,5695.4100,206.4690,7263.0000,96.1600
150.4350,52.4820,224.5700,2.6256,0.9160,3.9194,5981.3000,208.5470,2304.0000,54.1600
339.9620,42.9500,48.3600,5.9335,0.7496,0.8441,8897.4400,189.2810,1152.0000,38.3000
173.5330,45.8570,207.9800,3.0287,0.8004,3.6300,12472.4700,206.8900,2934.0000,61.1200
288.1740,10.8870,64.1000,5.0296,0.1900,1.1188,12759.1800,185.5570,1584.0000,44.9100
190.0460,32.9720,157.8800,3.3169,0.5755,2.7555,13011.2500,195.2180,990.0000,35.5000
303.7370,53.1750,40.4400,5.3012,0.9281,0.7058,14022.4500,195.6700,1935.0000,49.6400
142.4590,28.8890,238.2300,2.4864,0.5042,4.1579,14262.4500,185.6500,1080.0000,37.0800
126.1220,54.7580,230.3100,2.2013,0.9557,4.0196,16843.9300,183.6300,900.0000,33.8500
334.4070,37.3390,48.6300,5.8365,0.6517,0.8487,17052.0700,198.8150,828.0000,32.4700
210.8680,22.2100,134.6700,3.6803,0.3876,2.3504,1454.1100,200.7890,3195.0000,63.7800
303.2700,46.0370,74.9600,5.2931,0.8035,1.3082,1793.4000,190.2340,1575.0000,44.7800
197.1260,45.9450,141.0300,3.4405,0.8019,2.4615,1826.7900,185.5260,513.0000,25.5600
137.8000,51.4280,225.5200,2.4051,0.8976,3.9360,2661.9200,182.7120,468.0000,24.4100
324.1240,48.5690,52.1500,5.6570,0.8477,0.9102,3060.1900,191.2440,1143.0000,38.1500
0.5460,30.2300,18.7200,0.0095,0.5276,0.3268,3314.0600,181.5000,288.0000,19.1500
119.4170,32.4920,237.7200,2.0842,0.5671,4.1490,3329.7500,187.4260,549.0000,26.4400
134.9740,56.1510,229.1100,2.3557,0.9800,3.9986,3426.7500,186.8570,504.0000,25.3300
104.9000,15.1640,261.6200,1.8308,0.2647,4.5661,3784.5000,180.0000,72.0000,9.5700
205.1390,28.9790,118.3500,3.5804,0.5058,2.0657,3807.6600,196.5910,1935.0000,49.6400
214.6890,53.1730,133.7100,3.7470,0.9280,2.3336,4038.8900,201.0090,2916.0000,60.9300
227.0430,34.1270,108.3900,3.9627,0.5956,1.8917,5194.6400,206.6960,3285.0000,64.6700
328.0940,50.1500,37.4100,5.7263,0.8753,0.6529,6549.5800,200.6490,2844.0000,60.1800
190.0720,25.8220,212.8500,3.3174,0.4507,3.7149,7103.4200,241.2050,10890.0000,117.7500
177.8610,27.9050,196.5300,3.1043,0.4870,3.4302,7500.9100,198.6000,2430.0000,55.6200
159.2750,23.9110,226.6400,2.7799,0.4173,3.9556,7930.9800,206.5080,4392.0000,74.7800
314.8260,17.0900,32.7600,5.4948,0.2983,0.5718,8408.3300,189.1840,441.0000,23.7000
344.2510,43.2870,6.6400,6.0083,0.7555,0.1158,8960.8800,194.1910,1602.0000,45.1600
337.5960,49.1620,47.1000,5.8922,0.8580,0.8221,9618.5400,215.8090,4815.0000,78.3000
224.3740,50.0260,128.5400,3.9161,0.8731,2.2435,10635.5800,192.4410,1836.0000,48.3500
178.1690,31.3360,163.1300,3.1096,0.5469,2.8472,11232.0200,198.0810,2322.0000,54.3700
346.2920,47.9480,43.4400,6.0439,0.8369,0.7582,11875.0300,209.1750,4059.0000,71.8900
29.1340,49.3270,309.7000,0.5085,0.8609,5.4052,13431.3300,192.9830,1071.0000,36.9300
79.8430,5.0540,264.5900,1.3935,0.0882,4.6179,15191.4500,188.5660,684.0000,29.5100
300.2500,31.3360,77.6800,5.2404,0.5469,1.3558,15421.8800,196.6960,621.0000,28.1200
223.2100,48.7690,131.2900,3.8958,0.8512,2.2914,15834.9300,217.4640,6327.0000,89.7500
128.6350,58.1680,222.7700,2.2451,1.0152,3.8880,16770.8100,193.0890,1017.0000,35.9800
328.3150,46.3790,52.1700,5.7302,0.8095,0.9105,1527.2500,206.5270,3312.0000,64.9400
140.5580,41.9680,220.6500,2.4532,0.7325,3.8511,2952.3600,185.1600,225.0000,16.9300
217.6010,45.7860,110.9300,3.7979,0.7991,1.9360,3117.1700,219.7620,4536.0000,76.0000
144.7890,50.4230,233.7100,2.5271,0.8800,4.0790,3395.8600,183.5710,189.0000,15.5100
328.0120,33.5020,39.5400,5.7249,0.5847,0.6901,3507.5500,204.1670,3402.0000,65.8100
110.7910,8.9270,263.0500,1.9337,0.1558,4.5912,3761.6300,200.4400,1737.0000,47.0300
196.4520,19.0600,145.3800,3.4287,0.3327,2.5374,5306.0600,179.8130,144.0000,13.5400
304.1790,25.1580,82.7500,5.3089,0.4391,1.4443,7558.4300,211.5120,4464.0000,75.3900
38.8250,54.8750,317.2500,0.6776,0.9578,5.5371,7779.7500,180.7500,36.0000,6.7700
66.1980,43.2140,306.7000,1.1554,0.7542,5.3529,8014.8600,194.9240,1062.0000,36.7700
182.7230,34.9280,157.0000,3.1891,0.6096,2.7401,8124.2400,243.7060,11780.0000,122.4700
319.2770,48.8740,54.7400,5.5724,0.8530,0.9554,10339.8200,206.8180,1926.0000,49.5200
45.2910,54.2930,322.9200,0.7905,0.9476,5.6360,10673.2500,182.7500,108.0000,11.7300
243.6120,32.0720,143.2500,4.2518,0.5598,2.5001,11435.5000,187.0000,162.0000,14.3600
30.1990,33.8650,332.0000,0.5271,0.5911,5.7944,13472.1100,213.9040,2448.0000,55.8300
301.0970,26.5470,69.4900,5.2551,0.4633,1.2128,14634.2300,203.9000,4563.0000,76.2200
335.4330,46.9930,48.3400,5.8544,0.8202,0.8437,15654.3300,210.3290,4761.0000,77.8600
7.1320,42.9620,325.0800,0.1245,0.7498,5.6738,16153.2000,179.4000,45.0000,7.5700
116.1340,47.7990,226.1100,2.0269,0.8343,3.9463,17227.5000,204.7500,3024.0000,62.0500
311.3260,57.5210,41.3900,5.4337,1.0039,0.7224,486.0900,215.8310,4311.0000,74.0900
157.2160,45.8680,217.3300,2.7439,0.8006,3.7932,3623.5400,182.3080,117.0000,12.2100
354.4990,42.0060,2.9800,6.1872,0.7331,0.0521,5596.0600,191.5950,333.0000,20.5900
299.5100,32.0990,58.6200,5.2274,0.5602,1.0231,7014.0800,213.5310,4986.0000,79.6800
8.7940,36.5050,7.7800,0.1535,0.6371,0.1357,9465.9000,205.0000,2484.0000,56.2400
226.1750,32.4680,123.3100,3.9475,0.5667,2.1522,10794.2500,199.0000,216.0000,16.5800
180.6060,22.7090,195.7400,3.1522,0.3964,3.4162,12295.5000,185.1670,162.0000,14.3600
158.6930,10.9210,228.2100,2.7697,0.1906,3.9830,13278.2400,215.8740,4059.0000,71.8900
200.2820,27.2390,129.5500,3.4956,0.4754,2.2611,14091.3600,226.0490,4941.0000,79.3200
57.8810,9.4570,324.5800,1.0102,0.1651,5.6651,14391.8200,183.8180,99.0000,11.2300
35.6930,34.6630,301.9200,0.6230,0.6050,5.2695,14847.7100,198.0000,576.0000,27.0800
164.6800,22.4450,223.1600,2.8742,0.3917,3.8949,15536.4300,196.7600,2178.0000,52.6600
45.5330,43.3530,310.0400,0.7947,0.7567,5.4112,16595.5200,219.6430,10040.0000,113.0900
301.1610,43.9580,62.2900,5.2563,0.7672,1.0871,292.6200,210.2290,2007.0000,50.5500
35.6910,42.9890,313.7400,0.6229,0.7503,5.4758,342.5800,231.7830,4860.0000,78.6600
196.7850,26.1680,147.2600,3.4345,0.4567,2.5702,1883.7200,228.2650,7335.0000,96.6400
305.5860,37.4280,55.3700,5.3335,0.6532,0.9665,2177.3500,215.1310,2268.0000,53.7400
152.8790,45.3510,223.2000,2.6682,0.7915,3.8956,2746.8800,202.4350,1035.0000,36.3000
186.3160,40.4680,139.3500,3.2518,0.7063,2.4321,3276.3800,236.8040,8244.0000,102.4500
336.9630,14.7860,31.0400,5.8811,0.2581,0.5418,3368.1100,231.7930,7488.0000,97.6400
217.3170,13.9620,138.7000,3.7929,0.2437,2.4207,3411.3400,193.8330,324.0000,20.3100
159.8610,41.4120,184.5500,2.7901,0.7228,3.2209,5301.2700,186.5450,99.0000,11.2300
322.1180,35.6380,32.3400,5.6220,0.6220,0.5644,5527.0600,220.0240,6543.0000,91.2700
28.7680,41.7040,356.0500,0.5021,0.7279,6.2142,6082.9000,209.2440,1179.0000,38.7400
188.4400,19.4020,152.7200,3.2889,0.3386,2.6655,6469.6400,213.7030,1881.0000,48.9400
320.2750,57.3520,47.0800,5.5899,1.0010,0.8217,6590.0200,202.8540,1296.0000,40.6200
31.8700,24.5650,311.8000,0.5562,0.4287,5.4420,8925.6500,205.0440,1215.0000,39.3300
29.8550,49.9660,320.5100,0.5211,0.8721,5.5939,9967.2900,186.4290,63.0000,8.9600
184.0360,40.3170,170.3300,3.2120,0.7037,2.9728,10051.4100,240.3980,10120.0000,113.4900
190.8620,20.7130,194.6800,3.3312,0.3615,3.3978,12432.8600,214.3770,1647.0000,45.7900
352.0740,30.1320,350.7400,6.1449,0.5259,6.1216,12815.1700,204.0330,1647.0000,45.7900
225.1060,10.6080,150.3500,3.9288,0.1852,2.6242,12895.5700,222.8770,6435.0000,90.5200
31.6260,26.7480,320.8600,0.5520,0.4668,5.6001,12914.1400,190.6450,279.0000,18.8500
4.9960,38.3380,339.4300,0.0872,0.6691,5.9243,13531.1900,220.5830,4248.0000,73.5400
98.2140,9.2350,276.1900,1.7142,0.1612,4.8205,14378.1900,197.1250,432.0000,23.4500
323.0310,25.0930,52.3700,5.6380,0.4380,0.9140,14493.9800,200.2650,882.0000,33.5100
300.1820,10.0640,73.3200,5.2392,0.1756,1.2797,14562.9700,201.6670,729.0000,30.4700
7.2330,38.8940,319.9300,0.1262,0.6788,5.5839,15924.2100,224.7460,7011.0000,94.4800
341.0680,18.8010,28.9100,5.9528,0.3282,0.5046,16174.5600,202.3280,1098.0000,37.3900
16.4220,43.7810,318.8600,0.2866,0.7641,5.5651,16855.7200,204.7500,1044.0000,36.4600
161.2720,23.1470,218.3300,2.8147,0.4040,3.8107,17126.3300,214.1340,2880.0000,60.5600
353.3670,31.8880,46.1000,6.1674,0.5566,0.8045,437.3400,217.6650,1881.0000,48.9400
225.8860,46.4770,128.0700,3.9425,0.8112,2.2353,1695.3900,199.3480,621.0000,28.1200
222.8190,9.1900,99.4300,3.8889,0.1604,1.7355,2692.4900,236.4200,8145.0000,101.8400
54.3330,56.9220,318.6400,0.9483,0.9935,5.5614,2997.0600,219.7160,4185.0000,73.0000
160.3440,46.4750,212.1400,2.7985,0.8111,3.7025,4206.6600,217.4650,2709.0000,58.7300
305.2750,30.4450,42.2300,5.3281,0.5314,0.7371,5401.4200,228.6060,4230.0000,73.3900
151.1380,48.6910,229.7000,2.6379,0.8498,4.0090,6649.1200,202.8000,630.0000,28.3200
161.6190,47.5630,221.7800,2.8208,0.8301,3.8709,6673.9100,205.1220,963.0000,35.0200
201.6900,40.9280,187.1600,3.5202,0.7143,3.2665,6890.5200,202.4200,1179.0000,38.7400
34.5320,51.9510,325.0100,0.6027,0.9067,5.6725,6911.5000,189.0000,54.0000,8.2900
75.3060,47.0090,314.4300,1.3143,0.8205,5.4878,7775.0000,212.1960,1377.0000,41.8700
209.0420,38.5530,179.2800,3.6485,0.6729,3.1291,8194.8000,208.3860,2259.0000,53.6300
217.2250,44.2250,145.4900,3.7913,0.7719,2.5393,9213.8500,210.3940,2124.0000,52.0000
210.4020,14.5000,133.0000,3.6722,0.2531,2.3213,10759.5000,186.0000,18.0000,4.7900
188.7970,42.3290,156.2000,3.2951,0.7388,2.7262,11358.8500,194.0530,513.0000,25.5600
205.7850,26.7720,138.1700,3.5916,0.4673,2.4115,12048.4100,219.5110,2853.0000,60.2700
305.4320,55.4090,49.5500,5.3308,0.9671,0.8649,12842.3400,198.0000,486.0000,24.8800
322.2450,17.5090,65.5200,5.6242,0.3056,1.1436,12976.3900,203.1200,1350.0000,41.4600
214.6380,31.5840,140.0900,3.7461,0.5513,2.4451,13084.2700,205.4900,1341.0000,41.3200
61.9410,24.8500,320.7900,1.0811,0.4337,5.5988,14228.9000,200.0690,261.0000,18.2300
149.1830,33.1620,234.5700,2.6037,0.5788,4.0940,14293.2500,191.5000,108.0000,11.7300
229.4690,2.4330,142.8900,4.0050,0.0425,2.4939,14424.5400,221.3300,5679.0000,85.0300
190.7150,24.6030,196.5800,3.3286,0.4294,3.4310,15000.7700,230.1970,3969.0000,71.0900
35.8430,44.0480,312.4900,0.6256,0.7688,5.4540,15774.6500,207.1560,1386.0000,42.0100
165.7510,41.4680,216.3100,2.8929,0.7238,3.7754,16670.0000,206.6140,909.0000,34.0200
217.7300,40.7210,127.3500,3.8001,0.7107,2.2227,16940.4900,202.4800,675.0000,29.3200
207.7810,46.2120,167.5400,3.6265,0.8066,2.9242,393.9300,222.8280,2772.0000,59.4100
134.1300,17.7000,214.8100,2.3410,0.3089,3.7491,1605.5700,233.5290,8199.0000,102.1700
224.9540,10.0160,121.3300,3.9262,0.1748,2.1175,1757.4900,231.4480,6687.0000,92.2700
355.8440,30.4350,350.1300,6.2106,0.5312,6.1109,4251.4700,206.9180,990.0000,35.5000
213.7310,43.4740,135.8700,3.7303,0.7588,2.3713,6343.3200,226.2230,3753.0000,69.1300
107.6370,33.4000,238.4000,1.8786,0.5830,4.1609,6768.4700,240.1860,6687.0000,92.2700
15.9800,32.5420,311.6200,0.2789,0.5680,5.4387,7666.4700,212.3770,1431.0000,42.6800
185.9590,23.5820,192.7900,3.2456,0.4116,3.3648,7672.5900,196.0590,153.0000,13.9600
172.8590,20.6010,210.4900,3.0170,0.3596,3.6737,7884.3100,216.6190,1395.0000,42.1400
22.5690,48.2470,314.2900,0.3939,0.8421,5.4855,8378.1900,205.6360,1188.0000,38.8900
352.1020,9.5470,345.8200,6.1453,0.1666,6.0357,8618.6000,220.6880,3087.0000,62.6900
303.6270,31.3720,74.4300,5.2993,0.5475,1.2991,8991.5500,219.4940,2241.0000,53.4200
195.3420,18.4450,145.7000,3.4094,0.3219,2.5430,10674.2400,205.2240,684.0000,29.5100
189.7050,21.6430,154.0100,3.3110,0.3777,2.6880,10765.9300,208.5120,1161.0000,38.4500
199.8560,38.9830,131.7500,3.4882,0.6804,2.2996,12306.5200,213.2770,1557.0000,44.5200
353.7350,42.0850,352.2200,6.1738,0.7345,6.1475,13120.7600,202.2500,648.0000,28.7200
161.2290,42.4160,215.9400,2.8140,0.7403,3.7688,15140.5500,223.5100,3969.0000,71.0900
188.5880,19.7230,181.5400,3.2915,0.3442,3.1685,15372.7200,222.2470,4482.0000,75.5400
20.6570,43.5660,346.9900,0.3605,0.7604,6.0561,15993.9900,221.3970,1836.0000,48.3500
172.5910,32.9450,210.9200,3.0123,0.5750,3.6812,16729.8900,199.6880,1008.0000,35.8200
303.2770,41.6350,58.9800,5.2932,0.7267,1.0293,759.4600,214.9380,1296.0000,40.6200
60.3440,53.7700,315.0300,1.0532,0.9385,5.4983,1086.0600,219.9090,3267.0000,64.5000
208.8680,34.6160,133.3600,3.6454,0.6042,2.3276,2024.0900,234.2180,5463.0000,83.4000
125.3710,57.1380,217.8400,2.1881,0.9973,3.8020,2880.3000,205.2000,180.0000,15.1400
325.8150,34.0000,53.3200,5.6865,0.5934,0.9306,3672.5000,219.0140,1989.0000,50.3200
35.5540,55.4710,312.7300,0.6205,0.9682,5.4581,4302.6500,199.8260,207.0000,16.2300
155.9030,45.7620,223.4300,2.7210,0.7987,3.8996,4328.6700,209.3910,1242.0000,39.7700
73.9490,48.2130,316.6400,1.2907,0.8415,5.5264,4397.3900,214.9140,2313.0000,54.2700
168.6340,25.2600,169.0200,2.9432,0.4409,2.9500,4683.1300,244.7200,15820.0000,141.9300
147.1290,43.9510,224.6900,2.5679,0.7671,3.9217,4820.7800,214.8660,2358.0000,54.7900
151.4990,17.6310,184.5800,2.6442,0.3077,3.2216,5136.5000,236.7960,5553.0000,84.0900
0.7640,21.9880,351.8600,0.0133,0.3838,6.1412,5304.6700,197.6670,162.0000,14.3600
0.1890,29.9330,349.6700,0.0033,0.5224,6.1029,5797.3800,215.5630,1791.0000,47.7500
206.8450,47.1190,144.5800,3.6101,0.8224,2.5234,6384.6400,244.1500,6975.0000,94.2400
326.7920,54.3860,42.9100,5.7036,0.9492,0.7489,6621.5800,201.6270,603.0000,27.7100
133.9340,48.7280,224.1000,2.3376,0.8505,3.9113,8336.9500,214.8690,1719.0000,46.7800
235.8630,25.3150,117.2400,4.1166,0.4418,2.0462,8762.8100,213.2280,1539.0000,44.2700
185.2360,41.3650,158.3100,3.2330,0.7220,2.7630,9963.6600,238.2330,5409.0000,82.9900
163.5530,48.0710,224.3700,2.8545,0.8390,3.9161,10680.0000,193.5000,18.0000,4.7900
9.5870,23.0620,14.6700,0.1673,0.4025,0.2561,11340.7400,212.5540,1512.0000,43.8800
124.3960,37.0810,241.9100,2.1711,0.6472,4.2221,11649.7500,196.5000,72.0000,9.5700
27.3140,35.9640,332.6800,0.4767,0.6277,5.8063,12370.9900,242.8150,5400.0000,82.9200
32.5750,42.4830,319.0300,0.5686,0.7415,5.5681,12772.8700,234.8050,4761.0000,77.8600
220.2030,38.1440,129.9500,3.8433,0.6657,2.2680,12944.4000,195.1500,180.0000,15.1400
343.6240,37.4430,39.3900,5.9974,0.6535,0.6875,14306.2500,200.4380,288.0000,19.1500
256.0660,7.4770,120.8200,4.4692,0.1305,2.1087,15104.2500,202.1790,252.0000,17.9100
163.0530,47.0140,218.8300,2.8458,0.8206,3.8193,15250.6300,209.1990,1179.0000,38.7400
204.3360,10.2290,121.8100,3.5663,0.1785,2.1260,16228.7900,226.8590,3762.0000,69.2100
308.8290,32.7950,37.8000,5.3901,0.5724,0.6598,15.4000,230.4120,2340.0000,54.5800
181.0140,19.1860,153.4200,3.1593,0.3349,2.6777,728.6000,211.0100,882.0000,33.5100
226.0220,15.9060,107.2500,3.9448,0.2776,1.8720,1753.8800,198.3750,72.0000,9.5700
197.5360,45.2040,133.3900,3.4477,0.7890,2.3282,2057.3700,218.9610,684.0000,29.5100
209.0730,33.3750,176.2300,3.6490,0.5825,3.0758,2779.7600,226.7730,2421.0000,55.5200
204.9400,51.0490,139.9500,3.5769,0.8910,2.4426,3559.2800,208.5740,549.0000,26.4400
323.5040,26.7370,39.3300,5.6462,0.4667,0.6864,5583.0000,227.0740,1575.0000,44.7800
182.1690,32.1460,154.6700,3.1795,0.5611,2.6995,5958.6200,204.2070,261.0000,18.2300
307.4830,47.8450,36.1700,5.3666,0.8351,0.6313,7354.3500,204.6500,540.0000,26.2200
163.3950,15.7350,216.0400,2.8518,0.2746,3.7707,7482.7300,234.3260,4059.0000,71.8900
206.5700,44.7860,124.0900,3.6053,0.7817,2.1658,8400.0000,202.5000,54.0000,8.2900
127.3560,13.8830,219.6500,2.2228,0.2423,3.8337,9056.0400,239.3040,5661.0000,84.9000
338.9310,37.1840,45.1500,5.9155,0.6490,0.7880,9329.8300,219.1030,1053.0000,36.6200
317.0460,44.7190,52.7600,5.5335,0.7805,0.9209,9828.6600,217.9060,1629.0000,45.5400
109.3220,49.1760,225.6500,1.9080,0.8583,3.9384,10597.1700,217.3310,1278.0000,40.3400
323.5590,24.6950,66.8900,5.6472,0.4310,1.1675,11272.7200,234.3360,3699.0000,68.6300
181.6500,30.8830,165.8000,3.1704,0.5390,2.8938,11375.1700,205.0830,324.0000,20.3100
344.6440,47.5980,46.0600,6.0152,0.8308,0.8039,11461.2600,236.8200,4644.0000,76.9000
207.8010,40.9280,123.2800,3.6268,0.7143,2.1516,12683.5700,199.7140,63.0000,8.9600
24.6150,47.8430,324.8900,0.4296,0.8350,5.6705,12715.9600,234.8870,3501.0000,66.7700
287.8380,30.3700,91.1900,5.0237,0.5301,1.5916,13593.6000,219.2530,2025.0000,50.7800
332.2410,44.4280,47.2600,5.7987,0.7754,0.8248,14263.1100,219.8270,2970.0000,61.4900
114.8870,10.9220,255.1600,2.0052,0.1906,4.4534,14348.8000,207.6490,666.0000,29.1200
1.0240,13.7100,22.7000,0.0179,0.2393,0.3963,14533.1800,220.3430,1890.0000,49.0600
43.5960,51.7890,311.9000,0.7609,0.9039,5.4436,15204.2700,218.1680,1980.0000,50.2100
154.9710,4.5220,226.6200,2.7048,0.0789,3.9552,15486.4300,229.3600,3276.0000,64.5800
2.8420,23.9160,323.0900,0.0496,0.4174,5.6390,15572.8900,220.2770,1395.0000,42.1400
352.7630,22.4580,26.6600,6.1569,0.3920,0.4653,16152.0700,220.5250,1647.0000,45.7900
212.6120,50.7340,136.9800,3.7108,0.8855,2.3907,16394.9500,230.6020,1017.0000,35.9800
169.4720,15.8600,210.3200,2.9578,0.2768,3.6708,193.2700,219.1380,981.0000,35.3400
261.5910,4.2800,102.2100,4.5656,0.0747,1.7839,566.7200,235.8270,6237.0000,89.1100
265.5600,20.9150,84.9800,4.6349,0.3650,1.4832,1341.4900,233.5540,4725.0000,77.5600
318.2750,46.4890,46.1500,5.5550,0.8114,0.8054,2803.5000,202.5000,72.0000,9.5700
43.2970,45.2950,314.9000,0.7557,0.7906,5.4960,3710.6600,212.0100,873.0000,33.3400
338.4240,51.1970,52.5800,5.9066,0.8936,0.9177,5326.5200,245.4390,6354.0000,89.9500
174.3340,32.9890,174.8600,3.0427,0.5758,3.0519,5606.6300,200.6250,72.0000,9.5700
137.0250,5.9550,182.0900,2.3915,0.1039,3.1780,5898.1900,252.9110,6966.0000,94.1800
329.3180,46.3780,43.8100,5.7477,0.8095,0.7647,6521.6500,232.3410,2637.0000,57.9400
206.1290,25.8810,161.5500,3.5976,0.4517,2.8196,7215.6000,222.8910,2880.0000,60.5600
17.7260,39.9700,321.3500,0.3094,0.6976,5.6087,10303.7900,216.5260,1026.0000,36.1400
23.6670,41.0260,315.8500,0.4131,0.7160,5.5127,11435.4000,199.2000,45.0000,7.5700
35.3710,53.5590,320.2900,0.6173,0.9348,5.5900,11640.2200,219.3990,1692.0000,46.4100
40.9690,49.1410,310.5400,0.7150,0.8577,5.4199,12111.7900,204.5000,378.0000,21.9400
30.6340,33.2660,321.5900,0.5347,0.5806,5.6129,13162.2700,219.5540,2097.0000,51.6700
58.9300,40.4160,299.6500,1.0285,0.7054,5.2299,13256.2800,202.5600,225.0000,16.9300
33.6050,44.6870,317.6700,0.5865,0.7799,5.5445,13394.9200,231.9830,5247.0000,81.7400
142.1120,13.2270,234.4900,2.4803,0.2309,4.0926,14365.5000,204.0000,90.0000,10.7000
355.6740,34.1810,342.0800,6.2077,0.5966,5.9705,14860.0800,206.1430,126.0000,12.6700
169.6450,36.8350,221.3200,2.9609,0.6429,3.8628,16354.1200,229.9970,3609.0000,67.7900
4.0570,23.2150,325.5400,0.0708,0.4052,5.6817,648.8500,233.5250,3753.0000,69.1300
201.7250,27.7010,134.2500,3.5208,0.4835,2.3431,704.2500,214.3850,468.0000,24.4100
246.5110,12.2150,82.2800,4.3024,0.2132,1.4361,1131.0000,202.5000,36.0000,6.7700
106.3650,3.7390,243.3900,1.8564,0.0653,4.2480,1821.8500,226.5690,1170.0000,38.6000
342.8850,45.5300,47.8600,5.9845,0.7947,0.8353,3052.7000,234.8650,3807.0000,69.6200
163.9100,39.2270,218.2800,2.8608,0.6846,3.8098,4089.0500,210.1090,495.0000,25.1000
199.8230,16.6310,144.1100,3.4876,0.2903,2.5152,4274.3600,242.2120,4077.0000,72.0500
158.9850,25.9360,227.3700,2.7748,0.4527,3.9683,4556.2000,245.5680,4122.0000,72.4500
240.7330,45.0110,115.4900,4.2016,0.7856,2.0157,5459.7700,221.8840,1161.0000,38.4500
148.5450,39.8380,235.8000,2.5926,0.6953,4.1156,6819.4600,218.7690,468.0000,24.4100
134.0410,37.7540,232.8400,2.3395,0.6589,4.0639,7163.5800,217.9410,1071.0000,36.9300
181.1100,16.4490,185.0700,3.1610,0.2871,3.2301,7426.2600,218.5930,729.0000,30.4700
206.7800,43.7490,125.3300,3.6090,0.7636,2.1875,7443.0000,203.4000,45.0000,7.5700
188.6180,16.3970,186.9300,3.2920,0.2862,3.2625,7617.3400,220.7230,1269.0000,40.2000
151.4500,21.2750,217.5300,2.6433,0.3713,3.7966,7805.0700,227.0160,1647.0000,45.7900
233.8620,24.2220,108.8300,4.0817,0.4228,1.8995,8891.8700,230.0680,2376.0000,55.0000
243.5930,22.1360,124.0100,4.2515,0.3863,2.1645,9178.0800,243.9250,4320.0000,74.1600
334.6940,50.0220,46.7300,5.8415,0.8731,0.8156,10389.9100,213.8180,297.0000,19.4500
12.9030,12.8090,13.4300,0.2252,0.2236,0.2343,11390.5200,244.6730,5922.0000,86.8300
60.4290,1.1780,310.0400,1.0547,0.0206,5.4113,14785.1500,221.4380,1296.0000,40.6200
333.0870,49.5700,47.1400,5.8135,0.8652,0.8228,15742.6800,227.7640,1143.0000,38.1500
258.0930,2.3960,119.0700,4.5046,0.0418,2.0782,16328.3400,210.2930,369.0000,21.6800
329.0940,45.6000,31.1600,5.7438,0.7959,0.5438,983.6300,231.0360,3762.0000,69.2100
63.1180,45.5750,300.5600,1.1016,0.7954,5.2458,1153.9200,216.9260,846.0000,32.8200
144.3580,29.9790,233.6800,2.5195,0.5232,4.0784,3430.0800,244.0000,3105.0000,62.8800
216.6470,53.8470,137.1100,3.7812,0.9398,2.3930,4110.0900,211.7810,288.0000,19.1500
79.9760,1.0360,251.6900,1.3958,0.0181,4.3929,4359.3900,226.0240,765.0000,31.2100
324.0370,47.0800,49.0100,5.6555,0.8217,0.8554,6238.5000,207.0000,54.0000,8.2900
191.9620,35.2260,127.6200,3.3504,0.6148,2.2274,7296.9000,215.3250,360.0000,21.4100
172.6360,16.7560,172.0400,3.0131,0.2925,3.0027,7999.4500,255.5140,10720.0000,116.8200
320.8930,51.7350,51.7100,5.6006,0.9030,0.9025,8495.9800,223.2620,963.0000,35.0200
345.8230,39.9510,49.9400,6.0358,0.6973,0.8717,9885.7500,240.6590,4509.0000,75.7700
0.2550,13.3310,12.8500,0.0045,0.2327,0.2242,11430.0000,208.5000,36.0000,6.7700
337.2660,50.3900,40.8200,5.8864,0.8795,0.7125,11971.5700,209.7140,189.0000,15.5100
55.2730,26.0810,292.3300,0.9647,0.4552,5.1022,12670.4000,228.5350,1413.0000,42.4200
332.0630,43.8260,50.4000,5.7956,0.7649,0.8797,14697.9400,223.0300,603.0000,27.7100
207.1940,12.2120,175.8000,3.6162,0.2131,3.0682,14885.3400,232.8870,1989.0000,50.3200
158.3290,43.1300,218.0600,2.7634,0.7528,3.8058,15270.8600,210.6430,126.0000,12.6700
52.8210,51.7790,324.3600,0.9219,0.9037,5.6612,17036.6600,219.3960,477.0000,24.6400
7.7070,41.7360,317.9800,0.1345,0.7284,5.5499,232.5400,217.6220,999.0000,35.6600
205.4000,34.8050,131.1500,3.5849,0.6075,2.2890,689.2500,210.0000,72.0000,9.5700
325.4820,35.4720,62.0000,5.6807,0.6191,1.0821,1397.7200,228.9750,1800.0000,47.8700
68.6030,13.0370,266.1900,1.1974,0.2275,4.6460,1674.0900,216.5450,297.0000,19.4500
312.5140,49.1240,55.0200,5.4544,0.8574,0.9603,2501.5500,227.3720,2106.0000,51.7800
347.3530,42.0620,6.6000,6.0625,0.7341,0.1152,5601.0000,211.5000,36.0000,6.7700
206.1450,28.8560,137.8100,3.5979,0.5036,2.4053,5827.5000,208.0000,54.0000,8.2900
184.2150,20.4720,210.9000,3.2152,0.3573,3.6808,6222.6300,227.4930,1278.0000,40.3400
181.0020,35.8200,215.8200,3.1591,0.6252,3.7668,6940.4400,258.1450,10410.0000,115.1400
319.7250,53.7080,39.9100,5.5803,0.9374,0.6966,7283.1400,214.1430,189.0000,15.5100
306.8610,49.1530,18.7900,5.3557,0.8579,0.3280,7318.8000,218.6000,540.0000,26.2200
322.8740,54.5840,45.2200,5.6352,0.9527,0.7892,8415.1800,234.1550,1566.0000,44.6500
321.4380,51.2470,42.5900,5.6102,0.8944,0.7433,8463.4000,222.7720,1224.0000,39.4800
346.8660,5.9950,36.7500,6.0540,0.1046,0.6414,9540.1300,246.5070,8316.0000,102.9000
314.0640,54.3630,54.8800,5.4814,0.9488,0.9578,10642.5100,242.7240,4014.0000,71.4900
33.4410,45.0460,317.9400,0.5837,0.7862,5.5490,10857.4900,238.8000,5400.0000,82.9200
153.8890,31.4980,166.7900,2.6859,0.5498,2.9110,11191.6500,247.1070,6858.0000,93.4400
358.8670,18.8380,27.6600,6.2634,0.3288,0.4827,11308.5900,212.2940,153.0000,13.9600
304.1050,30.6980,64.6700,5.3076,0.5358,1.1288,11586.7600,224.9370,1278.0000,40.3400
159.2020,42.3660,227.7000,2.7786,0.7394,3.9741,12088.5000,207.0000,18.0000,4.7900
350.5920,34.8150,40.2800,6.1190,0.6076,0.7031,12107.5400,251.8050,6633.0000,91.9000
242.9800,20.4420,122.2800,4.2408,0.3568,2.1341,13446.9200,215.7390,207.0000,16.2300
208.3050,28.1330,117.7900,3.6356,0.4910,2.0558,13817.9400,215.4380,432.0000,23.4500
218.2640,26.5590,118.4400,3.8094,0.4635,2.0671,13971.3600,248.5960,5886.0000,86.5700
184.8310,14.6540,196.2500,3.2259,0.2558,3.4252,14332.7600,237.1260,4302.0000,74.0100
189.8510,40.9620,183.5000,3.3135,0.7149,3.2028,16014.5000,229.6250,648.0000,28.7200
191.4930,42.1920,176.5200,3.3422,0.7364,3.0809,16036.0100,227.8930,1260.0000,40.0500
189.8500,40.3750,179.4500,3.3135,0.7047,3.1320,16111.2100,231.8440,2079.0000,51.4500
138.6420,48.2300,260.2700,2.4198,0.8418,4.5426,16716.8100,232.2330,3438.0000,66.1600
199.8590,48.4950,133.5200,3.4882,0.8464,2.3303,16877.3600,234.9220,2430.0000,55.6200
63.4690,23.1060,278.6100,1.1077,0.4033,4.8627,2321.8700,246.1850,4086.0000,72.1300
29.6060,50.7020,331.6700,0.5167,0.8849,5.7887,3734.8400,247.1740,3771.0000,69.2900
219.8370,25.1160,125.7100,3.8369,0.4384,2.1940,4012.8500,238.6310,1341.0000,41.3200
54.3550,36.9390,281.0000,0.9487,0.6447,4.9045,5833.1700,255.5140,4572.0000,76.3000
142.3670,47.2760,230.1500,2.4848,0.8251,4.0169,5944.6000,227.0810,1116.0000,37.7000
47.7010,49.0430,332.7400,0.8326,0.8560,5.8075,6597.9600,259.0350,7515.0000,97.8200
317.2170,52.9010,51.9700,5.5365,0.9233,0.9070,8435.2800,219.6210,261.0000,18.2300
197.1230,31.2850,144.5800,3.4405,0.5460,2.5234,10542.8600,251.3850,7938.0000,100.5300
350.4210,10.0450,45.1600,6.1160,0.1753,0.7882,10732.6100,244.5080,3294.0000,64.7600
158.1660,45.6150,220.0600,2.7605,0.7961,3.8409,11611.5000,216.0000,72.0000,9.5700
188.6680,38.9670,168.7200,3.2929,0.6801,2.9447,12006.8900,222.5070,639.0000,28.5200
265.8180,14.3850,83.6500,4.6394,0.2511,1.4599,12576.9400,230.1020,1323.0000,41.0400
48.3270,33.2460,309.2500,0.8435,0.5803,5.3975,13334.3000,219.0000,306.0000,19.7400
146.2140,47.5600,219.8100,2.5519,0.8301,3.8365,13775.7300,252.3300,5886.0000,86.5700
349.5550,10.6220,32.7400,6.1009,0.1854,0.5714,15296.6300,235.8050,3546.0000,67.1900
323.4190,51.6650,51.6300,5.6447,0.9017,0.9011,15604.4200,234.9650,1566.0000,44.6500
11.0020,17.6780,318.0800,0.1920,0.3085,5.5515,15704.3700,228.4340,684.0000,29.5100
202.2340,43.8920,133.0400,3.5297,0.7661,2.3220,925.5400,230.7090,927.0000,34.3600
355.9030,43.9670,40.4500,6.2117,0.7674,0.7060,1274.5400,242.2680,3060.0000,62.4200
200.6660,29.3300,155.2400,3.5023,0.5119,2.7095,3170.8500,223.7690,351.0000,21.1400
143.9600,23.2120,237.6300,2.5126,0.4051,4.1475,3488.4800,251.5740,4500.0000,75.6900
329.2600,51.5340,56.1300,5.7467,0.8994,0.9796,4052.8500,240.8080,1638.0000,45.6700
31.9870,53.5200,318.9900,0.5583,0.9341,5.5674,5610.9900,230.3910,576.0000,27.0800
210.0650,43.4690,131.2700,3.6663,0.7587,2.2911,6272.2200,254.1290,5796.0000,85.9100
165.7770,24.7300,202.4400,2.8934,0.4316,3.5333,7268.1400,227.8700,1035.0000,36.3000
173.8510,21.4530,188.5200,3.0343,0.3744,3.2903,7643.1500,222.3210,252.0000,17.9100
130.8180,53.9560,223.0100,2.2832,0.9417,3.8922,8303.5200,230.1100,1062.0000,36.7700
225.0910,4.0530,153.2000,3.9286,0.0707,2.6738,8395.8200,229.7440,387.0000,22.2000
82.6720,45.8890,318.2100,1.4429,0.8009,5.5538,9423.4700,245.2580,1746.0000,47.1500
355.2630,17.6570,38.0400,6.2005,0.3082,0.6639,11314.1100,231.3700,657.0000,28.9200
171.5350,43.3800,223.7400,2.9939,0.7571,3.9051,11801.8900,255.0790,7857.0000,100.0200
167.5440,33.4960,219.5300,2.9242,0.5846,3.8315,11928.6600,253.6320,7398.0000,97.0500
234.0630,7.5250,144.2700,4.0852,0.1313,2.5181,13009.8900,227.6860,774.0000,31.3900
26.3260,38.6830,316.7100,0.4595,0.6751,5.5276,13657.8700,256.0830,7281.0000,96.2800
12.7600,12.0210,336.4000,0.2227,0.2098,5.8713,13847.9300,256.7780,4464.0000,75.3900
184.4590,21.3360,159.0600,3.2194,0.3724,2.7761,14042.6400,256.6450,4842.0000,78.5200
341.4880,22.1570,42.5800,5.9601,0.3867,0.7432,14644.6200,229.9780,819.0000,32.2900
38.5640,49.7850,327.2200,0.6731,0.8689,5.7111,14835.5700,236.4980,2583.0000,57.3500
214.5040,48.9910,126.3000,3.7438,0.8551,2.2043,16782.3000,239.2470,2403.0000,55.3100
13.3540,40.2060,323.2400,0.2331,0.7017,5.6416,16929.3300,225.5450,594.0000,27.5000
84.7300,12.0530,300.7800,1.4788,0.2104,5.2496,17248.2800,236.2200,1557.0000,44.5200
338.6640,35.0920,45.0600,5.9108,0.6125,0.7865,1691.5600,242.6650,2097.0000,51.6700
346.5590,8.3340,356.1500,6.0486,0.1455,6.2160,1955.8900,239.2800,2025.0000,50.7800
161.9350,42.9370,209.9500,2.8263,0.7494,3.6643,3609.6500,245.2680,3798.0000,69.5400
47.4680,24.4550,320.2500,0.8285,0.4268,5.5893,3804.4100,248.5660,3357.0000,65.3800
244.8100,14.2290,87.0300,4.2728,0.2483,1.5190,4083.9600,231.0400,675.0000,29.3200
139.7660,34.0550,243.8800,2.4394,0.5944,4.2564,4859.8100,249.4090,3303.0000,64.8500
26.7440,29.8080,313.9300,0.4668,0.5203,5.4791,6854.6400,242.5490,2097.0000,51.6700
319.6780,53.5660,39.9200,5.5794,0.9349,0.6967,7305.0000,219.0000,27.0000,5.8600
200.3060,40.2380,179.8900,3.4960,0.7023,3.1396,7348.9800,223.3390,504.0000,25.3300
21.8350,45.3610,318.5300,0.3811,0.7917,5.5593,7725.1000,254.1560,3168.0000,63.5100
183.1670,17.2680,184.3500,3.1969,0.3014,3.2174,7750.6600,234.1680,963.0000,35.0200
196.7920,27.2080,136.0700,3.4347,0.4749,2.3748,8852.2100,236.4740,1026.0000,36.1400
202.5460,34.3940,179.7500,3.5351,0.6003,3.1372,8950.6700,238.0310,1440.0000,42.8200
10.2370,4.7100,24.1800,0.1787,0.0822,0.4221,9121.2100,249.9570,3555.0000,67.2800
324.4420,57.7730,47.7000,5.6626,1.0083,0.8326,10694.0600,232.9710,918.0000,34.1900
349.0020,13.5420,32.0800,6.0912,0.2364,0.5599,11038.2000,241.4840,1692.0000,46.4100
352.9720,14.7050,11.6600,6.1605,0.2567,0.2035,11985.6600,226.3170,369.0000,21.6800
326.5420,39.5890,52.1800,5.6992,0.6910,0.9108,12284.4700,253.1410,3123.0000,63.0600
47.2320,45.8280,312.9900,0.8244,0.7999,5.4628,13055.7400,243.7500,2196.0000,52.8800
318.9570,57.7080,41.1700,5.5669,1.0072,0.7185,13123.6100,258.7430,6903.0000,93.7500
188.5130,17.7670,198.5800,3.2902,0.3101,3.4658,14496.4600,239.1930,2376.0000,55.0000
34.2570,49.3920,320.9900,0.5979,0.8621,5.6024,14592.6900,238.6200,3051.0000,62.3300
180.6250,25.6730,193.4400,3.1525,0.4481,3.3762,14938.1000,235.9670,2169.0000,52.5500
316.4770,9.2760,60.0900,5.5236,0.1619,1.0488,15079.0600,238.8910,2070.0000,51.3400
7.3730,36.6650,324.9100,0.1287,0.6399,5.6708,15428.6500,239.2630,2052.0000,51.1100
7.5530,16.4280,316.0700,0.1318,0.2867,5.5165,15534.5200,233.8000,1350.0000,41.4600
145.1860,42.0930,213.1600,2.5340,0.7347,3.7204,15723.3400,224.1670,324.0000,20.3100
7.7060,37.3040,7.8300,0.1345,0.6511,0.1367,16068.4700,230.0770,936.0000,34.5200
177.8240,20.2930,199.1500,3.1036,0.3542,3.4758,16289.9400,236.2700,2034.0000,50.8900
28.3590,46.6940,320.2200,0.4950,0.8150,5.5888,17162.1100,234.7070,1107.0000,37.5400
16.7930,15.6760,335.9500,0.2931,0.2736,5.8635,40.7000,227.6090,207.0000,16.2300
180.3720,25.0010,190.3300,3.1481,0.4363,3.3219,210.0000,220.5000,18.0000,4.7900
61.0110,18.8160,308.5800,1.0648,0.3284,5.3858,246.8500,233.9350,414.0000,22.9600
334.4350,52.6690,44.3300,5.8370,0.9193,0.7737,696.5800,244.3470,1584.0000,44.9100
164.2980,48.0260,219.5700,2.8675,0.8382,3.8323,809.0000,239.1110,2520.0000,56.6400
108.2690,43.7820,224.6500,1.8897,0.7641,3.9210,882.9200,231.0330,819.0000,32.2900
117.5430,52.7490,215.6600,2.0515,0.9206,3.7639,1120.7100,234.2210,855.0000,32.9900
41.4300,34.6940,303.2600,0.7231,0.6055,5.2929,1440.6500,242.8990,2133.0000,52.1100
188.7240,35.2680,146.1000,3.2939,0.6155,2.5499,3922.7000,228.6520,207.0000,16.2300
37.6990,29.7490,358.9800,0.6580,0.5192,6.2653,5697.5300,260.6760,5589.0000,84.3600
2.0150,9.1850,345.5400,0.0352,0.1603,6.0307,6681.6200,262.5550,5157.0000,81.0300
7.3290,10.9100,15.0500,0.1279,0.1904,0.2627,11117.6400,248.0100,1854.0000,48.5900
353.8200,18.8850,32.2900,6.1753,0.3296,0.5635,11132.0300,227.5950,333.0000,20.5900
298.5330,10.3260,83.1000,5.2104,0.1802,1.4504,12965.5700,222.8570,63.0000,8.9600
195.5850,43.8920,136.2300,3.4136,0.7661,2.3776,14731.9500,239.1880,2493.0000,56.3400
19.6490,23.9720,315.4900,0.3429,0.4184,5.5063,15680.1900,242.8680,1224.0000,39.4800
201.0050,7.1230,115.6900,3.5082,0.1243,2.0192,16949.2500,219.7500,36.0000,6.7700
315.0440,50.7650,45.0100,5.4986,0.8860,0.7856,1039.4200,230.9210,342.0000,20.8700
173.8760,29.7120,167.9000,3.0347,0.5186,2.9303,1500.0000,243.2980,1449.0000,42.9500
185.1010,14.0080,194.7600,3.2306,0.2445,3.3991,3557.8300,254.9810,2790.0000,59.6000
210.4140,12.0490,136.1700,3.6724,0.2103,2.3767,4326.3200,255.1020,3186.0000,63.6900
218.5730,47.6970,125.1400,3.8148,0.8325,2.1841,4797.0000,229.5000,126.0000,12.6700
356.1170,28.4950,46.9700,6.2154,0.4973,0.8197,7369.6200,228.2310,117.0000,12.2100
205.1050,29.6740,135.4900,3.5798,0.5179,2.3647,7853.2900,244.1080,2241.0000,53.4200
161.6910,17.6280,211.7000,2.8220,0.3077,3.6948,8364.4700,243.6200,1872.0000,48.8200
136.4860,51.4350,227.7800,2.3821,0.8977,3.9756,8679.1000,252.3140,3006.0000,61.8700
212.4360,34.4490,139.1600,3.7077,0.6012,2.4287,10126.5900,242.6170,1341.0000,41.3200
1.5530,32.9650,16.8800,0.0271,0.5754,0.2946,11077.4300,243.9740,1386.0000,42.0100
303.8970,46.0700,47.7800,5.3040,0.8041,0.8340,12983.1000,238.9490,1233.0000,39.6200
185.2330,21.4710,217.8800,3.2329,0.3747,3.8027,13891.9300,239.0900,1305.0000,40.7600
67.1800,51.4470,310.3800,1.1725,0.8979,5.4172,16961.0400,242.5220,1242.0000,39.7700
286.8890,48.7580,42.3400,5.0072,0.8510,0.7390,17054.3400,241.6110,1944.0000,49.7500
180.7810,25.0760,189.9400,3.1552,0.4377,3.3150,180.8100,243.8540,1233.0000,39.6200
168.5880,44.0110,202.4900,2.9424,0.7681,3.5342,276.5800,246.2880,1593.0000,45.0400
288.3280,19.9440,97.4600,5.0323,0.3481,1.7011,1472.3600,243.3380,720.0000,30.2800
187.2790,6.2490,130.2100,3.2686,0.1091,2.2726,2962.0700,233.7860,126.0000,12.6700
174.5840,24.9000,166.5500,3.0471,0.4346,2.9068,4431.4900,241.4420,936.0000,34.5200
58.2440,50.5930,321.3700,1.0166,0.8830,5.6091,6589.2900,227.3570,126.0000,12.6700
353.9950,31.7590,47.3900,6.1784,0.5543,0.8271,7645.5600,264.7630,3645.0000,68.1200
151.6000,37.2560,223.4800,2.6459,0.6502,3.9005,8806.2100,253.2900,3348.0000,65.2900
37.9850,39.4590,309.3500,0.6630,0.6887,5.3992,9243.0500,254.7930,2610.0000,57.6500
354.1770,13.7610,36.6300,6.1816,0.2402,0.6393,10779.3600,249.6990,1854.0000,48.5900
26.9850,30.9040,306.9400,0.4710,0.5394,5.3571,11694.5000,257.6770,3339.0000,65.2000
342.0690,3.6590,339.4700,5.9702,0.0639,5.9248,12497.8000,230.6000,135.0000,13.1100
37.7020,38.9690,309.2200,0.6580,0.6801,5.3969,12827.7000,237.0390,693.0000,29.7000
14.3830,6.2890,7.1100,0.2510,0.1098,0.1242,13335.0000,236.4420,387.0000,22.2000
182.6060,24.2260,208.2100,3.1871,0.4228,3.6339,739.5000,246.7020,1692.0000,46.4100
119.1820,48.2340,235.2300,2.0801,0.8418,4.1056,1169.6000,246.9170,2268.0000,53.7400
27.1670,40.4250,313.1000,0.4742,0.7056,5.4647,2407.3700,244.8990,711.0000,30.0900
337.3590,44.5020,34.3100,5.8880,0.7767,0.5988,3528.7500,231.4500,180.0000,15.1400
191.7970,31.5080,134.2800,3.3475,0.5499,2.3436,3977.5400,257.2050,2106.0000,51.7800
54.6000,2.0750,288.8500,0.9530,0.0362,5.0413,4176.1900,256.4770,2979.0000,61.5900
62.1080,40.2910,278.2100,1.0840,0.7032,4.8557,5639.2400,259.7350,2070.0000,51.3400
207.2690,47.9870,132.8100,3.6175,0.8375,2.3179,6132.8100,262.3070,4257.0000,73.6200
170.9750,13.4900,226.9500,2.9841,0.2355,3.9611,6192.7200,255.0300,1809.0000,47.9900
15.5020,21.3940,315.7400,0.2706,0.3734,5.5107,7320.7100,235.4180,495.0000,25.1000
222.7830,36.8410,130.0400,3.8883,0.6430,2.2696,8257.5000,264.3480,4428.0000,75.0900
238.5140,50.1210,117.7000,4.1629,0.8748,2.0543,8548.3100,253.6140,3195.0000,63.7800
199.7080,43.3650,168.9100,3.4856,0.7569,2.9481,9455.9600,250.2360,1485.0000,43.4800
145.0020,45.5240,221.8100,2.5308,0.7946,3.8714,9797.8700,233.8700,207.0000,16.2300
211.7880,31.8630,145.3700,3.6964,0.5561,2.5371,10381.8700,256.1180,1836.0000,48.3500
3.7470,17.5800,13.9200,0.0654,0.3068,0.2429,11335.0500,235.3040,207.0000,16.2300
195.0210,19.2260,121.2700,3.4038,0.3356,2.1165,11528.2900,256.4090,2970.0000,61.4900
33.5210,51.2920,325.4300,0.5851,0.8952,5.6798,12525.7200,250.3410,2556.0000,57.0500
34.2050,47.7060,323.1200,0.5970,0.8326,5.6395,13212.2800,249.0420,1953.0000,49.8700
44.4410,43.4200,323.5800,0.7757,0.7578,5.6476,13447.5000,236.6790,252.0000,17.9100
303.3980,1.1880,90.2300,5.2953,0.0207,1.5747,14165.2200,248.8300,1269.0000,40.2000
185.8480,38.6010,199.1200,3.2437,0.6737,3.4754,15234.2300,244.0470,954.0000,34.8500
157.7770,43.0250,218.7700,2.7537,0.7509,3.8182,15252.0000,230.4000,45.0000,7.5700
10.2920,20.3680,3.0500,0.1796,0.3555,0.0533,16187.4600,232.0910,99.0000,11.2300
35.3970,47.4840,325.0900,0.6178,0.8288,5.6738,17186.0500,243.7110,873.0000,33.3400
185.7530,15.9970,186.9000,3.2420,0.2792,3.2621,216.4800,248.6610,1116.0000,37.7000
327.9680,48.2520,52.8000,5.7241,0.8422,0.9215,855.9200,251.1430,1323.0000,41.0400
349.8900,15.6220,349.6800,6.1067,0.2727,6.1031,2540.4400,248.5310,1152.0000,38.3000
30.2570,9.7480,313.3900,0.5281,0.1701,5.4698,2583.9100,250.1250,1368.0000,41.7300
325.5480,26.5010,39.9400,5.6819,0.4625,0.6971,2807.6500,246.0700,387.0000,22.2000
256.1020,9.0170,95.1000,4.4698,0.1574,1.6599,3167.3300,255.4530,2205.0000,52.9900
196.5550,12.1350,174.0000,3.4305,0.2118,3.0369,3652.9000,256.5850,954.0000,34.8500
170.7570,31.8500,193.5000,2.9803,0.5559,3.3772,3699.9400,241.5940,288.0000,19.1500
154.9670,36.3980,191.7700,2.7047,0.6353,3.3470,3996.2200,246.7320,369.0000,21.6800
203.7100,43.0810,132.9200,3.5554,0.7519,2.3198,4788.9000,234.6000,90.0000,10.7000
191.9790,33.9030,163.7700,3.3507,0.5917,2.8583,5597.2500,250.4170,324.0000,20.3100
342.8020,31.0290,51.9000,5.9830,0.5416,0.9058,5770.2200,266.5200,3825.0000,69.7900
192.9080,47.0770,130.4500,3.3669,0.8216,2.2768,6492.9500,244.5190,711.0000,30.0900
175.2320,42.1810,219.8400,3.0584,0.7362,3.8369,6711.0000,238.0440,207.0000,16.2300
24.1240,10.7580,6.6200,0.4210,0.1878,0.1155,7293.7700,266.3120,2862.0000,60.3700
246.8010,21.3640,95.5400,4.3075,0.3729,1.6675,7396.1700,265.4250,5058.0000,80.2500
197.6410,42.4630,127.9100,3.4495,0.7411,2.2324,7431.0000,234.6920,117.0000,12.2100
74.1600,7.0640,268.6400,1.2943,0.1233,4.6887,7568.8000,269.1980,5220.0000,81.5200
349.1150,36.2490,43.9700,6.0932,0.6327,0.7674,7690.7600,265.0810,2223.0000,53.2000
44.4490,39.4980,314.6300,0.7758,0.6894,5.4914,8744.9800,258.3320,2925.0000,61.0300
195.8470,37.3110,161.2500,3.4182,0.6512,2.8143,10310.2400,257.9950,5031.0000,80.0400
174.8560,42.5600,218.1500,3.0518,0.7428,3.8074,11560.2500,248.6000,540.0000,26.2200
359.2560,21.2540,23.5300,6.2702,0.3710,0.4107,11631.2400,263.2540,3582.0000,67.5300
55.9250,46.9060,301.0700,0.9761,0.8187,5.2546,13027.0000,232.0000,27.0000,5.8600
187.7220,20.8440,146.9800,3.2764,0.3638,2.5653,13920.2700,256.5680,999.0000,35.6600
299.2260,8.5050,92.6700,5.2225,0.1485,1.6173,14227.9700,247.1140,315.0000,20.0300
279.5830,21.3260,104.2800,4.8796,0.3722,1.8200,15184.4200,246.1540,1053.0000,36.6200
218.4640,38.6230,127.6400,3.8129,0.6741,2.2277,15764.2800,246.1490,1089.0000,37.2400
147.2660,35.3580,227.8300,2.5703,0.6171,3.9764,16170.7900,247.5330,1233.0000,39.6200
150.6270,27.0830,230.5300,2.6290,0.4727,4.0235,16840.5000,231.0000,18.0000,4.7900
174.4000,20.8460,207.0100,3.0439,0.3638,3.6129,16840.5000,237.2140,126.0000,12.6700
199.5220,40.7010,143.1500,3.4823,0.7104,2.4984,16920.0700,246.8330,810.0000,32.1100
125.1510,50.9390,216.1600,2.1843,0.8891,3.7726,17094.3300,244.6960,414.0000,22.9600
324.1750,53.7060,45.0100,5.6579,0.9374,0.7855,49.5000,252.3440,1098.0000,37.3900
207.2420,45.6250,135.2500,3.6171,0.7963,2.3606,906.3500,252.5460,1386.0000,42.0100
326.3290,51.3830,50.0200,5.6955,0.8968,0.8730,1222.5700,247.4780,1224.0000,39.4800
293.0570,22.7880,46.2600,5.1148,0.3977,0.8073,2443.2800,248.8360,1314.0000,40.9000
197.9550,41.8570,136.1600,3.4550,0.7305,2.3764,3207.8900,257.2500,1548.0000,44.4000
189.4820,13.0210,166.1000,3.3071,0.2273,2.8990,3940.2200,245.9060,576.0000,27.0800
221.8430,41.1410,119.7100,3.8719,0.7181,2.0894,4914.8500,260.7540,2745.0000,59.1200
129.9310,27.1960,265.1200,2.2677,0.4747,4.6273,6066.3600,268.8680,3960.0000,71.0100
185.8310,27.0640,194.4800,3.2434,0.4724,3.3943,7345.4700,241.4650,387.0000,22.2000
207.6800,45.0140,129.3200,3.6247,0.7856,2.2570,8452.6800,253.1380,1566.0000,44.6500
37.7310,42.0000,320.7100,0.6585,0.7330,5.5975,8929.4400,249.9550,396.0000,22.4500
92.3130,34.9960,299.3100,1.6112,0.6108,5.2239,8999.0100,253.8560,1251.0000,39.9100
328.9210,47.9510,43.3200,5.7408,0.8369,0.7561,9775.6800,258.5060,1548.0000,44.4000
25.9480,9.0650,294.0500,0.4529,0.1582,5.1321,9824.6500,260.7620,2493.0000,56.3400
191.5200,20.8440,156.9200,3.3427,0.3638,2.7387,12055.2000,236.4000,45.0000,7.5700
227.5630,48.3780,123.7100,3.9717,0.8444,2.1591,12326.1100,247.5680,396.0000,22.4500
233.1730,18.1590,111.0000,4.0696,0.3169,1.9372,12465.4300,244.5600,450.0000,23.9400
53.0460,46.7430,303.4300,0.9258,0.8158,5.2959,13278.7500,240.3210,504.0000,25.3300
326.6110,50.0490,41.8800,5.7004,0.8735,0.7309,14782.1700,246.6230,693.0000,29.7000
49.0270,58.6250,317.3300,0.8557,1.0232,5.5384,17026.0000,235.0000,27.0000,5.8600
337.7540,51.4320,47.9800,5.8949,0.8977,0.8374,81.7300,249.6630,855.0000,32.9900
23.2270,17.2390,307.6600,0.4054,0.3009,5.3697,2169.7300,253.7070,1629.0000,45.5400
224.4560,29.0530,120.2900,3.9175,0.5071,2.0995,4381.1200,260.2860,2079.0000,51.4500
184.7310,39.3560,134.7100,3.2242,0.6869,2.3512,5442.5500,266.7800,3312.0000,64.9400
21.0450,36.7200,327.4700,0.3673,0.6409,5.7155,6010.7200,267.5030,1773.0000,47.5100
311.9030,58.1260,46.0200,5.4437,1.0145,0.8032,6473.4800,267.9100,3114.0000,62.9700
24.6680,31.7100,315.6700,0.4305,0.5534,5.5096,7193.2800,268.9810,3789.0000,69.4600
315.2490,28.8000,31.2100,5.5021,0.5027,0.5447,7465.3400,270.0290,2808.0000,59.7900
197.2840,12.4200,155.7100,3.4433,0.2168,2.7176,8200.6500,269.5800,2187.0000,52.7700
27.5790,42.3740,320.7100,0.4813,0.7396,5.5974,9303.9600,261.4140,1044.0000,36.4600
181.2220,3.9580,214.5600,3.1629,0.0691,3.7447,10300.5000,238.5000,36.0000,6.7700
211.8770,42.0820,132.3500,3.6980,0.7345,2.3100,10436.2300,259.8550,2736.0000,59.0200
213.5690,30.5570,122.0000,3.7275,0.5333,2.1294,12006.4400,254.3080,1053.0000,36.6200
163.8030,40.1810,228.7700,2.8589,0.7013,3.9929,12429.7600,265.0380,3069.0000,62.5100
194.1690,10.3530,174.5000,3.3889,0.1807,3.0456,12929.9400,258.0170,1575.0000,44.7800
45.4850,44.4760,311.3500,0.7939,0.7763,5.4341,13312.7700,252.1550,873.0000,33.3400
201.7140,45.9950,132.5300,3.5206,0.8028,2.3131,16534.6100,248.0140,657.0000,28.9200
326.8950,49.4140,48.9300,5.7054,0.8624,0.8540,17215.1900,247.5850,477.0000,24.6400
79.7650,22.0910,262.0300,1.3922,0.3856,4.5732,1032.3700,255.1750,1386.0000,42.0100
123.2570,56.3610,220.4600,2.1513,0.9837,3.8477,1089.3000,254.7300,801.0000,31.9400
11.2990,34.9330,328.8700,0.1972,0.6097,5.7399,2201.3600,249.1070,252.0000,17.9100
23.3990,12.9230,312.6700,0.4084,0.2256,5.4572,2392.7500,251.5830,324.0000,20.3100
130.5350,45.6710,213.7600,2.2783,0.7971,3.7308,2976.4000,253.4670,405.0000,22.7100
178.9000,22.0260,179.1000,3.1224,0.3844,3.1259,3914.7300,263.1130,2313.0000,54.2700
160.8100,49.6000,228.3800,2.8067,0.8657,3.9860,4800.7100,264.6300,2016.0000,50.6600
161.5600,47.2370,221.0500,2.8198,0.8244,3.8581,5375.9400,269.6290,801.0000,31.9400
278.4970,7.3970,64.8100,4.8607,0.1291,1.1311,5970.8900,268.4790,2610.0000,57.6500
31.7550,20.6730,310.8500,0.5542,0.3608,5.4254,7249.9800,267.9960,2034.0000,50.8900
10.8000,15.8480,325.8200,0.1885,0.2766,5.6866,7773.9900,267.7010,1773.0000,47.5100
276.2070,13.7360,73.9100,4.8207,0.2397,1.2900,7901.3200,269.5300,2700.0000,58.6300
216.4960,47.0770,125.3200,3.7786,0.8217,2.1873,8492.2300,259.6740,1323.0000,41.0400
51.4480,54.0670,321.5900,0.8979,0.9436,5.6129,8598.1900,262.5690,1170.0000,38.6000
133.9800,39.3950,229.2000,2.3384,0.6876,4.0002,8635.6500,262.8660,1404.0000,42.2800
136.5080,53.0500,223.8900,2.3825,0.9259,3.9076,11314.1200,264.7170,2070.0000,51.3400
346.7080,19.6630,30.0800,6.0512,0.3432,0.5250,11586.5600,257.5160,1116.0000,37.7000
167.0380,31.3550,229.5500,2.9154,0.5473,4.0064,12572.6000,257.6490,1152.0000,38.3000
253.5230,16.1680,86.4100,4.4248,0.2822,1.5082,12611.0800,245.5390,117.0000,12.2100
43.4730,47.1570,319.3100,0.7588,0.8231,5.5729,13349.7500,260.0600,1350.0000,41.4600
357.0880,10.8800,14.8500,6.2324,0.1899,0.2593,13457.3700,268.0390,3429.0000,66.0800
340.9150,17.7270,13.4400,5.9501,0.3094,0.2346,13580.8200,247.5000,450.0000,23.9400
328.7070,46.9370,41.7100,5.7370,0.8192,0.7280,14131.4800,269.9260,2187.0000,52.7700
168.3850,43.1620,213.6300,2.9389,0.7533,3.7285,14665.9400,248.9290,765.0000,31.2100
31.3860,42.3670,314.8200,0.5478,0.7395,5.4947,15208.5000,241.5000,54.0000,8.2900
149.0050,8.0260,196.4600,2.6006,0.1401,3.4289,16050.7700,249.7660,423.0000,23.2100
27.6730,46.7290,323.4800,0.4830,0.8156,5.6459,16833.7500,249.5630,288.0000,19.1500
48.9210,44.5350,323.9700,0.8538,0.7773,5.6543,17137.1500,244.1540,117.0000,12.2100
193.9290,43.6660,135.3900,3.3847,0.7621,2.3631,116.5400,253.9570,828.0000,32.4700
272.4940,4.4210,99.7700,4.7559,0.0772,1.7413,158.4600,255.1640,495.0000,25.1000
168.7540,30.2110,198.1700,2.9453,0.5273,3.4587,420.8000,255.2750,981.0000,35.3400
214.9490,53.4760,130.9200,3.7516,0.9333,2.2850,778.6200,256.8160,684.0000,29.5100
173.7950,29.0440,203.3600,3.0333,0.5069,3.5492,2486.6900,256.5110,1215.0000,39.3300
193.4030,27.1230,131.2200,3.3755,0.4734,2.2902,2943.7700,269.0110,2484.0000,56.2400
330.3060,44.6360,49.6500,5.7649,0.7790,0.8665,3682.0400,262.5000,1224.0000,39.4800
236.0300,11.7390,133.5000,4.1195,0.2049,2.3299,3771.5300,265.9670,810.0000,32.1100
131.8550,13.3540,213.1200,2.3013,0.2331,3.7197,4235.1000,264.1510,1071.0000,36.9300
217.6450,12.2140,122.0300,3.7986,0.2132,2.1299,4516.5200,266.5150,1170.0000,38.6000
161.9030,42.9720,215.9500,2.8257,0.7500,3.7691,5211.0400,264.4890,1602.0000,45.1600
23.4100,31.8470,335.1800,0.4086,0.5558,5.8500,5484.1300,259.1090,414.0000,22.9600
202.0100,48.3470,135.4400,3.5257,0.8438,2.3639,10686.2800,266.4300,1467.0000,43.2200
31.3620,55.3270,321.1700,0.5474,0.9657,5.6054,11987.7400,267.8000,405.0000,22.7100
336.0070,51.9500,43.3500,5.8644,0.9067,0.7566,12047.4900,260.5260,684.0000,29.5100
4.8820,36.6880,329.3400,0.0852,0.6403,5.7480,12642.8500,265.6340,1206.0000,39.1900
171.2680,32.8790,143.6800,2.9892,0.5738,2.5076,12676.6600,251.6840,342.0000,20.8700
49.6100,13.2280,280.7300,0.8659,0.2309,4.8996,12961.2100,270.0630,1710.0000,46.6600
54.9720,26.8070,288.8600,0.9594,0.4679,5.0416,15564.9600,250.2170,621.0000,28.1200
313.1970,59.3170,46.7800,5.4663,1.0353,0.8165,16083.9300,250.4670,405.0000,22.7100
207.7030,21.2510,140.5000,3.6251,0.3709,2.4521,17004.5100,250.4170,324.0000,20.3100
134.8150,57.4660,224.0100,2.3530,1.0030,3.9097,140.9000,257.1000,270.0000,18.5400
357.6920,9.1130,330.0700,6.2429,0.1591,5.7609,244.9300,257.3900,531.0000,26.0000
182.5240,33.1230,185.5900,3.1857,0.5781,3.2391,458.8600,257.0160,576.0000,27.0800
212.6070,53.2620,142.3100,3.7107,0.9296,2.4837,1125.0800,256.6440,657.0000,28.9200
30.4260,44.6570,327.5200,0.5310,0.7794,5.7163,2119.5600,257.4250,657.0000,28.9200
340.4080,30.9020,56.8100,5.9412,0.5393,0.9915,2247.8800,255.9030,1017.0000,35.9800
233.1130,19.1820,101.5000,4.0686,0.3348,1.7715,4080.1600,265.3450,1566.0000,44.6500
174.7340,8.8630,151.6800,3.0497,0.1547,2.6472,5176.1200,271.3800,1233.0000,39.6200
194.2670,18.5260,197.3700,3.3906,0.3233,3.4448,7038.1300,271.8490,1899.0000,49.1700
163.1830,32.1330,223.0400,2.8481,0.5608,3.8928,7339.2500,258.8140,630.0000,28.3200
45.7350,14.4730,295.8900,0.7982,0.2526,5.1642,7811.6500,274.3080,2043.0000,51.0000
165.5250,38.7410,229.0700,2.8890,0.6762,3.9980,8324.4300,273.0700,3087.0000,62.6900
30.9900,49.7070,327.4900,0.5409,0.8676,5.7158,9337.5500,258.3750,576.0000,27.0800
184.8710,17.7490,201.8900,3.2266,0.3098,3.5236,11489.9000,274.0400,1350.0000,41.4600
309.7190,58.9490,41.4200,5.4056,1.0289,0.7230,12830.6900,258.0790,684.0000,29.5100
312.8120,56.4810,40.9500,5.4596,0.9858,0.7147,13016.1700,270.7580,2493.0000,56.3400
301.5630,23.1030,73.0600,5.2633,0.4032,1.2751,13247.2100,264.9930,1224.0000,39.4800
92.6810,24.3650,279.4900,1.6176,0.4253,4.8781,13284.3600,252.5000,378.0000,21.9400
186.9390,28.7270,137.7300,3.2627,0.5014,2.4039,13558.5200,270.5840,1386.0000,42.0100
191.7780,9.7270,180.2200,3.3472,0.1698,3.1454,14248.0600,251.1890,333.0000,20.5900
214.1960,34.3160,126.1300,3.7384,0.5989,2.2013,15717.7800,251.4190,279.0000,18.8500
324.3570,53.7540,48.5000,5.6611,0.9382,0.8465,17123.2500,251.1250,432.0000,23.4500
193.1990,26.6530,171.6300,3.3720,0.4652,2.9954,1975.3500,258.8250,360.0000,21.4100
172.8900,17.3060,180.7500,3.0175,0.3021,3.1547,4426.8000,250.2000,45.0000,7.5700
166.7170,13.0160,185.7300,2.9098,0.2272,3.2416,4478.1500,266.8910,1233.0000,39.6200
152.5620,49.8180,217.9000,2.6627,0.8695,3.8031,5615.0300,274.6300,1143.0000,38.1500
350.1510,21.5810,325.5000,6.1113,0.3767,5.6811,8384.8800,275.3550,1548.0000,44.4000
167.2910,7.4080,212.9600,2.9198,0.1293,3.7168,8400.0000,250.5000,18.0000,4.7900
344.8900,41.5000,47.3700,6.0195,0.7243,0.8267,8861.7900,267.0970,1116.0000,37.7000
0.9390,7.5830,24.7400,0.0164,0.1323,0.4318,10832.0600,256.8750,144.0000,13.5400
23.3690,37.6450,316.1500,0.4079,0.6570,5.5179,11007.3200,267.4730,1314.0000,40.9000
332.6310,8.1250,65.7800,5.8055,0.1418,1.1482,12234.9900,270.1600,1863.0000,48.7000
30.8010,51.6420,323.1000,0.5376,0.9013,5.6392,12317.5700,258.2140,126.0000,12.6700
18.2690,45.9540,325.7200,0.3189,0.8021,5.6849,12604.5000,249.0000,18.0000,4.7900
188.0780,22.8470,180.6700,3.2826,0.3988,3.1532,14272.5000,249.0000,18.0000,4.7900
198.0220,13.3460,183.9600,3.4561,0.2329,3.2107,16506.3200,252.6320,171.0000,14.7600
313.5180,55.7790,49.1200,5.4719,0.9735,0.8573,479.4000,254.8000,135.0000,13.1100
187.5390,38.6540,181.7000,3.2732,0.6746,3.1712,499.4300,259.4320,396.0000,22.4500
354.6920,7.7440,346.6300,6.1905,0.1352,6.0499,1826.8300,259.4570,315.0000,20.0300
79.5550,11.5620,241.6000,1.3885,0.2018,4.2167,2824.9200,271.3120,1503.0000,43.7500
191.0810,8.2850,182.4000,3.3350,0.1446,3.1835,3083.3400,271.0770,1179.0000,38.7400
201.3610,15.2640,140.4500,3.5144,0.2664,2.4514,4428.4300,265.6850,1458.0000,43.0900
184.3250,12.6940,214.9800,3.2171,0.2216,3.7520,5580.6600,264.3820,495.0000,25.1000
167.5740,12.8170,219.7200,2.9247,0.2237,3.8348,6220.5700,277.3680,1224.0000,39.4800
194.3020,20.7270,149.4200,3.3912,0.3618,2.6078,6437.7500,258.5000,108.0000,11.7300
312.7360,43.1530,47.6300,5.4583,0.7532,0.8314,8907.8600,267.6460,1422.0000,42.5500
316.2130,9.6030,67.0800,5.5190,0.1676,1.1707,10815.1600,267.9330,1071.0000,36.9300
147.0770,32.9210,245.9400,2.5670,0.5746,4.2925,12487.1700,261.2610,207.0000,16.2300
196.3600,40.8840,137.3000,3.4271,0.7136,2.3964,12612.9400,271.2340,1269.0000,40.2000
203.2490,53.2380,127.7500,3.5474,0.9292,2.2297,12855.0000,272.9380,1296.0000,40.6200
186.6060,31.6620,132.8800,3.2569,0.5526,2.3192,13499.8600,256.3640,198.0000,15.8800
339.9080,5.0490,25.3700,5.9325,0.0881,0.4427,13520.4300,271.2320,1512.0000,43.8800
188.0520,10.9230,183.9900,3.2821,0.1906,3.2112,13591.0200,270.7380,1062.0000,36.7700
138.6270,39.3390,229.3200,2.4195,0.6866,4.0023,14190.1100,274.1360,1521.0000,44.0100
175.6600,21.9460,209.2800,3.0658,0.3830,3.6527,14545.8000,254.4000,45.0000,7.5700
356.0460,33.3320,16.6800,6.2142,0.5818,0.2912,953.9300,259.7050,396.0000,22.4500
212.5480,51.0570,122.7400,3.7097,0.8911,2.1423,981.9000,259.8000,270.0000,18.5400
193.8700,40.6510,141.1700,3.3837,0.7095,2.4639,1401.8100,260.0000,432.0000,23.4500
117.8860,12.4190,255.6400,2.0575,0.2168,4.4617,1514.9000,261.8710,279.0000,18.8500
214.8240,2.3240,149.7100,3.7494,0.0406,2.6129,2090.0000,260.0000,135.0000,13.1100
176.0390,4.0290,164.2200,3.0725,0.0703,2.8662,2563.0000,261.0000,189.0000,15.5100
331.2990,26.3260,49.1900,5.7823,0.4595,0.8586,3132.9400,269.6110,693.0000,29.7000
129.9790,39.9960,224.2700,2.2686,0.6981,3.9143,5530.3000,272.5930,2385.0000,55.1100
164.0560,27.7210,224.2700,2.8633,0.4838,3.9142,6824.3100,277.9600,2232.0000,53.3100
24.8750,39.0570,351.3400,0.4341,0.6817,6.1320,9388.4300,269.7940,1179.0000,38.7400
36.9890,49.7350,321.5400,0.6456,0.8680,5.6119,10842.0000,258.0000,63.0000,8.9600
346.8050,25.2560,52.5500,6.0529,0.4408,0.9171,11095.5000,258.5000,54.0000,8.2900
163.1340,39.3140,218.3400,2.8472,0.6862,3.8108,12474.1200,274.7100,900.0000,33.8500
4.3140,25.0540,337.2100,0.0753,0.4373,5.8854,15636.0000,255.0000,63.0000,8.9600
87.2490,9.9840,263.4300,1.5228,0.1743,4.5978,15801.0000,255.0000,27.0000,5.8600
84.2410,18.1100,272.1500,1.4703,0.3161,4.7499,15861.0000,255.0000,27.0000,5.8600
224.2820,8.8150,119.0000,3.9145,0.1538,2.0770,16021.5000,255.0000,54.0000,8.2900
176.3250,21.8540,221.8900,3.0775,0.3814,3.8728,16216.5000,255.0000,54.0000,8.2900
149.1600,10.7670,226.6400,2.6033,0.1879,3.9556,16347.0000,255.0000,45.0000,7.5700
63.2810,46.4020,298.9300,1.1045,0.8099,5.2173,3112.6900,265.2190,288.0000,19.1500
191.4760,30.3580,152.6500,3.3419,0.5298,2.6642,4213.5900,271.6770,306.0000,19.7400
330.8320,49.9970,39.5000,5.7741,0.8726,0.6894,8427.5300,271.9710,918.0000,34.1900
19.6320,42.9130,340.3500,0.3426,0.7490,5.9402,8957.2700,270.5670,810.0000,32.1100
13.3250,34.4820,348.2600,0.2326,0.6018,6.0783,12328.8200,276.0910,1188.0000,38.8900
214.4790,33.2830,151.4000,3.7434,0.5809,2.6424,12670.7300,272.9090,891.0000,33.6800
189.3400,26.6730,127.3900,3.3046,0.4655,2.2233,13727.1400,276.4550,594.0000,27.5000
230.0100,26.4610,129.0900,4.0144,0.4618,2.2530,14225.2600,274.5400,684.0000,29.5100
151.2980,49.7250,213.3500,2.6407,0.8679,3.7237,716.0000,263.0000,27.0000,5.8600
211.8210,20.9570,114.9500,3.6970,0.3658,2.0062,1212.0000,263.0000,81.0000,10.1600
156.0770,10.4540,219.2100,2.7241,0.1825,3.8260,2787.7100,262.5880,153.0000,13.9600
345.0020,42.0920,48.8300,6.0214,0.7347,0.8523,4038.9200,271.6920,351.0000,21.1400
178.3460,7.6580,158.7400,3.1127,0.1337,2.7706,4845.3000,273.2110,639.0000,28.5200
181.9300,31.3040,160.9700,3.1753,0.5464,2.8094,6422.1800,280.3820,1602.0000,45.1600
199.2490,35.6070,133.9300,3.4776,0.6215,2.3376,7332.7500,281.5180,1008.0000,35.8200
172.8440,16.3170,223.0800,3.0167,0.2848,3.8935,8512.0600,271.2350,153.0000,13.9600
11.6030,45.1150,331.2400,0.2025,0.7874,5.7812,10865.1400,272.2780,972.0000,35.1800
160.8790,47.3700,212.1600,2.8079,0.8268,3.7030,11092.7000,271.6990,747.0000,30.8400
23.9190,40.8710,319.7000,0.4175,0.7133,5.5798,11428.5000,272.2500,108.0000,11.7300
345.7110,30.6940,46.0000,6.0338,0.5357,0.8029,11734.2900,266.1430,63.0000,8.9600
45.7970,57.5910,318.6700,0.7993,1.0052,5.5618,11853.6000,262.2000,45.0000,7.5700
206.7770,40.3250,165.0600,3.6089,0.7038,2.8809,12704.3600,277.9910,1044.0000,36.4600
209.1500,34.3910,129.0500,3.6504,0.6002,2.2523,12802.2600,278.1680,1395.0000,42.1400
194.8240,22.0320,170.9500,3.4003,0.3845,2.9837,12893.7200,276.6260,1035.0000,36.3000
171.0400,37.5250,222.4500,2.9852,0.6549,3.8825,13276.8600,276.2590,1044.0000,36.4600
349.7310,28.9260,34.0500,6.1040,0.5049,0.5943,196.5000,264.0000,36.0000,6.7700
200.7900,24.7770,118.3400,3.5045,0.4324,2.0653,3002.8500,275.5600,1044.0000,36.4600
179.6230,7.2460,167.9400,3.1350,0.1265,2.9312,4019.1700,273.3330,324.0000,20.3100
356.7580,28.5140,46.8600,6.2266,0.4977,0.8179,7353.9400,273.5630,144.0000,13.5400
68.0590,8.1530,269.1600,1.1879,0.1423,4.6978,7853.4900,280.0150,1170.0000,38.6000
36.3660,39.7730,306.4000,0.6347,0.6942,5.3476,9322.3100,273.7930,477.0000,24.6400
303.8140,26.0150,79.5600,5.3026,0.4541,1.3886,9352.5100,273.3220,252.0000,17.9100
26.9970,45.4440,319.0000,0.4712,0.7932,5.5675,11043.0000,271.5000,378.0000,21.9400
323.8320,52.7330,47.8800,5.6519,0.9204,0.8356,13902.5500,278.2570,945.0000,34.6900
61.3540,27.1430,271.4100,1.0708,0.4737,4.7370,3041.8000,275.9210,684.0000,29.5100
187.9580,9.0580,176.3300,3.2805,0.1581,3.0775,3868.2700,274.3640,297.0000,19.4500
205.9430,10.5550,120.2400,3.5944,0.1842,2.0985,5242.6200,277.9200,450.0000,23.9400
16.0190,41.7200,313.7500,0.2796,0.7281,5.4760,5592.8800,277.8290,369.0000,21.6800
286.5110,32.8590,62.7700,5.0006,0.5735,1.0956,6522.8500,282.3460,702.0000,29.9000
118.5160,47.1480,216.2200,2.0685,0.8229,3.7738,8575.5100,274.7730,198.0000,15.8800
115.9130,51.2110,215.3400,2.0231,0.8938,3.7584,8708.0800,275.0770,117.0000,12.2100
174.9380,21.5570,225.5400,3.0532,0.3762,3.9364,9004.9100,273.4290,693.0000,29.7000
330.3810,41.8140,58.3700,5.7662,0.7298,1.0188,9208.5000,275.4000,180.0000,15.1400
31.3430,29.5460,310.8000,0.5470,0.5157,5.4245,9473.9500,274.6160,468.0000,24.4100
146.0980,45.8510,217.9100,2.5499,0.8003,3.8032,10767.4300,275.4290,378.0000,21.9400
21.7380,43.3600,320.2400,0.3794,0.7568,5.5893,10921.3900,274.6110,486.0000,24.8800
16.7570,44.0440,314.9400,0.2925,0.7687,5.4968,11062.0400,273.8080,234.0000,17.2600
181.3900,33.0580,222.0200,3.1659,0.5770,3.8749,11567.9700,279.5560,729.0000,30.4700
176.7290,39.5330,223.8800,3.0845,0.6900,3.9075,12027.3200,279.1790,603.0000,27.7100
146.5340,30.8380,236.2200,2.5575,0.5382,4.1228,12517.5100,279.5570,1116.0000,37.7000
348.6410,7.4690,330.5400,6.0849,0.1304,5.7690,12580.3100,279.4520,657.0000,28.9200
147.4070,32.7540,227.9300,2.5727,0.5717,3.9782,13198.9900,279.2170,747.0000,30.8400
159.8680,44.2470,221.6600,2.7902,0.7723,3.8687,13307.3000,277.3130,576.0000,27.0800
42.7940,35.4260,308.4000,0.7469,0.6183,5.3826,13381.0700,279.3930,756.0000,31.0300
219.5500,38.4830,115.8200,3.8319,0.6717,2.0215,3840.9600,275.8800,225.0000,16.9300
175.0260,10.2730,166.0400,3.0548,0.1793,2.8979,4435.9300,277.0710,126.0000,12.6700
159.2500,10.9740,220.0400,2.7794,0.1915,3.8405,5276.3100,279.5630,432.0000,23.4500
120.1560,42.9710,227.4200,2.0971,0.7500,3.9691,6179.9200,285.5920,639.0000,28.5200
180.2940,35.9820,174.3900,3.1467,0.6280,3.0437,6378.2900,283.5000,864.0000,33.1700
182.1500,13.5600,209.5400,3.1791,0.2367,3.6572,6772.3600,283.5290,936.0000,34.5200
194.0040,37.8220,187.1100,3.3860,0.6601,3.2657,6865.7500,284.7500,432.0000,23.4500
172.3590,16.3580,223.8100,3.0082,0.2855,3.9062,8473.9300,276.2140,126.0000,12.6700
37.9910,42.7150,318.2600,0.6631,0.7455,5.5546,9263.9100,275.2500,288.0000,19.1500
303.4360,21.1110,62.9900,5.2960,0.3685,1.0994,9435.3200,276.2140,252.0000,17.9100
342.3750,6.9040,5.9200,5.9756,0.1205,0.1034,9609.0000,273.8570,63.0000,8.9600
327.4620,54.5130,42.0300,5.7153,0.9514,0.7335,9753.7500,274.5000,72.0000,9.5700
23.6780,46.9360,320.6800,0.4133,0.8192,5.5970,10471.1100,275.5260,171.0000,14.7600
20.8490,50.1970,324.1700,0.3639,0.8761,5.6579,10963.4700,275.5950,333.0000,20.5900
138.5210,56.7510,226.6400,2.4177,0.9905,3.9556,11142.0000,274.5000,90.0000,10.7000
336.1480,46.0360,36.2700,5.8669,0.8035,0.6330,12059.3800,281.2260,558.0000,26.6500
211.4280,4.5280,128.7100,3.6901,0.0790,2.2465,12168.7000,280.3390,504.0000,25.3300
299.9830,48.0720,48.5300,5.2357,0.8390,0.8470,12196.5000,279.5460,594.0000,27.5000
165.5330,11.7680,219.1300,2.8891,0.2054,3.8245,12750.7700,280.2690,702.0000,29.9000
185.8980,27.0970,133.8300,3.2445,0.4729,2.3358,3330.0000,275.2500,36.0000,6.7700
213.4700,19.0460,157.5600,3.7258,0.3324,2.7500,9621.9200,276.3910,207.0000,16.2300
227.6100,18.6700,145.7000,3.9725,0.3259,2.5429,9744.6900,277.1540,117.0000,12.2100
160.2490,23.9610,216.1400,2.7969,0.4182,3.7724,9892.1400,276.1700,477.0000,24.6400
3.2120,22.3750,327.6600,0.0561,0.3905,5.7187,11257.2900,277.0720,126.0000,12.6700
215.8210,51.7540,136.2500,3.7668,0.9033,2.3780,11730.9600,281.8640,396.0000,22.4500
233.8050,54.8900,130.3500,4.0807,0.9580,2.2751,11865.7900,283.3040,207.0000,16.2300
169.0860,40.0100,222.4600,2.9511,0.6983,3.8826,12002.1100,281.9190,333.0000,20.5900
222.0340,40.3210,121.1600,3.8752,0.7037,2.1146,12552.0000,276.0000,45.0000,7.5700
160.4090,16.7540,227.7900,2.7997,0.2924,3.9757,13323.7500,276.3750,72.0000,9.5700
271.2060,5.2880,128.8300,4.7334,0.0923,2.2484,3105.0000,278.2500,36.0000,6.7700
172.2690,36.6620,169.6400,3.0067,0.6399,2.9609,4356.7500,280.1250,72.0000,9.5700
222.1850,18.5100,120.6700,3.8779,0.3231,2.1060,4450.2500,278.5000,108.0000,11.7300
4.1590,42.1050,321.2400,0.0726,0.7349,5.6067,4948.4200,282.3160,171.0000,14.7600
16.2180,41.9860,313.1100,0.2831,0.7328,5.4648,5116.1300,281.3210,477.0000,24.6400
208.2540,49.9410,128.4300,3.6347,0.8716,2.2415,8520.0000,277.8750,72.0000,9.5700
315.4730,13.4600,63.8800,5.5060,0.2349,1.1149,9686.1500,278.5710,189.0000,15.5100
47.9190,14.8180,310.9400,0.8364,0.2586,5.4269,9791.1400,277.7140,63.0000,8.9600
36.2760,47.7100,311.1400,0.6331,0.8327,5.4305,11127.8000,277.6000,135.0000,13.1100
30.8370,33.2390,313.8300,0.5382,0.5801,5.4773,11243.5000,278.0000,54.0000,8.2900
207.1730,46.8210,135.5300,3.6159,0.8172,2.3655,13341.2800,282.7030,576.0000,27.0800
24.8580,46.8650,316.6100,0.4339,0.8180,5.5259,13408.5000,282.0000,234.0000,17.2600
48.2310,17.1920,289.9100,0.8418,0.3001,5.0599,3447.0000,279.0000,27.0000,5.8600
330.8120,30.5270,43.2200,5.7738,0.5328,0.7543,9637.5000,279.0000,18.0000,4.7900
297.9330,26.0000,75.9900,5.1999,0.4538,1.3262,9850.5000,279.0000,54.0000,8.2900
187.5950,20.9430,132.9400,3.2742,0.3655,2.3202,11444.6400,284.2730,297.0000,19.4500
158.6520,30.3120,227.3400,2.7690,0.5290,3.9678,11672.4100,284.7000,180.0000,15.1400
320.5220,53.9950,42.7100,5.5942,0.9424,0.7454,12555.6500,284.5720,126.0000,12.6700
125.0370,52.7740,222.9000,2.1823,0.9211,3.8904,13057.1500,284.3080,117.0000,12.2100
152.4000,41.3320,232.4100,2.6599,0.7214,4.0563,13221.8600,283.9290,126.0000,12.6700
359.8220,16.0550,28.9700,6.2801,0.2802,0.5057,4420.5000,282.0000,18.0000,4.7900
274.6310,31.5770,90.2400,4.7932,0.5511,1.5751,4456.5000,282.0000,18.0000,4.7900
175.8890,27.9030,181.1200,3.0698,0.4870,3.1612,6503.2900,288.5300,153.0000,13.9600
16.0620,40.6730,317.3900,0.2803,0.7099,5.5395,7502.1000,290.4000,180.0000,15.1400
16.2570,40.3440,328.8500,0.2837,0.7041,5.7395,7752.0000,289.3850,117.0000,12.2100
208.5620,27.7020,148.1000,3.6401,0.4835,2.5848,11979.3800,285.3750,144.0000,13.5400
155.6120,23.2320,232.2400,2.7160,0.4055,4.0534,12271.4200,285.6320,171.0000,14.7600
196.8660,19.2630,121.7000,3.4360,0.3362,2.1240,13240.8300,286.0000,162.0000,14.3600
330.7240,19.9350,58.3100,5.7722,0.3479,1.0176,13931.5000,285.5000,54.0000,8.2900
134.2560,44.3910,182.3500,2.3432,0.7748,3.1825,3157.5000,285.0000,18.0000,4.7900
68.8030,29.7120,296.2900,1.2008,0.5186,5.1713,3205.5000,285.0000,18.0000,4.7900
89.0160,36.6750,267.0100,1.5536,0.6401,4.6602,3214.5000,285.0000,36.0000,6.7700
93.9090,35.9370,259.5200,1.6390,0.6272,4.5295,3229.5000,285.0000,18.0000,4.7900
313.4080,40.0060,7.7800,5.4700,0.6982,0.1358,3250.5000,285.0000,18.0000,4.7900
113.8820,33.3470,240.5300,1.9876,0.5820,4.1980,3262.5000,285.0000,18.0000,4.7900
72.3950,3.3620,302.9600,1.2635,0.0587,5.2877,3319.5000,285.0000,18.0000,4.7900
153.7150,45.9450,194.5400,2.6828,0.8019,3.3954,3373.5000,285.0000,18.0000,4.7900
68.9210,38.0780,257.0500,1.2029,0.6646,4.4863,3385.5000,285.0000,18.0000,4.7900
128.5390,11.7640,228.8800,2.2434,0.2053,3.9947,3610.5000,285.0000,18.0000,4.7900
3.6000,39.2100,24.4000,0.0628,0.6843,0.4259,3678.0000,285.0000,27.0000,5.8600
323.9870,40.4080,45.2800,5.6547,0.7053,0.7903,5146.5000,285.0000,18.0000,4.7900
35.8890,25.8250,336.8300,0.6264,0.4507,5.8788,11593.0000,287.0000,27.0000,5.8600
46.0740,57.5370,318.5600,0.8042,1.0042,5.5599,11853.0000,286.5000,36.0000,6.7700
152.1430,48.1050,214.8800,2.6554,0.8396,3.7503,12298.5000,286.5000,36.0000,6.7700
160.9620,38.2790,219.3100,2.8093,0.6681,3.8277,12924.0000,286.5000,90.0000,10.7000
214.2900,27.7220,110.5600,3.7401,0.4838,1.9297,6024.9000,292.2000,90.0000,10.7000
196.1430,44.6520,141.9200,3.4234,0.7793,2.4770,6304.5800,291.7900,171.0000,14.7600
231.5400,33.0930,112.8300,4.0411,0.5776,1.9693,12289.5000,288.0000,36.0000,6.7700
208.1480,5.8270,187.3000,3.6329,0.1017,3.2689,13939.5000,288.0000,36.0000,6.7700
318.7980,58.6080,45.8900,5.5641,1.0229,0.8009,6735.8200,292.3640,99.0000,11.2300
16.7550,45.8310,327.7200,0.2924,0.7999,5.7197,7738.0000,293.3330,81.0000,10.1600
316.2980,55.4840,43.2300,5.5205,0.9684,0.7544,6772.5000,294.0000,36.0000,6.7700
215.5570,13.9030,182.1000,3.7622,0.2427,3.1783,7060.5000,294.0000,18.0000,4.7900

