grain_id,phi1,Phi,phi2,x,y,area,diameter,hkl,uvw,nearest_component,angle_to_nearest_component_deg,hkl_int,uvw_int
1,163.633,14.317,185.96,4.09,2.727,99.0,11.23,(-9-4-36),[1-50],Other/Random,17.68,"-9,-4,-36","1,-5,0"
2,327.198,50.406,44.42,28.04,6.583,648.0,28.72,(858),[5-80],Other/Random,32.94,"8,5,8","5,-8,0"
3,204.891,50.42,126.88,74.1,2.2,270.0,18.54,(-8-4-9),[-283510],Other/Random,40.79,"-8,-4,-9","-28,35,10"
4,52.316,35.578,278.13,94.5,0.0,18.0,4.79,(-36-28-63),[-10-58],Other/Random,33.21,"-36,-28,-63","-10,-5,8"
5,344.395,22.665,31.33,102.0,1.5,54.0,8.29,(-18-5-45),[520-4],Other/Random,27.53,"-18,-5,-45","5,20,-4"
6,5.582,34.521,15.64,128.92,15.565,1386.0,42.01,(619),[-261],Other/Random,22.78,"6,1,9","-2,6,1"
7,16.221,23.702,354.51,193.1,40.047,7659.0,98.75,(24756),[-150],Other/Random,24.4,"24,7,56","-1,5,0"
8,129.517,41.809,224.39,249.0,4.0,297.0,19.45,(141221),[36-9-20],Other/Random,31.52,"14,12,21","36,-9,-20"
9,303.108,48.137,60.51,273.16,35.987,4239.0,73.47,(402745),[-56748],Other/Random,24.9,"40,27,45","-56,7,48"
10,354.364,15.874,22.74,312.63,8.704,639.0,28.52,(-20-7),[1863-7],Other/Random,23.29,"-2,0,-7","18,63,-7"
11,2.126,23.07,12.05,417.36,38.544,14980.0,138.09,(307),[-291],Other/Random,25.91,"3,0,7","-2,9,1"
12,10.414,43.469,308.08,366.49,6.07,387.0,22.2,(16318),[58-6],Other/Random,43.6,"16,3,18","5,8,-6"
13,10.781,35.449,310.49,535.07,10.554,504.0,25.33,(40756),[1421-12],Other/Random,35.98,"40,7,56","14,21,-12"
14,306.464,49.633,48.14,600.84,32.701,6588.0,91.59,(757),[-21715],Other/Random,31.62,"7,5,7","-21,7,15"
15,336.787,33.324,2.54,649.74,8.163,387.0,22.2,(-12-5-20),[-380],Other/Random,24.25,"-12,-5,-20","-3,8,0"
16,159.023,32.683,189.0,676.91,13.86,1089.0,37.24,(-27-10-45),[9-364],Other/Random,19.38,"-27,-10,-45","9,-36,4"
17,159.682,45.118,188.81,729.71,18.799,3042.0,62.23,(-8-3-9),[9-364],Other/Random,15.4,"-8,-3,-9","9,-36,4"
18,212.01,52.329,146.65,787.54,9.943,630.0,28.32,(-64-45-72),[-36-1],Other/Random,27.57,"-64,-45,-72","-3,6,-1"
19,350.443,8.334,339.47,805.5,0.0,36.0,6.77,(-10-7),[-36637],Other/Random,17.07,"-1,0,-7","-36,63,7"
20,32.632,45.207,323.75,835.95,9.99,900.0,33.85,(543563),[-19-4],Other/Random,26.29,"54,35,63","-1,9,-4"
21,138.869,39.602,199.61,884.03,10.624,1197.0,39.04,(-45-40-72),[2-41],Other/Random,30.05,"-45,-40,-72","2,-4,1"
22,18.099,9.927,327.28,937.96,20.376,2466.0,56.03,(106),[936-4],Other/Random,17.66,"1,0,6","9,36,-4"
23,155.375,37.146,200.66,985.06,10.437,1071.0,36.93,(-2-1-3),[9-6314],Other/Random,17.97,"-2,-1,-3","9,-63,14"
24,104.607,21.091,261.61,1028.61,23.744,2853.0,60.27,(27872),[728-27],Other/Random,21.98,"27,8,72","72,8,-27"
25,193.407,37.861,144.34,1081.81,15.619,1701.0,46.54,(9212),[-10-3514],Other/Random,27.94,"9,2,12","-10,-35,14"
26,161.404,26.739,208.71,1162.53,14.26,2115.0,51.89,(-3-1-6),[-9-7216],Other/Random,24.95,"-3,-1,-6","-9,-72,16"
27,86.04,3.587,285.7,1218.52,15.284,1521.0,44.01,(001),[100],Cube {001}<100>,12.27,"0,0,1","1,0,0"
28,211.294,9.046,162.92,1270.29,17.924,2493.0,56.34,(9763),[1-40],Other/Random,16.84,"9,7,63","1,-4,0"
29,119.308,18.339,238.99,1342.58,17.028,2529.0,56.75,(12742),[70-2],Other/Random,18.42,"12,7,42","7,0,-2"
30,346.685,2.52,22.82,1406.45,10.461,1035.0,36.3,(001),[100],Cube {001}<100>,9.83,"0,0,1","1,0,0"
31,160.304,14.271,216.04,1457.41,12.441,1593.0,45.04,(-9-4-36),[-2-71],Other/Random,21.67,"-9,-4,-36","-2,-7,1"
32,173.101,20.209,199.63,1505.69,9.809,1035.0,36.3,(-30-8),[-8-405],Other/Random,23.85,"-3,0,-8","-8,-40,5"
33,135.144,20.458,199.37,1548.5,59.991,8613.0,104.72,(-1-1-4),[4-81],Other/Random,28.2,"-1,-1,-4","4,-8,1"
34,346.747,31.952,39.75,1574.9,2.4,270.0,18.54,(-21-5-35),[25-2],Other/Random,33.0,"-21,-5,-35","2,5,-2"
35,223.192,15.223,105.34,1634.83,8.134,1278.0,40.34,(115),[-21-3510],Other/Random,20.34,"1,1,5","-21,-35,10"
36,65.957,45.252,320.62,1695.6,38.876,5877.0,86.5,(-40-18-45),[-564035],Other/Random,37.47,"-40,-18,-45","-56,40,35"
37,39.562,11.416,298.69,1738.65,13.784,999.0,35.66,(4324),[25-1],Other/Random,24.53,"4,3,24","2,5,-1"
38,327.721,47.633,38.32,1778.07,8.546,1071.0,36.93,(-56-36-63),[-218-9],Other/Random,28.07,"-56,-36,-63","-2,18,-9"
39,169.444,17.122,209.68,1833.2,10.442,693.0,29.7,(-18-7-63),[-2-61],Other/Random,25.62,"-18,-7,-63","-2,-6,1"
40,140.005,48.791,219.76,1860.63,7.742,558.0,26.65,(-7-6-8),[9-4525],Other/Random,31.4,"-7,-6,-8","9,-45,25"
41,343.02,4.491,351.53,1892.31,10.121,819.0,32.29,(-10-9),[-120],Other/Random,20.05,"-1,0,-9","-1,2,0"
42,243.067,20.292,96.81,1930.2,1.8,225.0,16.93,(-2-1-6),[4015-16],Other/Random,28.5,"-2,-1,-6","40,15,-16"
43,173.021,23.066,202.5,1954.41,20.51,2313.0,54.27,(-30-7),[-3-122],Other/Random,27.7,"-3,0,-7","-3,-12,2"
44,171.007,25.33,191.08,2011.84,17.387,2115.0,51.89,(-4-1-9),[0-91],Other/Random,20.61,"-4,-1,-9","0,-9,1"
45,319.547,52.106,41.03,2062.3,19.206,1836.0,48.35,(-6-5-6),[-1672-45],Other/Random,33.59,"-6,-5,-6","-16,72,-45"
46,28.805,53.045,313.69,2121.96,24.234,3582.0,67.53,(-54-35-63),[45-63-7],Other/Random,35.46,"-54,-35,-63","45,-63,-7"
47,263.094,33.045,75.22,2121.0,0.0,45.0,7.57,(-45-8-72),[94-6],Other/Random,23.81,"-45,-8,-72","9,4,-6"
48,190.624,22.278,150.68,2153.4,0.6,45.0,7.57,(18545),[-10-357],Other/Random,29.01,"18,5,45","-10,-35,7"
49,195.528,25.49,138.17,2180.64,7.598,828.0,32.47,(32972),[-9-217],Other/Random,31.52,"32,9,72","-9,-21,7"
50,155.195,33.15,180.83,2301.31,25.833,6363.0,90.01,(-21-10-35),[4-90],Other/Random,26.87,"-21,-10,-35","4,-9,0"
51,178.768,30.673,162.43,2362.73,5.55,360.0,21.41,(-30-5),[12-42-7],Other/Random,23.41,"-3,0,-5","12,-42,-7"
52,331.094,10.353,50.14,2391.31,38.84,5400.0,82.92,(-3-2-18),[2156-8],Other/Random,23.6,"-3,-2,-18","21,56,-8"
53,315.861,31.1,56.87,2433.0,6.769,351.0,21.14,(-3-3-7),[214-7],Other/Random,30.95,"-3,-3,-7","2,14,-7"
54,318.607,57.096,44.03,2459.49,22.718,2169.0,52.55,(-49-48-56),[4-3-1],Other/Random,37.93,"-49,-48,-56","4,-3,-1"
55,191.311,45.548,138.12,2521.85,21.818,3267.0,64.5,(515),[-21-5632],Other/Random,34.82,"5,1,5","-21,-56,32"
56,154.443,50.36,220.42,2559.0,0.0,27.0,5.86,(16918),[-470],Other/Random,30.13,"16,9,18","-4,7,0"
57,311.881,53.417,39.73,2585.43,42.137,4329.0,74.24,(-9-8-9),[-25-1640],Other/Random,37.48,"-9,-8,-9","-25,-16,40"
58,169.572,28.343,174.09,2612.66,8.614,1188.0,38.89,(-5-1-9),[2-70],Other/Random,22.79,"-5,-1,-9","2,-7,0"
59,183.141,34.877,153.54,2655.0,1.5,72.0,9.57,(507),[-7-216],Other/Random,26.13,"5,0,7","-7,-21,6"
60,174.775,29.782,159.07,2669.18,1.364,99.0,11.23,(-40-7),[20-45-9],Other/Random,29.47,"-4,0,-7","20,-45,-9"
61,197.997,14.428,130.79,2727.22,24.414,3519.0,66.94,(9436),[-36-6314],Other/Random,19.93,"9,4,36","-36,-63,14"
62,147.458,39.227,241.42,2777.62,15.994,1575.0,44.78,(-6-4-9),[-14-3525],Other/Random,40.99,"-6,-4,-9","-14,-35,25"
63,217.714,24.243,123.88,2805.33,2.333,81.0,10.16,(211656),[-16-5621],Other/Random,30.35,"21,16,56","-16,-56,21"
64,239.556,8.714,104.24,2817.81,22.309,1341.0,41.32,(-9-8-72),[72-1],Other/Random,18.38,"-9,-8,-72","7,2,-1"
65,78.204,8.419,285.4,2841.4,7.8,405.0,22.71,(001),[100],Cube {001}<100>,9.16,"0,0,1","1,0,0"
66,95.49,17.898,263.73,2868.34,5.321,477.0,24.64,(103),[30-1],Other/Random,17.91,"1,0,3","3,0,-1"
67,230.583,18.978,110.53,2898.27,3.0,198.0,15.88,(-9-8-36),[31-1],Other/Random,26.71,"-9,-8,-36","3,1,-1"
68,241.098,8.638,95.04,2913.0,6.692,117.0,12.21,(-9-8-72),[188-3],Other/Random,22.82,"-9,-8,-72","18,8,-3"
69,237.927,16.616,99.18,2945.4,20.52,2871.0,60.46,(-3-2-12),[156-5],Other/Random,27.59,"-3,-2,-12","15,6,-5"
70,197.409,14.839,143.14,2996.38,5.491,477.0,24.64,(9436),[-2-61],Other/Random,24.42,"9,4,36","-2,-6,1"
71,346.256,8.243,356.94,3028.75,25.48,4122.0,72.45,(-10-7),[-270],Other/Random,18.7,"-1,0,-7","-2,7,0"
72,311.476,18.108,62.28,3087.3,3.6,90.0,10.7,(9836),[-63-1418],Other/Random,22.71,"9,8,36","-63,-14,18"
73,211.529,4.096,135.66,3100.82,24.139,2520.0,56.64,(001),[100],Cube {001}<100>,13.45,"0,0,1","1,0,0"
74,114.857,4.337,230.74,3162.13,5.125,648.0,28.72,(109),[36-9-4],Other/Random,15.04,"1,0,9","36,-9,-4"
75,6.673,39.022,4.95,3213.23,9.0,1062.0,36.77,(110),[001],Goss {110}<001>,12.4,"1,1,0","0,0,1"
76,40.256,49.812,313.32,3253.77,5.353,459.0,24.17,(879),[-19-6],Other/Random,35.04,"8,7,9","-1,9,-6"
77,232.999,46.704,117.13,3308.5,31.196,3996.0,71.33,(-48-35-56),[70-6],Other/Random,26.39,"-48,-35,-56","7,0,-6"
78,352.624,30.798,4.61,3382.41,14.475,2367.0,54.9,(110),[001],Goss {110}<001>,14.94,"1,1,0","0,0,1"
79,192.754,10.036,167.77,3435.79,23.191,1836.0,48.35,(001),[100],Cube {001}<100>,10.05,"0,0,1","1,0,0"
80,129.776,16.449,249.36,3453.43,0.857,63.0,8.96,(10945),[217-6],Other/Random,25.18,"10,9,45","21,7,-6"
81,206.469,8.482,141.06,3479.12,33.44,2331.0,54.48,(9872),[-2-91],Other/Random,15.07,"9,8,72","-2,-9,1"
82,188.793,10.82,147.31,3510.2,31.805,2349.0,54.69,(105),[-27-637],Other/Random,23.69,"1,0,5","-27,-63,7"
83,307.428,38.033,39.52,3558.73,24.553,3420.0,65.99,(548),[-722732],Other/Random,33.5,"5,4,8","-72,27,32"
84,159.745,23.094,223.68,3617.78,34.466,2358.0,54.79,(-14-5-35),[-21-5616],Other/Random,31.5,"-14,-5,-35","-21,-56,16"
85,132.937,21.193,253.99,3648.27,12.07,1917.0,49.4,(8728),[105-4],Other/Random,27.79,"8,7,28","10,5,-4"
86,196.87,17.755,161.02,3742.81,26.846,7533.0,97.94,(18763),[0-91],Other/Random,17.88,"18,7,63","0,-9,1"
87,144.007,53.635,216.73,3838.13,10.849,1314.0,40.9,(564563),[-59-2],Other/Random,31.04,"56,45,63","-5,9,-2"
88,168.228,36.66,221.41,3879.51,17.171,1107.0,37.54,(-5-1-7),[-27-6328],Other/Random,34.33,"-5,-1,-7","-27,-63,28"
89,18.689,36.565,318.35,3913.5,0.0,126.0,12.67,(20728),[1863-28],Other/Random,31.06,"20,7,28","18,63,-28"
90,187.956,30.862,187.41,3974.99,12.949,2133.0,52.11,(27545),[9-36-4],Other/Random,20.27,"27,5,45","9,-36,-4"
91,7.943,43.785,316.44,4022.14,33.744,2286.0,53.95,(818),[510-6],Other/Random,38.29,"8,1,8","5,10,-6"
92,321.841,52.009,46.81,4058.78,19.252,1854.0,48.59,(979),[45-637],Other/Random,35.76,"9,7,9","45,-63,7"
93,146.386,53.124,219.84,4096.13,23.14,1224.0,39.48,(869),[-2440-5],Other/Random,31.57,"8,6,9","-24,40,-5"
94,189.082,40.105,136.57,4107.75,4.705,396.0,22.45,(20324),[-9-1810],Other/Random,37.53,"20,3,24","-9,-18,10"
95,187.481,46.934,136.92,4156.51,25.865,3591.0,67.62,(-64-9-72),[-457232],Other/Random,38.29,"-64,-9,-72","-45,72,32"
96,328.192,13.587,56.59,4197.45,9.278,486.0,24.88,(-8-5-40),[49-2],Other/Random,24.32,"-8,-5,-40","4,9,-2"
97,329.109,52.605,40.94,4207.07,2.571,126.0,12.67,(402745),[3-50],Other/Random,31.53,"40,27,45","3,-5,0"
98,136.18,55.447,227.22,4225.83,1.667,162.0,14.36,(-1-1-1),[-972],Other/Random,38.36,"-1,-1,-1","-9,7,2"
99,206.752,40.207,166.95,4273.93,25.392,3123.0,63.06,(638),[2-71],Other/Random,19.82,"6,3,8","2,-7,1"
100,117.138,4.773,258.82,4295.57,2.929,378.0,21.94,(109),[6318-7],Other/Random,16.65,"1,0,9","63,18,-7"
101,322.866,42.113,44.0,4323.66,6.469,288.0,19.15,(-45-35-63),[02-1],Other/Random,30.37,"-45,-35,-63","0,2,-1"
102,211.097,17.034,165.56,4347.75,0.375,72.0,9.57,(3212),[3-91],Other/Random,23.78,"3,2,12","3,-9,1"
103,217.957,33.84,117.73,4383.57,9.389,1179.0,38.74,(251845),[-15-4024],Other/Random,36.56,"25,18,45","-15,-40,24"
104,68.882,48.733,308.11,4426.4,31.345,3213.0,63.96,(642772),[-15-1018],Other/Random,28.32,"64,27,72","-15,-10,18"
105,54.654,58.369,322.74,4468.9,9.077,1053.0,36.62,(212028),[-15-1421],Other/Random,42.67,"21,20,28","-15,-14,21"
106,325.562,25.249,25.39,4505.1,2.4,90.0,10.7,(-8-5-20),[-15-1],Other/Random,26.8,"-8,-5,-20","-1,5,-1"
107,118.992,44.426,223.98,4540.63,18.922,1845.0,48.47,(12714),[8-4-5],Other/Random,32.25,"12,7,14","8,-4,-5"
108,53.177,52.266,316.34,4613.97,17.627,3618.0,67.87,(434),[-5-37],Other/Random,35.4,"4,3,4","-5,-3,7"
109,153.015,37.699,231.33,4664.25,1.875,72.0,9.57,(-2-1-3),[-7-2112],Other/Random,36.19,"-2,-1,-3","-7,-21,12"
110,147.955,48.51,224.75,4679.35,5.27,333.0,20.59,(-5-3-5),[0-85],Other/Random,32.37,"-5,-3,-5","0,-8,5"
111,155.47,50.004,216.34,4730.74,42.489,8001.0,100.93,(849),[-120],Other/Random,27.03,"8,4,9","-1,2,0"
112,200.736,34.355,133.79,4781.05,12.683,1701.0,46.54,(528),[-3-84],Other/Random,34.42,"5,2,8","-3,-8,4"
113,165.201,43.687,223.72,4888.89,60.102,17770.0,150.4,(-32-9-36),[-21-5632],Other/Random,34.66,"-32,-9,-36","-21,-56,32"
114,157.569,21.993,222.25,4979.75,22.846,3042.0,62.23,(-21-8-56),[-7-216],Other/Random,29.52,"-21,-8,-56","-7,-21,6"
115,195.469,5.854,179.33,5055.59,26.614,5247.0,81.74,(109),[1-40],Other/Random,15.91,"1,0,9","1,-4,0"
116,345.158,44.761,42.36,5151.82,42.811,7290.0,96.34,(-4-1-4),[721-12],Other/Random,33.45,"-4,-1,-4","7,21,-12"
117,3.685,32.862,326.06,5155.0,4.3,270.0,18.54,(508),[36-2],Other/Random,33.37,"5,0,8","3,6,-2"
118,123.856,43.834,243.72,5197.66,11.821,1512.0,43.88,(362545),[50-4],Other/Random,23.61,"36,25,45","5,0,-4"
119,194.353,25.214,128.76,5236.27,10.818,594.0,27.5,(419),[-14-219],Other/Random,26.47,"4,1,9","-14,-21,9"
120,196.231,30.497,133.93,5264.34,13.649,1179.0,38.74,(24742),[-7-146],Other/Random,33.98,"24,7,42","-7,-14,6"
121,216.09,45.269,135.41,5341.77,52.012,14010.0,133.57,(435),[0-74],Other/Random,31.43,"4,3,5","0,-7,4"
122,152.541,48.941,217.89,5334.0,0.0,45.0,7.57,(212),[-120],Other/Random,27.74,"2,1,2","-1,2,0"
123,219.756,48.325,126.02,5346.0,0.0,27.0,5.86,(657),[0-43],Other/Random,36.11,"6,5,7","0,-4,3"
124,220.047,54.533,124.64,5404.41,14.338,1305.0,40.76,(-16-15-18),[-890],Other/Random,38.68,"-16,-15,-18","-8,9,0"
125,27.432,52.812,315.03,5445.62,12.265,1224.0,39.48,(-12-7-14),[6-9-1],Other/Random,34.45,"-12,-7,-14","6,-9,-1"
126,32.435,25.422,306.68,5493.85,8.977,1152.0,38.3,(8520),[824-9],Other/Random,32.79,"8,5,20","8,24,-9"
127,222.581,47.134,134.03,5540.8,25.431,2736.0,59.02,(282535),[1-85],Other/Random,34.12,"28,25,35","1,-8,5"
128,145.304,36.686,217.08,5586.33,30.772,2169.0,52.55,(-35-24-56),[8-7227],Other/Random,26.03,"-35,-24,-56","8,-72,27"
129,313.934,55.394,42.37,5606.63,2.625,72.0,9.57,(111),[715-21],Other/Random,38.16,"1,1,1","7,15,-21"
130,312.75,22.67,75.93,5640.71,14.926,1818.0,48.11,(227),[-18-98],Other/Random,27.87,"2,2,7","-18,-9,8"
131,351.349,22.349,47.81,5688.02,22.552,1809.0,47.99,(-18-5-45),[68-3],Other/Random,23.09,"-18,-5,-45","6,8,-3"
132,336.699,24.894,58.39,5744.29,31.655,3915.0,70.6,(-15-7-35),[4572-32],Other/Random,26.77,"-15,-7,-35","45,72,-32"
133,157.648,36.97,227.26,5746.25,1.25,108.0,11.73,(-5-2-7),[-2-63],Other/Random,34.42,"-5,-2,-7","-2,-6,3"
134,198.292,35.106,134.67,5757.5,5.0,54.0,8.29,(629),[-4-105],Other/Random,34.69,"6,2,9","-4,-10,5"
135,204.981,48.135,138.96,5771.7,3.6,270.0,18.54,(-9-4-9),[-591],Other/Random,29.89,"-9,-4,-9","-5,9,1"
136,47.154,50.547,313.3,5800.25,3.5,216.0,16.58,(-16-15-18),[-631445],Other/Random,34.59,"-16,-15,-18","-63,14,45"
137,35.308,46.834,320.71,5824.35,9.043,621.0,28.12,(758),[-218-9],Other/Random,28.95,"7,5,8","-2,18,-9"
138,174.604,45.294,213.97,5866.38,5.676,333.0,20.59,(919),[-327227],Other/Random,30.4,"9,1,9","-32,72,27"
139,35.434,50.484,315.67,5886.97,6.088,306.0,19.74,(757),[-872-45],Other/Random,33.18,"7,5,7","-8,72,-45"
140,319.578,50.156,36.47,5912.76,11.79,900.0,33.85,(-8-7-9),[-1863-35],Other/Random,31.13,"-8,-7,-9","-18,63,-35"
141,165.113,44.295,220.41,5971.18,14.131,2673.0,58.34,(-32-9-36),[-18-6335],Other/Random,31.54,"-32,-9,-36","-18,-63,35"
142,28.085,50.473,323.03,6026.63,2.625,72.0,9.57,(-8-5-9),[1-20],Other/Random,27.78,"-8,-5,-9","1,-2,0"
143,331.286,45.049,47.59,6049.41,2.719,288.0,19.15,(-7-4-8),[424-15],Other/Random,33.67,"-7,-4,-8","4,24,-15"
144,220.939,54.912,131.54,6082.73,15.455,1188.0,38.89,(-64-63-72),[-4963-9],Other/Random,38.71,"-64,-63,-72","-49,63,-9"
145,219.927,54.872,124.91,6119.65,14.49,1377.0,41.87,(-16-15-18),[-890],Other/Random,38.94,"-16,-15,-18","-8,9,0"
146,43.97,52.341,312.95,6147.0,0.0,27.0,5.86,(889),[-735-25],Other/Random,36.66,"8,8,9","-7,35,-25"
147,322.907,35.943,46.87,6212.95,40.857,13180.0,129.52,(-36-28-63),[218-9],Other/Random,31.11,"-36,-28,-63","2,18,-9"
148,166.858,41.699,221.32,6330.62,11.547,2025.0,50.78,(-35-8-40),[-3-84],Other/Random,33.12,"-35,-8,-40","-3,-8,4"
149,319.56,32.497,62.99,6395.65,24.53,1629.0,45.54,(-5-4-10),[721-12],Other/Random,34.93,"-5,-4,-10","7,21,-12"
150,191.514,28.122,141.97,6404.21,3.158,171.0,14.76,(9218),[-9-217],Other/Random,33.55,"9,2,18","-9,-21,7"
151,176.146,43.201,215.14,6417.86,4.071,126.0,12.67,(-8-1-9),[-27-6328],Other/Random,32.53,"-8,-1,-9","-27,-63,28"
152,168.47,46.387,220.63,6429.0,0.0,27.0,5.86,(515),[-12217],Other/Random,33.59,"5,1,5","-12,21,7"
153,342.159,21.54,49.47,6441.44,16.452,1395.0,42.14,(-3-1-8),[1221-7],Other/Random,25.31,"-3,-1,-8","12,21,-7"
154,46.171,50.786,318.54,6457.5,0.0,18.0,4.79,(-56-54-63),[-561635],Other/Random,35.52,"-56,-54,-63","-56,16,35"
155,154.029,31.106,223.72,6486.0,7.5,846.0,32.82,(-20-9-36),[-5-208],Other/Random,31.01,"-20,-9,-36","-5,-20,8"
156,33.159,53.207,318.38,6518.57,4.286,189.0,15.51,(-8-6-9),[45-728],Other/Random,32.53,"-8,-6,-9","45,-72,8"
157,143.987,48.448,225.86,6534.5,1.0,54.0,8.29,(-8-6-9),[0-85],Other/Random,33.31,"-8,-6,-9","0,-8,5"
158,350.042,7.494,42.77,6572.02,31.918,4968.0,79.53,(001),[110],Rotated Cube {001}<110>,14.3,"0,0,1","1,1,0"
159,308.575,22.4,75.89,6629.64,42.013,4221.0,73.31,(4312),[-7-33],Other/Random,30.3,"4,3,12","-7,-3,3"
160,149.576,46.228,225.79,6683.06,6.798,1116.0,37.7,(-8-5-9),[-5-4527],Other/Random,32.4,"-8,-5,-9","-5,-45,27"
161,350.634,41.093,39.26,6759.45,7.773,1386.0,42.01,(-6-1-7),[410-5],Other/Random,33.23,"-6,-1,-7","4,10,-5"
162,195.066,31.792,146.03,6809.09,9.305,531.0,26.0,(18530),[-3-124],Other/Random,27.25,"18,5,30","-3,-12,4"
163,30.775,32.125,311.95,6833.83,5.229,315.0,20.03,(539),[29-4],Other/Random,32.71,"5,3,9","2,9,-4"
164,348.177,35.021,41.64,6857.92,10.824,666.0,29.12,(-14-3-21),[49-4],Other/Random,34.8,"-14,-3,-21","4,9,-4"
165,351.588,40.135,40.45,6885.49,4.161,279.0,18.85,(-20-3-24),[818-9],Other/Random,35.03,"-20,-3,-24","8,18,-9"
166,312.748,26.257,68.54,6944.48,37.341,5760.0,85.64,(9824),[-6-23],Other/Random,33.38,"9,8,24","-6,-2,3"
167,306.963,20.473,76.96,6977.49,9.329,738.0,30.65,(181463),[-35-1514],Other/Random,29.3,"18,14,63","-35,-15,14"
168,315.458,21.291,60.1,7033.05,41.53,7416.0,97.17,(-2-2-7),[312-4],Other/Random,26.32,"-2,-2,-7","3,12,-4"
169,198.084,10.866,185.14,7095.3,25.934,2052.0,51.11,(3218),[3-70],Other/Random,24.31,"3,2,18","3,-7,0"
170,334.827,33.661,54.01,7119.19,13.438,432.0,23.45,(-21-10-35),[49-5],Other/Random,37.24,"-21,-10,-35","4,9,-5"
171,312.641,25.599,62.22,7138.62,17.264,954.0,34.85,(113),[-63-1427],Other/Random,29.54,"1,1,3","-63,-14,27"
172,22.311,35.428,307.35,7210.41,30.196,7164.0,95.51,(14621),[2863-36],Other/Random,38.25,"14,6,21","28,63,-36"
173,60.523,36.765,314.66,7309.26,31.742,4401.0,74.86,(-16-9-24),[-1045],Other/Random,30.26,"-16,-9,-24","-10,4,5"
174,128.778,47.693,216.08,7333.57,3.571,189.0,15.51,(181421),[9-4-5],Other/Random,36.54,"18,14,21","9,-4,-5"
175,127.68,37.983,221.77,7368.72,26.472,2763.0,59.31,(548),[63-18-28],Other/Random,32.09,"5,4,8","63,-18,-28"
176,13.469,35.073,312.99,7434.72,18.521,3267.0,64.5,(416),[12-1],Other/Random,36.84,"4,1,6","1,2,-1"
177,65.172,49.421,304.04,7490.89,3.692,234.0,17.26,(849),[-35-1640],Other/Random,25.21,"8,4,9","-35,-16,40"
178,129.82,45.771,214.91,7542.64,16.591,2070.0,51.34,(121015),[18-8-9],Other/Random,35.18,"12,10,15","18,-8,-9"
179,331.469,30.467,45.71,7596.12,20.595,2331.0,54.48,(-7-4-14),[1045-18],Other/Random,31.86,"-7,-4,-14","10,45,-18"
180,201.655,24.009,128.67,7621.75,2.75,108.0,11.73,(12530),[-4-83],Other/Random,28.42,"12,5,30","-4,-8,3"
181,11.619,23.197,318.98,7675.23,22.11,3915.0,70.6,(27763),[714-4],Other/Random,27.89,"27,7,63","7,14,-4"
182,202.779,33.719,134.39,7719.62,7.676,306.0,19.74,(528),[-3-94],Other/Random,33.14,"5,2,8","-3,-9,4"
183,312.378,46.042,43.98,7737.08,6.167,324.0,20.31,(494563),[-20512],Other/Random,33.66,"49,45,63","-20,5,12"
184,317.883,52.003,37.72,7762.22,9.321,756.0,31.03,(-7-6-7),[-27-4],Other/Random,33.16,"-7,-6,-7","-2,7,-4"
185,187.301,32.888,136.92,7802.64,19.674,1710.0,46.66,(45872),[-27-4520],Other/Random,34.12,"45,8,72","-27,-45,20"
186,32.973,25.298,317.58,7825.5,1.0,54.0,8.29,(8520),[763-18],Other/Random,26.98,"8,5,20","7,63,-18"
187,197.939,26.729,120.09,7839.36,20.292,1449.0,42.95,(316),[-36-4525],Other/Random,26.9,"3,1,6","-36,-45,25"
188,154.43,25.154,221.7,7880.05,10.184,1026.0,36.14,(-15-7-35),[-7-288],Other/Random,29.81,"-15,-7,-35","-7,-28,8"
189,29.434,36.822,314.81,7905.0,0.75,36.0,6.77,(16924),[16-3],Other/Random,30.65,"16,9,24","1,6,-3"
190,151.243,43.738,222.39,7938.41,20.192,2574.0,57.25,(-15-8-18),[-1-95],Other/Random,29.4,"-15,-8,-18","-1,-9,5"
191,175.3,40.317,216.52,7966.5,3.0,54.0,8.29,(-54-7-63),[-4-94],Other/Random,33.53,"-54,-7,-63","-4,-9,4"
192,246.829,51.036,130.56,7979.19,4.385,234.0,17.26,(492456),[3021-35],Other/Random,30.76,"49,24,56","30,21,-35"
193,219.34,31.983,127.63,8059.35,29.258,8811.0,105.92,(5410),[-9-6328],Other/Random,33.31,"5,4,10","-9,-63,28"
194,126.614,36.909,261.1,8147.02,10.303,684.0,29.51,(272045),[63-5],Other/Random,31.45,"27,20,45","6,3,-5"
195,46.684,55.012,323.14,8217.29,26.532,5886.0,86.57,(989),[-35-2456],Other/Random,37.03,"9,8,9","-35,-24,56"
196,165.645,24.067,222.54,8300.24,43.049,6075.0,87.95,(-27-7-63),[-3-62],Other/Random,29.29,"-27,-7,-63","-3,-6,2"
197,344.661,34.187,38.79,8346.58,8.579,513.0,25.56,(-4-1-6),[515-6],Other/Random,30.49,"-4,-1,-6","5,15,-6"
198,344.661,26.716,27.57,8371.99,46.827,5364.0,82.64,(-4-1-8),[318-4],Other/Random,25.13,"-4,-1,-8","3,18,-4"
199,202.321,30.384,150.41,8405.79,5.571,126.0,12.67,(529),[-4-369],Other/Random,22.97,"5,2,9","-4,-36,9"
200,195.425,24.351,144.64,8417.35,34.045,1809.0,47.99,(24756),[-4-123],Other/Random,31.37,"24,7,56","-4,-12,3"
201,187.037,26.045,169.21,8416.5,0.0,18.0,4.79,(9218),[0-91],Other/Random,19.99,"9,2,18","0,-9,1"
202,333.055,10.471,32.17,8443.2,10.446,747.0,30.84,(001),[100],Cube {001}<100>,11.7,"0,0,1","1,0,0"
203,172.344,44.995,222.16,8467.56,3.84,225.0,16.93,(-8-1-8),[-20-4527],Other/Random,37.12,"-8,-1,-8","-20,-45,27"
204,207.535,21.714,134.32,8485.12,22.529,2349.0,54.69,(5315),[-2-72],Other/Random,28.23,"5,3,15","-2,-7,2"
205,154.388,43.506,218.1,8533.2,29.991,3105.0,62.88,(-30-14-35),[-1-94],Other/Random,26.46,"-30,-14,-35","-1,-9,4"
206,48.714,18.589,308.29,8585.13,16.851,1575.0,44.78,(-9-8-36),[-401],Other/Random,18.83,"-9,-8,-36","-4,0,1"
207,17.283,24.016,338.44,8615.4,8.4,450.0,23.94,(24756),[07-1],Other/Random,24.01,"24,7,56","0,7,-1"
208,47.662,23.962,303.74,8649.76,13.0,1512.0,43.88,(-7-6-21),[-72-827],Other/Random,25.44,"-7,-6,-21","-72,-8,27"
209,191.292,45.582,149.64,8691.0,0.0,27.0,5.86,(-5-1-5),[-251],Other/Random,23.78,"-5,-1,-5","-2,5,1"
210,79.094,32.42,302.38,8746.15,24.195,4302.0,74.01,(-5-1-8),[-1478],Other/Random,27.7,"-5,-1,-8","-14,7,8"
211,203.913,29.256,136.6,8818.51,25.302,3006.0,61.87,(9418),[-16-5621],Other/Random,31.91,"9,4,18","-16,-56,21"
212,214.347,22.81,126.75,8887.86,28.439,5274.0,81.95,(4312),[-6-217],Other/Random,29.54,"4,3,12","-6,-21,7"
213,27.188,34.16,322.52,8970.11,39.933,6858.0,93.44,(9515),[872-27],Other/Random,25.91,"9,5,15","8,72,-27"
214,150.312,50.866,226.94,9030.68,9.961,927.0,34.36,(563663),[-691],Other/Random,34.95,"56,36,63","-6,9,1"
215,237.287,34.461,116.58,9079.45,20.311,2196.0,52.88,(-32-21-56),[50-3],Other/Random,23.15,"-32,-21,-56","5,0,-3"
216,169.67,33.952,219.56,9114.0,2.684,171.0,14.76,(-16-3-24),[-28-6327],Other/Random,33.99,"-16,-3,-24","-28,-63,27"
217,1.461,20.905,15.83,9174.42,12.054,1998.0,50.44,(308),[-18637],Other/Random,27.07,"3,0,8","-18,63,7"
218,203.996,29.229,145.21,9234.75,8.412,873.0,33.34,(9418),[-7-5616],Other/Random,26.11,"9,4,18","-7,-56,16"
219,335.696,27.562,55.02,9265.69,8.854,369.0,21.68,(-9-4-18),[918-8],Other/Random,30.98,"-9,-4,-18","9,18,-8"
220,45.476,8.728,299.49,9295.34,20.569,1944.0,49.75,(-1-1-9),[-28-74],Other/Random,17.37,"-1,-1,-9","-28,-7,4"
221,18.824,7.771,336.29,9332.37,17.669,1062.0,36.77,(001),[100],Cube {001}<100>,9.18,"0,0,1","1,0,0"
222,54.416,52.14,318.77,9350.66,9.0,234.0,17.26,(757),[-4-36],Other/Random,36.75,"7,5,7","-4,-3,6"
223,27.797,52.643,317.5,9364.48,11.237,531.0,26.0,(-12-7-14),[5-80],Other/Random,32.51,"-12,-7,-14","5,-8,0"
224,164.553,30.977,205.08,9398.77,32.198,3537.0,67.11,(-24-7-42),[-1-92],Other/Random,21.13,"-24,-7,-42","-1,-9,2"
225,16.924,7.456,338.76,9449.87,13.217,1953.0,49.87,(001),[100],Cube {001}<100>,8.61,"0,0,1","1,0,0"
226,45.819,44.035,312.56,9490.29,2.571,63.0,8.96,(-15-14-21),[-35521],Other/Random,32.23,"-15,-14,-21","-35,5,21"
227,32.676,44.563,321.8,9521.81,34.977,4275.0,73.78,(151018),[-218-9],Other/Random,27.12,"15,10,18","-2,18,-9"
228,212.127,33.165,140.81,9537.0,0.75,36.0,6.77,(539),[0-83],Other/Random,26.93,"5,3,9","0,-8,3"
229,211.058,20.695,145.64,9562.19,10.817,981.0,35.34,(5315),[0-51],Other/Random,20.95,"5,3,15","0,-5,1"
230,235.664,14.238,111.81,9598.02,14.632,954.0,34.85,(-7-5-35),[204-5],Other/Random,18.94,"-7,-5,-35","20,4,-5"
231,337.884,25.807,49.45,9633.76,8.514,999.0,35.66,(-8-3-18),[3272-27],Other/Random,31.19,"-8,-3,-18","32,72,-27"
232,354.701,44.373,46.75,9696.6,10.217,954.0,34.85,(-9-1-9),[3556-40],Other/Random,43.14,"-9,-1,-9","35,56,-40"
233,114.936,46.09,227.48,9739.37,16.569,1566.0,44.65,(849),[63-35-45],Other/Random,30.52,"8,4,9","63,-35,-45"
234,345.863,36.476,52.24,9775.06,10.117,846.0,32.82,(-30-7-42),[58-5],Other/Random,37.1,"-30,-7,-42","5,8,-5"
235,350.841,37.092,356.12,9806.94,18.269,1305.0,40.76,(110),[001],Goss {110}<001>,14.66,"1,1,0","0,0,1"
236,351.286,39.801,1.82,9840.28,10.069,783.0,31.57,(110),[001],Goss {110}<001>,9.1,"1,1,0","0,0,1"
237,211.058,28.987,146.24,9875.01,24.684,1224.0,39.48,(7414),[0-72],Other/Random,25.63,"7,4,14","0,-7,2"
238,353.299,37.688,357.13,9910.42,11.076,1782.0,47.63,(110),[001],Goss {110}<001>,11.64,"1,1,0","0,0,1"
239,1.513,36.492,346.85,9957.0,2.143,189.0,15.51,(110),[001],Goss {110}<001>,14.73,"1,1,0","0,0,1"
240,329.353,26.187,61.5,10013.06,10.859,1917.0,49.4,(-12-7-28),[1018-9],Other/Random,29.71,"-12,-7,-28","10,18,-9"
241,101.268,19.937,243.45,10102.6,20.789,3717.0,68.79,(27872),[21-6-7],Other/Random,25.07,"27,8,72","21,-6,-7"
242,195.952,24.014,151.56,10223.74,35.724,12210.0,124.7,(24756),[-5-306],Other/Random,27.02,"24,7,56","-5,-30,6"
243,204.407,28.821,135.69,10318.88,9.0,576.0,27.08,(9418),[-16-5621],Other/Random,32.53,"9,4,18","-16,-56,21"
244,197.803,38.025,135.72,10346.88,13.135,666.0,29.12,(314),[-3-84],Other/Random,33.69,"3,1,4","-3,-8,4"
245,91.177,15.023,254.06,10372.01,9.333,729.0,30.47,(207),[28-8-7],Other/Random,21.03,"2,0,7","28,-8,-7"
246,1.73,36.553,345.33,10399.14,4.138,261.0,18.23,(304),[16-1],Other/Random,15.83,"3,0,4","1,6,-1"
247,64.601,15.296,273.84,10426.8,4.05,360.0,21.41,(-9-4-36),[-35-1410],Other/Random,26.38,"-9,-4,-36","-35,-14,10"
248,300.561,40.0,64.56,10546.34,40.763,16150.0,143.38,(537),[-705],Other/Random,21.25,"5,3,7","-7,0,5"
249,212.092,29.276,175.72,10682.4,23.139,3825.0,69.79,(7414),[5-90],Other/Random,32.7,"7,4,14","5,-9,0"
250,215.213,13.936,178.61,10749.02,10.662,1413.0,42.42,(7535),[2-30],Other/Random,17.85,"7,5,35","2,-3,0"
251,186.647,5.135,160.49,10813.4,10.07,1413.0,42.42,(001),[100],Cube {001}<100>,13.85,"0,0,1","1,0,0"
252,10.172,36.607,337.59,10864.61,6.09,603.0,27.71,(40756),[963-14],Other/Random,18.14,"40,7,56","9,63,-14"
253,254.049,20.731,122.65,10905.78,5.091,594.0,27.5,(-27-8-72),[3-1-1],Other/Random,26.56,"-27,-8,-72","3,-1,-1"
254,203.109,42.845,164.18,10964.74,7.176,918.0,34.19,(482156),[1-51],Other/Random,16.14,"48,21,56","1,-5,1"
255,56.121,5.994,334.57,11015.95,4.966,522.0,25.78,(-1-1-9),[-530],Other/Random,15.51,"-1,-1,-9","-5,3,0"
256,33.888,52.446,327.33,11071.15,15.992,2340.0,54.58,(-8-6-9),[9-184],Other/Random,28.09,"-8,-6,-9","9,-18,4"
257,211.994,41.604,125.07,11133.48,11.127,1485.0,43.48,(271636),[-3-128],Other/Random,38.16,"27,16,36","-3,-12,8"
258,172.296,26.597,222.23,11194.6,14.045,1611.0,45.29,(-9-2-18),[-24-4015],Other/Random,28.55,"-9,-2,-18","-24,-40,15"
259,236.773,30.188,128.47,11227.86,4.0,189.0,15.51,(-3-2-6),[42-7-18],Other/Random,27.26,"-3,-2,-6","42,-7,-18"
260,235.398,29.338,135.57,11249.98,15.059,1377.0,41.87,(-4-3-9),[8-2-3],Other/Random,30.92,"-4,-3,-9","8,-2,-3"
261,193.823,42.562,168.79,11298.87,25.281,3330.0,65.11,(110),[001],Goss {110}<001>,9.93,"1,1,0","0,0,1"
262,229.45,37.198,118.76,11363.29,1.429,189.0,15.51,(-8-7-14),[728-45],Other/Random,27.47,"-8,-7,-14","72,8,-45"
263,241.325,25.123,125.92,11388.0,0.0,45.0,7.57,(-18-10-45),[24-4-9],Other/Random,26.13,"-18,-10,-45","24,-4,-9"
264,218.421,28.524,128.04,11397.0,1.5,18.0,4.79,(9721),[-5-3012],Other/Random,31.51,"9,7,21","-5,-30,12"
265,174.578,32.817,170.1,11416.82,8.915,639.0,28.52,(-45-8-72),[9-36-4],Other/Random,18.95,"-45,-8,-72","9,-36,-4"
266,148.336,52.009,220.38,11441.03,9.977,387.0,22.2,(644572),[-2745-5],Other/Random,30.99,"64,45,72","-27,45,-5"
267,133.707,49.589,217.06,11455.5,3.0,180.0,15.14,(302835),[72-27-40],Other/Random,34.17,"30,28,35","72,-27,-40"
268,201.776,47.079,135.55,11484.32,32.138,3447.0,66.25,(525),[-10-4527],Other/Random,33.13,"5,2,5","-10,-45,27"
269,138.984,49.233,225.75,11538.37,23.285,3096.0,62.78,(-7-6-8),[3-2416],Other/Random,34.49,"-7,-6,-8","3,-24,16"
270,175.992,31.215,211.95,11572.5,2.25,72.0,9.57,(-30-5),[-4-93],Other/Random,31.93,"-3,0,-5","-4,-9,3"
271,279.848,47.191,48.34,11620.28,35.003,5445.0,83.26,(-16-3-18),[-8-89],Other/Random,35.58,"-16,-3,-18","-8,-8,9"
272,215.021,48.818,137.31,11661.24,22.74,900.0,33.85,(869),[5-4527],Other/Random,31.45,"8,6,9","5,-45,27"
273,221.316,58.613,131.0,11671.94,3.353,153.0,13.96,(353240),[-35307],Other/Random,41.01,"35,32,40","-35,30,7"
274,333.656,49.784,48.88,11703.22,27.255,3393.0,65.73,(16918),[30-42-7],Other/Random,36.57,"16,9,18","30,-42,-7"
275,43.898,54.798,308.61,11764.37,27.028,3807.0,69.62,(-1-1-1),[35-426],Other/Random,36.89,"-1,-1,-1","35,-42,6"
276,204.767,48.941,135.66,11829.4,18.176,1989.0,50.32,(-9-4-9),[-35568],Other/Random,32.84,"-9,-4,-9","-35,56,8"
277,334.725,50.355,35.23,11861.37,5.636,297.0,19.45,(849),[1-20],Other/Random,26.4,"8,4,9","1,-2,0"
278,215.102,51.384,139.84,11904.83,40.238,8352.0,103.12,(-7-5-7),[-2440-5],Other/Random,31.22,"-7,-5,-7","-24,40,-5"
279,31.865,56.06,313.55,11961.64,9.0,504.0,25.33,(-32-25-40),[3-40],Other/Random,36.99,"-32,-25,-40","3,-4,0"
280,140.371,48.998,227.77,11979.11,10.448,261.0,18.23,(-32-27-36),[1-96],Other/Random,35.16,"-32,-27,-36","1,-9,6"
281,211.528,42.875,139.28,11987.14,1.286,63.0,8.96,(8510),[0-21],Other/Random,28.06,"8,5,10","0,-2,1"
282,339.778,51.313,47.87,11997.0,0.0,27.0,5.86,(482156),[3-4-1],Other/Random,37.84,"48,21,56","3,-4,-1"
283,324.118,53.523,41.65,12000.57,18.6,810.0,32.11,(564563),[35-568],Other/Random,33.24,"56,45,63","35,-56,8"
284,323.498,49.352,50.7,12033.65,20.691,2097.0,51.67,(-56-45-63),[07-5],Other/Random,36.84,"-56,-45,-63","0,7,-5"
285,28.404,49.294,313.39,12079.09,31.656,1647.0,45.79,(-9-5-9),[6-9-1],Other/Random,34.22,"-9,-5,-9","6,-9,-1"
286,150.178,51.034,224.77,12090.0,17.53,747.0,30.84,(563663),[-230],Other/Random,33.4,"56,36,63","-2,3,0"
287,165.77,41.768,216.75,12117.55,8.553,846.0,32.82,(-54-14-63),[-9-3616],Other/Random,28.28,"-54,-14,-63","-9,-36,16"
288,189.2,9.325,149.92,12155.51,7.7,540.0,26.22,(106),[-27-728],Other/Random,22.85,"1,0,6","-27,-72,8"
289,323.164,48.855,47.9,12177.82,4.5,198.0,15.88,(-8-6-9),[03-2],Other/Random,34.82,"-8,-6,-9","0,3,-2"
290,103.072,47.661,225.81,12190.0,2.0,54.0,8.29,(-8-2-9),[1516-18],Other/Random,36.44,"-8,-2,-9","15,16,-18"
291,223.676,52.132,127.74,12200.65,3.529,153.0,13.96,(889),[5-4536],Other/Random,35.47,"8,8,9","5,-45,36"
292,198.053,5.767,150.78,12221.0,5.5,216.0,16.58,(001),[100],Cube {001}<100>,12.56,"0,0,1","1,0,0"
293,150.402,50.252,225.74,12248.47,12.132,1224.0,39.48,(747),[-691],Other/Random,33.81,"7,4,7","-6,9,1"
294,215.457,48.901,135.08,12283.1,8.386,396.0,22.45,(869),[0-85],Other/Random,32.86,"8,6,9","0,-8,5"
295,149.484,45.312,230.66,12321.58,20.645,2358.0,54.79,(-7-4-8),[-1-64],Other/Random,35.88,"-7,-4,-8","-1,-6,4"
296,328.237,45.659,53.16,12343.5,4.5,90.0,10.7,(-63-40-72),[735-25],Other/Random,37.74,"-63,-40,-72","7,35,-25"
297,164.817,30.756,191.86,12363.41,4.773,396.0,22.45,(-24-7-42),[1-91],Other/Random,16.94,"-24,-7,-42","1,-9,1"
298,220.574,47.129,124.93,12417.0,27.955,4581.0,76.37,(353042),[-4-3627],Other/Random,35.1,"35,30,42","-4,-36,27"
299,145.414,34.889,229.97,12469.43,12.738,1098.0,37.39,(-20-14-35),[-1-63],Other/Random,33.19,"-20,-14,-35","-1,-6,3"
300,7.573,21.45,344.76,12503.55,11.38,828.0,32.47,(205),[19-1],Other/Random,22.76,"2,0,5","1,9,-1"
301,35.39,48.108,304.92,12555.74,28.021,4338.0,74.32,(644572),[963-49],Other/Random,39.23,"64,45,72","9,63,-49"
302,13.16,39.762,318.73,12599.37,1.895,171.0,14.76,(415),[38-4],Other/Random,33.11,"4,1,5","3,8,-4"
303,212.793,36.143,128.99,12621.61,31.915,3159.0,63.42,(251640),[-4-189],Other/Random,34.28,"25,16,40","-4,-18,9"
304,148.584,34.939,231.38,12642.0,0.0,27.0,5.86,(-24-15-40),[-1-42],Other/Random,34.85,"-24,-15,-40","-1,-4,2"
305,65.086,33.639,304.65,12701.44,30.34,6678.0,92.21,(-21-10-35),[-36920],Other/Random,24.48,"-21,-10,-35","-36,9,20"
306,192.689,25.163,141.92,12758.17,10.328,549.0,26.44,(419),[-3-72],Other/Random,31.8,"4,1,9","-3,-7,2"
307,149.911,14.435,217.66,12799.97,15.072,1872.0,48.82,(-16-9-72),[-2-183],Other/Random,16.29,"-16,-9,-72","-2,-18,3"
308,227.86,40.709,147.9,12848.12,15.831,1494.0,43.61,(-35-32-56),[5-2-2],Other/Random,32.52,"-35,-32,-56","5,-2,-2"
309,211.543,48.955,132.64,12880.08,4.32,225.0,16.93,(535),[-1-96],Other/Random,34.4,"5,3,5","-1,-9,6"
310,207.736,47.809,145.6,12901.24,4.676,306.0,19.74,(212),[0-94],Other/Random,25.14,"2,1,2","0,-9,4"
311,322.133,56.155,48.42,12930.43,20.488,2322.0,54.37,(544963),[36-455],Other/Random,38.84,"54,49,63","36,-45,5"
312,137.243,42.599,226.67,12958.5,1.5,36.0,6.77,(-16-15-24),[7-6336],Other/Random,32.91,"-16,-15,-24","7,-63,36"
313,134.558,37.297,232.61,13009.33,22.516,3402.0,65.81,(559),[90-5],Other/Random,29.94,"5,5,9","9,0,-5"
314,208.514,39.362,123.05,13067.93,37.755,3231.0,64.14,(251435),[-6-1510],Other/Random,40.59,"25,14,35","-6,-15,10"
315,159.985,10.287,234.23,13104.31,17.565,1863.0,48.7,(001),[110],Rotated Cube {001}<110>,14.89,"0,0,1","1,1,0"
316,170.358,23.783,206.54,13153.84,15.55,1818.0,48.11,(-27-7-63),[-5-204],Other/Random,28.52,"-27,-7,-63","-5,-20,4"
317,301.212,46.604,55.96,13194.71,9.309,612.0,27.91,(859),[-36928],Other/Random,25.28,"8,5,9","-36,9,28"
318,326.234,8.085,50.44,13231.41,14.922,1737.0,47.03,(-9-8-72),[1863-7],Other/Random,18.52,"-9,-8,-72","18,63,-7"
319,321.182,15.721,59.92,13307.94,15.385,2808.0,59.79,(-4-3-18),[38-2],Other/Random,26.26,"-4,-3,-18","3,8,-2"
320,136.76,48.838,211.7,13361.24,7.905,567.0,26.87,(-15-14-18),[27-7232],Other/Random,31.47,"-15,-14,-18","27,-72,32"
321,148.509,45.006,221.07,13394.8,11.924,1071.0,36.93,(-12-7-14),[0-21],Other/Random,28.78,"-12,-7,-14","0,-2,1"
322,343.476,25.992,43.98,13454.43,13.424,2295.0,54.06,(-28-9-63),[49-3],Other/Random,31.27,"-28,-9,-63","4,9,-3"
323,230.056,19.145,114.79,13498.5,1.0,54.0,8.29,(-9-8-36),[123-4],Other/Random,24.37,"-9,-8,-36","12,3,-4"
324,136.194,27.964,246.31,13505.58,10.26,450.0,23.94,(-3-3-8),[-3-84],Other/Random,34.48,"-3,-3,-8","-3,-8,4"
325,347.991,21.32,26.39,13533.27,23.118,1530.0,44.14,(-27-8-72),[418-3],Other/Random,25.67,"-27,-8,-72","4,18,-3"
326,197.999,15.587,135.36,13554.9,3.75,360.0,21.41,(9436),[-9-184],Other/Random,24.04,"9,4,36","-9,-18,4"
327,344.955,29.536,39.36,13575.06,32.003,2655.0,58.14,(-35-9-63),[924-8],Other/Random,32.49,"-35,-9,-63","9,24,-8"
328,1.733,16.235,318.68,13637.31,18.283,3249.0,64.32,(207),[1620-5],Other/Random,17.11,"2,0,7","16,20,-5"
329,198.878,48.694,137.16,13743.03,18.326,3888.0,70.36,(-8-3-9),[-274510],Other/Random,33.0,"-8,-3,-9","-27,45,10"
330,222.056,13.7,135.84,13801.52,13.4,675.0,29.32,(001),[100],Cube {001}<100>,13.86,"0,0,1","1,0,0"
331,69.68,12.335,279.09,13838.43,16.978,2034.0,50.89,(-9-5-45),[-45-910],Other/Random,16.67,"-9,-5,-45","-45,-9,10"
332,211.56,51.672,138.06,13884.05,30.967,2709.0,58.73,(-64-45-72),[-580],Other/Random,31.8,"-64,-45,-72","-5,8,0"
333,31.148,20.568,314.44,13921.79,10.154,936.0,34.52,(5315),[836-9],Other/Random,25.07,"5,3,15","8,36,-9"
334,321.778,50.659,36.26,13970.9,9.497,1305.0,40.76,(-4-3-4),[-29-5],Other/Random,30.29,"-4,-3,-4","-2,9,-5"
335,24.968,28.96,311.45,14001.0,0.75,36.0,6.77,(9418),[1540-16],Other/Random,35.53,"9,4,18","15,40,-16"
336,171.045,15.813,217.44,14008.36,4.091,99.0,11.23,(-20-7),[-5-102],Other/Random,22.83,"-2,0,-7","-5,-10,2"
337,21.084,15.006,329.5,14032.65,3.225,360.0,21.41,(9436),[17-1],Other/Random,17.7,"9,4,36","1,7,-1"
338,299.237,21.288,82.96,14054.34,10.171,369.0,21.68,(5315),[-35-1415],Other/Random,30.66,"5,3,15","-35,-14,15"
339,210.701,32.222,154.24,14104.25,46.049,9090.0,107.58,(539),[4-287],Other/Random,22.76,"5,3,9","4,-28,7"
340,24.069,35.15,317.38,14151.8,2.2,135.0,13.11,(351656),[1463-27],Other/Random,30.07,"35,16,56","14,63,-27"
341,158.89,17.037,239.82,14190.74,41.548,6930.0,93.93,(-18-7-63),[-7-93],Other/Random,18.15,"-18,-7,-63","-7,-9,3"
342,354.729,37.315,22.46,14242.8,23.495,855.0,32.99,(-27-4-36),[836-9],Other/Random,20.3,"-27,-4,-36","8,36,-9"
343,32.24,5.833,332.18,14272.16,13.521,1260.0,40.05,(001),[100],Cube {001}<100>,7.32,"0,0,1","1,0,0"
344,200.073,26.765,137.45,14298.09,5.471,306.0,19.74,(316),[-1-31],Other/Random,33.64,"3,1,6","-1,-3,1"
345,343.162,30.548,47.76,14367.69,35.321,9108.0,107.69,(-24-7-42),[918-8],Other/Random,33.57,"-24,-7,-42","9,18,-8"
346,191.266,17.592,165.67,14457.96,8.52,1125.0,37.85,(319),[0-91],Other/Random,17.85,"3,1,9","0,-9,1"
347,237.309,11.511,109.74,14489.49,28.281,2340.0,54.58,(-3-2-18),[4510-9],Other/Random,17.31,"-3,-2,-18","45,10,-9"
348,152.421,25.756,207.28,14525.32,3.0,198.0,15.88,(-27-14-63),[0-51],Other/Random,24.98,"-27,-14,-63","0,-5,1"
349,233.839,20.253,107.1,14550.07,5.163,387.0,22.2,(-18-14-63),[248-9],Other/Random,27.74,"-18,-14,-63","24,8,-9"
350,2.833,11.184,349.98,14588.78,37.466,8235.0,102.4,(001),[100],Cube {001}<100>,13.29,"0,0,1","1,0,0"
351,196.629,34.451,154.24,14702.88,46.748,9054.0,107.37,(10315),[-4-369],Other/Random,19.67,"10,3,15","-4,-36,9"
352,245.491,4.769,90.18,14770.81,27.164,3285.0,64.67,(-10-9),[94-1],Other/Random,21.21,"-1,0,-9","9,4,-1"
353,199.936,43.333,143.43,14841.61,56.698,9639.0,110.78,(839),[-9-6328],Other/Random,26.17,"8,3,9","-9,-63,28"
354,160.77,20.732,232.23,14889.76,15.066,2034.0,50.89,(-3-1-8),[-9-155],Other/Random,23.92,"-3,-1,-8","-9,-15,5"
355,357.31,42.867,320.05,14970.75,24.613,6075.0,87.95,(-80-9),[-10159],Other/Random,41.98,"-8,0,-9","-10,15,9"
356,144.861,15.715,194.83,15072.54,31.366,5022.0,79.96,(-4-3-18),[27-728],Other/Random,25.63,"-4,-3,-18","27,-72,8"
357,148.595,11.559,200.42,15152.82,36.036,6849.0,93.38,(-3-2-18),[9-455],Other/Random,15.93,"-3,-2,-18","9,-45,5"
358,305.421,28.597,81.1,15228.72,14.816,1611.0,45.29,(439),[-10-56],Other/Random,32.96,"4,3,9","-10,-5,6"
359,322.782,20.261,59.75,15288.47,42.046,5319.0,82.29,(-18-14-63),[924-8],Other/Random,30.17,"-18,-14,-63","9,24,-8"
360,184.898,21.477,193.85,15312.75,3.107,252.0,17.91,(205),[3-9-1],Other/Random,28.44,"2,0,5","3,-9,-1"
361,171.118,17.636,209.88,15329.13,14.798,801.0,31.94,(-10-3),[-9-244],Other/Random,27.36,"-1,0,-3","-9,-24,4"
362,10.057,41.551,318.04,15372.8,16.795,2106.0,51.78,(21424),[49-5],Other/Random,35.45,"21,4,24","4,9,-5"
363,333.534,26.72,47.85,15420.99,31.445,2709.0,58.73,(-4-2-9),[824-9],Other/Random,34.1,"-4,-2,-9","8,24,-9"
364,174.949,14.271,213.14,15453.0,13.882,990.0,35.5,(-10-4),[-7-142],Other/Random,22.09,"-1,0,-4","-7,-14,2"
365,191.347,11.572,185.95,15484.14,12.139,972.0,35.18,(105),[2-70],Other/Random,20.79,"1,0,5","2,-7,0"
366,305.926,48.035,54.38,15532.67,22.889,3087.0,62.69,(869),[-45935],Other/Random,28.02,"8,6,9","-45,9,35"
367,349.125,25.8,43.33,15592.5,41.33,5724.0,85.37,(-9-2-18),[3256-21],Other/Random,28.64,"-9,-2,-18","32,56,-21"
368,320.84,20.662,62.34,15647.4,8.526,1368.0,41.73,(-8-7-28),[615-5],Other/Random,29.96,"-8,-7,-28","6,15,-5"
369,190.379,8.582,153.43,15733.99,28.595,6228.0,89.05,(107),[-18-637],Other/Random,18.31,"1,0,7","-18,-63,7"
370,350.405,33.025,39.75,15831.33,33.77,5121.0,80.75,(-45-8-72),[510-4],Other/Random,34.85,"-45,-8,-72","5,10,-4"
371,185.989,15.325,191.52,15881.01,20.441,1062.0,36.77,(207),[2-70],Other/Random,23.23,"2,0,7","2,-7,0"
372,246.592,4.067,129.82,15885.9,1.8,90.0,10.7,(-10-9),[63-18-7],Other/Random,16.91,"-1,0,-9","63,-18,-7"
373,31.031,21.946,304.96,15910.62,10.02,900.0,33.85,(5315),[615-5],Other/Random,30.28,"5,3,15","6,15,-5"
374,26.269,37.421,315.61,15954.44,6.988,738.0,30.65,(213),[210-5],Other/Random,30.72,"2,1,3","2,10,-5"
375,10.137,3.407,14.26,16020.14,27.611,5256.0,81.81,(109),[-490],Other/Random,20.88,"1,0,9","-4,9,0"
376,22.655,31.098,315.31,16074.51,8.667,486.0,24.88,(529),[515-6],Other/Random,32.91,"5,2,9","5,15,-6"
377,160.191,10.007,227.12,16115.11,15.333,2430.0,55.62,(-3-2-18),[-7-142],Other/Random,20.3,"-3,-2,-18","-7,-14,2"
378,140.622,16.452,229.68,16176.0,1.636,99.0,11.23,(-10-9-45),[-3-184],Other/Random,19.39,"-10,-9,-45","-3,-18,4"
379,166.174,19.492,206.13,16190.79,2.143,126.0,12.67,(-3-1-9),[-7-355],Other/Random,23.02,"-3,-1,-9","-7,-35,5"
380,75.178,5.032,303.8,16203.42,11.394,846.0,32.82,(-10-9),[-931],Other/Random,19.63,"-1,0,-9","-9,3,1"
381,165.339,46.122,205.16,16219.5,0.0,36.0,6.77,(414),[-391],Other/Random,18.19,"4,1,4","-3,9,1"
382,322.117,6.458,54.99,16255.4,12.503,1503.0,43.75,(-1-1-9),[1863-7],Other/Random,18.28,"-1,-1,-9","18,63,-7"
383,335.07,8.885,49.39,16288.0,1.0,27.0,5.86,(-9-7-63),[3272-9],Other/Random,22.36,"-9,-7,-63","32,72,-9"
384,331.782,15.938,51.08,16305.6,46.791,8685.0,105.16,(-7-4-28),[1845-10],Other/Random,27.22,"-7,-4,-28","18,45,-10"
385,161.342,47.257,217.08,16379.72,6.776,765.0,31.21,(313),[-7142],Other/Random,27.62,"3,1,3","-7,14,2"
386,329.819,4.053,49.59,16428.96,13.228,1539.0,44.27,(-10-9),[39-1],Other/Random,19.82,"-1,0,-9","3,9,-1"
387,137.508,22.944,237.68,16466.12,7.176,459.0,24.17,(-7-6-21),[-16-7227],Other/Random,27.46,"-7,-6,-21","-16,-72,27"
388,127.827,26.84,264.14,16504.27,4.263,513.0,25.56,(6515),[53-3],Other/Random,29.78,"6,5,15","5,3,-3"
389,34.807,51.847,328.35,16556.37,8.067,810.0,32.11,(-7-5-7),[16-369],Other/Random,27.88,"-7,-5,-7","16,-36,9"
390,157.616,41.898,225.57,16591.71,3.786,378.0,21.94,(-5-2-6),[-9-3620],Other/Random,33.06,"-5,-2,-6","-9,-36,20"
391,2.717,15.015,20.91,16613.0,2.0,27.0,5.86,(207),[-27637],Other/Random,26.07,"2,0,7","-27,63,7"
392,52.979,13.065,331.05,16630.87,6.96,450.0,23.94,(-7-5-35),[-72329],Other/Random,24.67,"-7,-5,-35","-72,32,9"
393,131.665,52.897,222.39,16673.16,28.352,3933.0,70.76,(878),[3-1-2],Other/Random,37.35,"8,7,8","3,-1,-2"
394,79.292,39.151,292.22,16737.06,20.868,2664.0,58.24,(-28-5-35),[-28821],Other/Random,16.97,"-28,-5,-35","-28,8,21"
395,111.005,20.56,273.54,16768.5,2.0,108.0,11.73,(7321),[4520-18],Other/Random,28.92,"7,3,21","45,20,-18"
396,30.854,4.941,344.73,16815.04,34.932,6372.0,90.07,(109),[-270],Other/Random,16.34,"1,0,9","-2,7,0"
397,7.35,12.829,2.37,16908.39,41.761,8703.0,105.27,(209),[-160],Other/Random,16.08,"2,0,9","-1,6,0"
398,31.91,12.135,343.3,16983.07,47.755,8145.0,101.84,(3218),[-1863-7],Other/Random,19.44,"3,2,18","-18,63,-7"
399,80.032,18.021,293.24,17065.04,15.897,1053.0,36.62,(-3-1-9),[-2878],Other/Random,22.35,"-3,-1,-9","-28,7,8"
400,179.23,21.151,201.49,17093.58,6.667,567.0,26.87,(-30-8),[-7-213],Other/Random,29.53,"-3,0,-8","-7,-21,3"
401,321.298,15.059,23.3,17145.0,1.1,270.0,18.54,(-6-5-30),[-1863-7],Other/Random,21.51,"-6,-5,-30","-18,63,-7"
402,338.699,18.001,33.79,17148.34,30.198,4905.0,79.03,(-18-7-63),[630-5],Other/Random,21.88,"-18,-7,-63","6,30,-5"
403,235.708,8.566,105.72,17194.11,2.778,243.0,17.59,(-9-8-72),[217-3],Other/Random,20.44,"-9,-8,-72","21,7,-3"
404,25.325,44.68,347.81,17214.98,28.365,2097.0,51.67,(562763),[-1242-7],Other/Random,18.74,"56,27,63","-12,42,-7"
405,256.042,15.986,90.57,17224.67,1.667,81.0,10.16,(-18-7-63),[287-8],Other/Random,20.82,"-18,-7,-63","28,7,-8"
406,57.918,33.657,293.48,17238.94,3.188,144.0,13.54,(-12-7-21),[-45-527],Other/Random,23.05,"-12,-7,-21","-45,-5,27"
407,237.832,16.229,108.96,17251.5,0.0,54.0,8.29,(-3-2-12),[6314-18],Other/Random,20.9,"-3,-2,-12","63,14,-18"
408,70.554,9.634,285.24,17263.5,0.0,18.0,4.79,(001),[100],Cube {001}<100>,10.51,"0,0,1","1,0,0"
409,141.771,52.934,222.59,98.0,6.5,108.0,11.73,(979),[-46-1],Other/Random,34.0,"9,7,9","-4,6,-1"
410,263.235,10.226,84.35,820.79,31.776,1764.0,47.39,(-10-6),[4510-9],Other/Random,16.07,"-1,0,-6","45,10,-9"
411,194.193,39.965,144.68,2669.31,46.774,6057.0,87.82,(415),[-5-208],Other/Random,27.03,"4,1,5","-5,-20,8"
412,219.861,14.083,114.35,2909.0,5.0,27.0,5.86,(6530),[-16-369],Other/Random,23.78,"6,5,30","-16,-36,9"
413,339.346,35.96,46.79,3918.08,18.844,1440.0,42.82,(-8-3-12),[38-4],Other/Random,34.79,"-8,-3,-12","3,8,-4"
414,348.314,46.066,20.9,4229.44,14.604,477.0,24.64,(515),[1-40],Other/Random,15.22,"5,1,5","1,-4,0"
415,202.581,49.899,145.6,4343.95,12.526,513.0,25.56,(-56-27-63),[-120],Other/Random,25.63,"-56,-27,-63","-1,2,0"
416,207.033,28.899,137.45,5798.79,38.566,2241.0,53.42,(214),[-3-155],Other/Random,30.46,"2,1,4","-3,-15,5"
417,174.607,45.081,206.31,5850.22,29.373,1980.0,50.21,(-9-1-9),[-3-124],Other/Random,22.82,"-9,-1,-9","-3,-12,4"
418,173.417,40.471,217.05,6528.0,4.5,18.0,4.79,(-54-7-63),[-27-6328],Other/Random,32.81,"-54,-7,-63","-27,-63,28"
419,198.486,31.563,144.06,8682.42,41.685,3600.0,67.7,(20735),[-2-93],Other/Random,27.51,"20,7,35","-2,-9,3"
420,10.08,9.8,348.86,9664.96,37.149,3807.0,69.62,(001),[100],Cube {001}<100>,9.86,"0,0,1","1,0,0"
421,145.282,52.046,225.45,11369.34,62.394,11190.0,119.35,(757),[-230],Other/Random,34.49,"7,5,7","-2,3,0"
422,321.103,5.701,54.2,16163.96,23.61,1107.0,37.54,(-1-1-9),[1863-7],Other/Random,16.32,"-1,-1,-9","18,63,-7"
423,157.966,48.359,222.43,16531.24,11.118,153.0,13.96,(525),[-18305],Other/Random,31.65,"5,2,5","-18,30,5"
424,29.367,46.152,352.94,17246.44,19.435,621.0,28.12,(16918),[-49-1],Other/Random,24.95,"16,9,18","-4,9,-1"
425,18.339,40.464,3.12,17261.59,14.276,261.0,18.23,(281035),[-380],Other/Random,21.22,"28,10,35","-3,8,0"
426,208.477,23.638,128.44,51.66,90.679,16730.0,145.95,(15840),[-9-248],Other/Random,32.13,"15,8,40","-9,-24,8"
427,205.686,29.077,143.69,1101.13,66.705,8613.0,104.72,(214),[-7-5616],Other/Random,26.79,"2,1,4","-7,-56,16"
428,135.63,52.581,217.59,1616.5,43.825,3654.0,68.21,(-8-8-9),[5-159],Other/Random,34.58,"-8,-8,-9","5,-15,9"
429,164.652,23.319,209.84,1793.04,39.524,3816.0,69.7,(-27-7-63),[-10-459],Other/Random,27.4,"-27,-7,-63","-10,-45,9"
430,164.684,19.387,224.51,1913.52,13.2,225.0,16.93,(-3-1-9),[-7-144],Other/Random,24.97,"-3,-1,-9","-7,-14,4"
431,348.425,19.31,353.27,2221.16,96.471,26290.0,182.95,(-3-1-9),[-130],Other/Random,26.55,"-3,-1,-9","-1,3,0"
432,341.243,12.27,15.77,3345.32,25.523,585.0,27.29,(001),[100],Cube {001}<100>,12.63,"0,0,1","1,0,0"
433,129.636,19.567,229.96,4499.44,46.628,4428.0,75.09,(181463),[40-1],Other/Random,19.57,"18,14,63","4,0,-1"
434,198.067,35.253,134.9,5776.31,13.125,144.0,13.54,(629),[-4-105],Other/Random,34.57,"6,2,9","-4,-10,5"
435,12.714,7.89,331.9,6046.53,13.267,405.0,22.71,(107),[1863-7],Other/Random,17.28,"1,0,7","18,63,-7"
436,343.883,12.775,56.65,7530.08,37.143,1890.0,49.06,(001),[110],Rotated Cube {001}<110>,13.53,"0,0,1","1,1,0"
437,292.427,10.99,53.95,9937.23,60.483,8226.0,102.34,(3218),[-1232],Other/Random,17.49,"3,2,18","-12,3,2"
438,312.767,50.918,41.72,10053.7,21.231,468.0,24.41,(161518),[-24815],Other/Random,36.18,"16,15,18","-24,8,15"
439,168.775,8.718,220.44,10926.98,61.282,8784.0,105.76,(-10-7),[-5-91],Other/Random,18.02,"-1,0,-7","-5,-9,1"
440,150.45,51.964,220.26,12189.45,14.1,180.0,15.14,(563663),[-350],Other/Random,30.68,"56,36,63","-3,5,0"
441,214.008,56.504,134.62,12210.0,21.366,738.0,30.65,(-12-10-15),[-2736-4],Other/Random,36.68,"-12,-10,-15","-27,36,-4"
442,12.739,19.358,333.86,14002.0,8.0,27.0,5.86,(319),[1463-9],Other/Random,23.51,"3,1,9","14,63,-9"
443,50.886,47.095,324.31,14519.39,20.949,531.0,26.0,(-5-4-6),[-1889],Other/Random,36.1,"-5,-4,-6","-18,8,9"
444,229.476,52.777,138.02,16607.29,35.186,2853.0,60.27,(767),[169-24],Other/Random,37.25,"7,6,7","16,9,-24"
445,140.997,55.812,224.75,5.14,34.838,720.0,30.28,(353240),[-3042-7],Other/Random,36.83,"35,32,40","-30,42,-7"
446,205.4,30.227,121.97,2872.5,48.276,5670.0,84.97,(214),[-5-95],Other/Random,32.61,"2,1,4","-5,-9,5"
447,268.951,6.669,80.82,3084.0,9.0,27.0,5.86,(001),[100],Cube {001}<100>,12.21,"0,0,1","1,0,0"
448,147.976,41.884,238.03,3163.18,44.405,5040.0,80.11,(-3-2-4),[-7-2115],Other/Random,40.73,"-3,-2,-4","-7,-21,15"
449,50.063,57.174,321.21,4572.65,33.814,630.0,28.32,(556),[-10-714],Other/Random,40.53,"5,5,6","-10,-7,14"
450,332.152,26.824,58.74,5605.5,10.5,36.0,6.77,(-16-9-36),[1018-9],Other/Random,30.25,"-16,-9,-36","10,18,-9"
451,333.864,41.061,44.08,6877.98,19.364,396.0,22.45,(-56-27-72),[16-3],Other/Random,30.67,"-56,-27,-72","1,6,-3"
452,294.153,17.357,85.73,9116.26,28.839,1233.0,39.62,(16756),[-24-98],Other/Random,26.34,"16,7,56","-24,-9,8"
453,339.395,17.06,44.17,9160.81,26.376,909.0,34.02,(-18-7-63),[1845-10],Other/Random,27.33,"-18,-7,-63","18,45,-10"
454,341.322,50.611,37.61,10374.5,56.888,11780.0,122.47,(21824),[40-72-9],Other/Random,29.03,"21,8,24","40,-72,-9"
455,206.4,14.504,179.85,11002.08,42.18,4356.0,74.47,(219),[1-20],Other/Random,23.67,"2,1,9","1,-2,0"
456,174.382,41.782,179.43,14023.04,29.303,1782.0,47.63,(110),[001],Goss {110}<001>,6.85,"1,1,0","0,0,1"
457,66.212,7.674,307.4,16476.01,18.525,360.0,21.41,(-10-8),[-3694],Other/Random,15.62,"-1,0,-8","-36,9,4"
458,69.109,19.775,299.22,16518.48,15.0,225.0,16.93,(-8-3-24),[-612],Other/Random,21.44,"-8,-3,-24","-6,1,2"
459,309.656,11.668,34.65,6010.56,42.983,3267.0,64.5,(4324),[-56167],Other/Random,19.53,"4,3,24","-56,16,7"
460,83.814,44.446,300.87,6503.7,29.562,1233.0,39.62,(-9-1-9),[-968],Other/Random,26.83,"-9,-1,-9","-9,6,8"
461,204.071,9.145,125.28,6716.4,13.2,45.0,7.57,(9763),[-4-71],Other/Random,17.0,"9,7,63","-4,-7,1"
462,8.344,32.167,13.81,6784.64,37.333,1782.0,47.63,(45872),[-21568],Other/Random,24.58,"45,8,72","-21,56,8"
463,235.502,15.872,145.15,6826.44,29.143,1071.0,36.93,(-4-3-18),[30-12-5],Other/Random,25.99,"-4,-3,-18","30,-12,-5"
464,354.705,9.222,328.84,7501.54,47.584,2142.0,52.22,(001),[110],Rotated Cube {001}<110>,12.57,"0,0,1","1,1,0"
465,46.697,45.939,322.3,9211.86,21.571,189.0,15.51,(-21-20-28),[-623],Other/Random,33.07,"-21,-20,-28","-6,2,3"
466,8.663,30.211,311.36,10778.26,35.215,1719.0,46.78,(36763),[1014-7],Other/Random,30.62,"36,7,63","10,14,-7"
467,165.559,15.296,216.63,10827.39,60.815,5832.0,86.17,(-9-4-36),[-12-305],Other/Random,26.9,"-9,-4,-36","-12,-30,5"
468,184.585,20.201,195.33,10871.18,27.964,756.0,31.03,(308),[3-9-1],Other/Random,28.29,"3,0,8","3,-9,-1"
469,328.847,22.067,57.32,12134.03,44.835,3429.0,66.08,(-5-3-15),[3272-27],Other/Random,28.93,"-5,-3,-15","32,72,-27"
470,187.221,24.369,155.95,12175.5,13.5,72.0,9.57,(419),[-3-122],Other/Random,27.6,"4,1,9","-3,-12,2"
471,316.543,6.702,82.07,12878.71,42.107,2025.0,50.78,(001),[110],Rotated Cube {001}<110>,9.26,"0,0,1","1,1,0"
472,25.641,49.316,316.79,16502.0,26.706,918.0,34.19,(-2-1-2),[27-45-5],Other/Random,31.91,"-2,-1,-2","27,-45,-5"
473,141.695,27.577,225.84,865.06,28.941,765.0,31.21,(-6-5-15),[-1-93],Other/Random,28.57,"-6,-5,-15","-1,-9,3"
474,186.007,14.94,164.34,1371.94,56.867,5058.0,80.25,(104),[-3-182],Other/Random,17.77,"1,0,4","-3,-18,2"
475,160.06,14.252,187.83,3255.12,58.365,5481.0,83.54,(-9-4-36),[2-90],Other/Random,18.68,"-9,-4,-36","2,-9,0"
476,351.803,33.094,42.65,3850.19,27.0,342.0,20.87,(-45-8-72),[3663-28],Other/Random,34.69,"-45,-8,-72","36,63,-28"
477,1.416,36.959,9.96,4325.2,51.93,3456.0,66.33,(110),[001],Goss {110}<001>,13.68,"1,1,0","0,0,1"
478,334.435,18.726,42.23,4359.3,23.1,180.0,15.14,(-2-1-7),[1863-14],Other/Random,25.02,"-2,-1,-7","18,63,-14"
479,2.886,31.381,355.48,5618.06,41.943,1413.0,42.42,(110),[001],Goss {110}<001>,13.91,"1,1,0","0,0,1"
480,58.927,54.699,315.28,6348.12,40.68,2475.0,56.14,(251830),[-36-2545],Other/Random,35.45,"25,18,30","-36,-25,45"
481,186.168,35.056,185.86,6696.81,52.854,6525.0,91.15,(45763),[9-45-5],Other/Random,15.05,"45,7,63","9,-45,-5"
482,318.165,30.817,59.55,7630.99,38.663,801.0,31.94,(-20-18-45),[14-2],Other/Random,33.04,"-20,-18,-45","1,4,-2"
483,12.303,26.479,0.33,7731.17,24.771,315.0,20.03,(9218),[-290],Other/Random,22.36,"9,2,18","-2,9,0"
484,161.143,45.613,223.51,7903.34,34.66,927.0,34.36,(-3-1-3),[-7-2816],Other/Random,32.96,"-3,-1,-3","-7,-28,16"
485,38.562,44.206,311.9,9262.83,25.043,207.0,16.23,(151220),[05-3],Other/Random,33.42,"15,12,20","0,5,-3"
486,230.001,24.176,113.38,12359.67,24.667,324.0,20.31,(-7-6-21),[287-12],Other/Random,29.27,"-7,-6,-21","28,7,-12"
487,347.393,21.44,44.6,13703.37,55.196,4131.0,72.52,(-27-8-72),[47-2],Other/Random,25.04,"-27,-8,-72","4,7,-2"
488,350.945,31.826,44.14,15944.33,79.608,11210.0,119.49,(-45-8-72),[2745-20],Other/Random,33.3,"-45,-8,-72","27,45,-20"
489,334.047,18.173,67.71,16211.41,54.029,4698.0,77.34,(-2-1-7),[3035-14],Other/Random,18.46,"-2,-1,-7","30,35,-14"
490,139.15,49.159,212.46,16556.31,44.487,2736.0,59.02,(-7-6-8),[3-94],Other/Random,30.14,"-7,-6,-8","3,-9,4"
491,307.44,47.246,53.34,1876.15,47.406,1863.0,48.7,(181421),[-1229],Other/Random,28.69,"18,14,21","-12,2,9"
492,180.845,33.493,186.92,1915.03,31.702,603.0,27.71,(110),[001],Goss {110}<001>,13.78,"1,1,0","0,0,1"
493,175.395,10.12,164.02,3213.79,32.925,720.0,30.28,(-10-6),[3-80],Other/Random,22.91,"-1,0,-6","3,-8,0"
494,310.591,14.875,50.62,4213.71,54.593,3051.0,62.33,(001),[100],Cube {001}<100>,14.92,"0,0,1","1,0,0"
495,44.659,54.794,326.49,5882.88,28.68,450.0,23.94,(-1-1-1),[5-94],Other/Random,35.25,"-1,-1,-1","5,-9,4"
496,324.9,21.066,62.31,6461.21,41.528,1602.0,45.16,(-3-2-9),[48-3],Other/Random,27.51,"-3,-2,-9","4,8,-3"
497,344.801,20.106,23.36,7769.13,38.936,1683.0,46.29,(-3-1-9),[756-8],Other/Random,21.68,"-3,-1,-9","7,56,-8"
498,293.485,51.119,49.46,9042.12,46.371,2304.0,54.16,(-49-24-56),[-6-47],Other/Random,30.73,"-49,-24,-56","-6,-4,7"
499,176.614,24.417,196.35,11131.7,59.709,6768.0,92.83,(-40-9),[-8-405],Other/Random,24.66,"-4,0,-9","-8,-40,5"
500,195.028,42.719,144.09,11427.13,53.471,612.0,27.91,(32936),[-2-94],Other/Random,27.18,"32,9,36","-2,-9,4"
501,157.384,25.672,228.53,11860.29,21.857,63.0,8.96,(-20-9-45),[-24-5621],Other/Random,31.89,"-20,-9,-45","-24,-56,21"
502,34.032,44.248,315.22,12177.89,26.676,333.0,20.59,(362545),[07-4],Other/Random,31.08,"36,25,45","0,7,-4"
503,335.328,36.573,53.3,16422.98,64.184,11220.0,119.54,(-2-1-3),[25-3],Other/Random,38.77,"-2,-1,-3","2,5,-3"
504,163.251,44.587,224.85,793.77,72.089,7272.0,96.22,(-56-18-63),[-5-159],Other/Random,34.91,"-56,-18,-63","-5,-15,9"
505,158.659,44.833,226.0,1299.4,55.706,2880.0,60.56,(-64-27-72),[-5-2012],Other/Random,34.19,"-64,-27,-72","-5,-20,12"
506,166.926,13.179,173.15,1439.2,57.166,3258.0,64.41,(-20-9),[3-80],Other/Random,23.85,"-2,0,-9","3,-8,0"
507,150.674,27.817,224.16,1765.0,23.0,81.0,10.16,(-16-9-36),[-3-155],Other/Random,31.27,"-16,-9,-36","-3,-15,5"
508,306.498,57.621,35.97,1846.81,53.883,1611.0,45.29,(-28-27-36),[-16-1524],Other/Random,42.8,"-28,-27,-36","-16,-15,24"
509,149.321,40.785,221.71,5493.42,52.933,3213.0,63.96,(-27-16-36),[-2-189],Other/Random,28.34,"-27,-16,-36","-2,-18,9"
510,15.227,16.267,334.93,6069.98,54.58,3447.0,66.25,(18763),[424-3],Other/Random,19.0,"18,7,63","4,24,-3"
511,11.336,45.192,321.28,7270.77,32.318,198.0,15.88,(515),[26-3],Other/Random,31.71,"5,1,5","2,6,-3"
512,303.149,13.08,74.49,7402.46,43.895,684.0,29.51,(8540),[-9-32],Other/Random,21.93,"8,5,40","-9,-3,2"
513,164.414,35.116,212.3,7975.64,54.699,2394.0,55.21,(-10-3-15),[-3-155],Other/Random,24.63,"-10,-3,-15","-3,-15,5"
514,41.879,48.203,320.25,9242.17,34.962,1197.0,39.04,(10912),[-29-5],Other/Random,31.92,"10,9,12","-2,9,-5"
515,46.524,50.576,320.59,9469.59,50.087,2277.0,53.84,(-16-15-18),[-1559],Other/Random,35.14,"-16,-15,-18","-15,5,9"
516,34.859,57.314,310.8,11443.54,36.205,792.0,31.76,(-49-45-63),[5-60],Other/Random,39.66,"-49,-45,-63","5,-6,0"
517,1.52,22.871,24.67,11979.87,41.953,1152.0,38.3,(307),[-8183],Other/Random,29.53,"3,0,7","-8,18,3"
518,13.868,22.507,313.0,12265.47,52.597,4734.0,77.64,(18545),[915-5],Other/Random,25.41,"18,5,45","9,15,-5"
519,187.731,33.196,156.05,12790.8,50.565,2916.0,60.93,(619),[-2-92],Other/Random,21.96,"6,1,9","-2,-9,2"
520,205.471,35.586,120.88,12976.41,44.223,1737.0,47.03,(14621),[-5-96],Other/Random,37.3,"14,6,21","-5,-9,6"
521,30.365,38.24,326.06,13278.61,63.997,8829.0,106.03,(10615),[08-3],Other/Random,23.74,"10,6,15","0,8,-3"
522,134.969,41.488,235.76,13391.16,60.862,6894.0,93.69,(558),[30-2],Other/Random,30.57,"5,5,8","3,0,-2"
523,141.365,39.176,227.65,13511.66,50.279,2358.0,54.79,(-5-4-8),[0-95],Other/Random,31.97,"-5,-4,-8","0,-9,5"
524,359.187,41.848,6.21,13968.7,52.645,4365.0,74.55,(110),[001],Goss {110}<001>,6.47,"1,1,0","0,0,1"
525,15.579,40.077,316.58,15496.8,24.6,45.0,7.57,(361045),[38-4],Other/Random,33.89,"36,10,45","3,8,-4"
526,339.727,17.652,12.91,15657.34,32.375,648.0,28.72,(-18-7-63),[-963-7],Other/Random,19.11,"-18,-7,-63","-9,63,-7"
527,28.716,18.666,347.29,316.0,32.8,135.0,13.11,(12742),[-1863-7],Other/Random,24.54,"12,7,42","-18,63,-7"
528,185.252,21.712,187.07,668.32,51.245,1872.0,48.82,(205),[1-50],Other/Random,24.93,"2,0,5","1,-5,0"
529,156.089,19.573,187.65,1486.84,55.064,2664.0,58.24,(-7-3-21),[2-70],Other/Random,25.4,"-7,-3,-21","2,-7,0"
530,174.242,29.288,199.7,4375.17,37.516,837.0,32.65,(-5-1-9),[-6-305],Other/Random,22.0,"-5,-1,-9","-6,-30,5"
531,188.047,18.809,146.48,5917.77,28.923,351.0,21.14,(103),[-20-459],Other/Random,27.05,"1,0,3","-20,-45,9"
532,17.872,35.16,321.71,7863.54,61.983,4221.0,73.31,(629),[520-8],Other/Random,28.72,"6,2,9","5,20,-8"
533,20.83,32.178,311.48,8133.15,61.541,3609.0,67.79,(271045),[614-7],Other/Random,36.43,"27,10,45","6,14,-7"
534,220.354,44.614,135.19,8629.58,44.09,1098.0,37.39,(658),[7-6336],Other/Random,32.09,"6,5,8","7,-63,36"
535,159.861,49.037,215.05,9579.59,47.629,2331.0,54.48,(642772),[-9182],Other/Random,26.08,"64,27,72","-9,18,2"
536,47.093,51.245,312.45,9849.19,50.868,3069.0,62.51,(-56-54-63),[-631445],Other/Random,34.63,"-56,-54,-63","-63,14,45"
537,200.919,14.793,159.56,10031.2,27.2,135.0,13.11,(001),[100],Cube {001}<100>,14.8,"0,0,1","1,0,0"
538,157.824,3.016,223.46,10731.06,49.61,1962.0,49.98,(00-1),[-2-50],Other/Random,21.49,"0,0,-1","-2,-5,0"
539,341.572,21.437,40.76,11239.74,53.382,2709.0,58.73,(-3-1-8),[38-2],Other/Random,30.86,"-3,-1,-8","3,8,-2"
540,324.6,53.613,52.42,12192.59,38.842,513.0,25.56,(564563),[5-60],Other/Random,39.95,"56,45,63","5,-6,0"
541,208.874,51.932,134.52,12502.73,39.889,972.0,35.18,(-8-5-9),[-691],Other/Random,34.35,"-8,-5,-9","-6,9,1"
542,30.961,49.731,321.92,13180.94,47.967,2430.0,55.62,(-5-3-5),[5-91],Other/Random,28.52,"-5,-3,-5","5,-9,1"
543,327.652,53.001,53.05,13919.1,55.5,1782.0,47.63,(644572),[15-18-2],Other/Random,40.28,"64,45,72","15,-18,-2"
544,36.555,32.468,297.33,15340.99,37.019,477.0,24.64,(438),[1435-20],Other/Random,37.43,"4,3,8","14,35,-20"
545,237.334,5.599,145.73,16181.5,28.5,54.0,8.29,(-10-9),[63-27-7],Other/Random,22.63,"-1,0,-9","63,-27,-7"
546,165.157,46.279,220.71,841.2,28.2,45.0,7.57,(414),[-356318],Other/Random,32.09,"4,1,4","-35,63,18"
547,210.16,49.571,129.46,958.92,76.311,11220.0,119.54,(-7-4-7),[-21284],Other/Random,37.19,"-7,-4,-7","-21,28,4"
548,160.536,15.131,220.92,977.46,31.286,252.0,17.91,(-9-4-36),[-15-408],Other/Random,26.2,"-9,-4,-36","-15,-40,8"
549,201.924,18.283,147.0,1176.65,51.763,2619.0,57.75,(16756),[-1-61],Other/Random,21.35,"16,7,56","-1,-6,1"
550,319.899,44.616,42.42,2787.22,51.984,1098.0,37.39,(-6-5-8),[-972-40],Other/Random,30.95,"-6,-5,-8","-9,72,-40"
551,42.381,44.404,314.91,3935.65,35.382,306.0,19.74,(151421),[-756-32],Other/Random,32.67,"15,14,21","-7,56,-32"
552,27.246,43.732,319.57,4242.66,43.56,450.0,23.94,(542863),[218-9],Other/Random,28.08,"54,28,63","2,18,-9"
553,61.755,53.524,316.88,4639.45,33.111,243.0,17.59,(151018),[-56-4572],Other/Random,36.16,"15,10,18","-56,-45,72"
554,28.798,47.019,319.17,5438.52,33.429,504.0,25.33,(16918),[09-5],Other/Random,29.13,"16,9,18","0,9,-5"
555,332.286,50.036,38.19,6122.19,52.008,1125.0,37.85,(212),[5-90],Other/Random,28.37,"2,1,2","5,-9,0"
556,51.826,41.927,297.61,6552.38,74.975,3285.0,64.67,(-45-35-63),[-403],Other/Random,26.17,"-45,-35,-63","-4,0,3"
557,168.907,38.484,213.22,6873.89,60.853,5193.0,81.31,(-49-9-63),[-16-5621],Other/Random,26.76,"-49,-9,-63","-16,-56,21"
558,202.229,30.635,150.47,8435.54,39.231,117.0,12.21,(529),[-4-369],Other/Random,22.84,"5,2,9","-4,-36,9"
559,45.773,57.821,318.59,9214.42,45.862,783.0,31.57,(-8-7-8),[2140-56],Other/Random,39.17,"-8,-7,-8","21,40,-56"
560,35.315,55.054,310.19,12059.7,32.7,90.0,10.7,(-6-5-7),[4-50],Other/Random,38.87,"-6,-5,-7","4,-5,0"
561,155.141,41.712,224.11,13462.86,54.219,2466.0,56.03,(-32-15-40),[-9-4525],Other/Random,31.06,"-32,-15,-40","-9,-45,25"
562,2.443,12.015,13.17,14278.76,46.453,2025.0,50.78,(209),[-270],Other/Random,19.68,"2,0,9","-2,7,0"
563,180.674,29.196,160.62,14650.98,55.973,657.0,28.92,(509),[-12-427],Other/Random,24.55,"5,0,9","-12,-42,7"
564,25.36,42.518,314.39,15493.39,41.619,567.0,26.87,(251230),[945-25],Other/Random,32.28,"25,12,30","9,45,-25"
565,330.685,24.973,56.62,15901.5,30.0,36.0,6.77,(-18-10-45),[2863-27],Other/Random,30.53,"-18,-10,-45","28,63,-27"
566,51.659,14.705,320.52,17071.95,54.514,2574.0,57.25,(-6-5-30),[-1843],Other/Random,19.07,"-6,-5,-30","-18,4,3"
567,46.855,54.999,325.86,1991.63,43.849,657.0,28.92,(989),[-8-714],Other/Random,36.82,"9,8,9","-8,-7,14"
568,310.975,53.086,47.94,2071.87,64.163,4527.0,75.92,(-8-7-8),[-49-1863],Other/Random,34.7,"-8,-7,-8","-49,-18,63"
569,179.106,14.024,168.02,2980.98,48.42,450.0,23.94,(-10-4),[2-90],Other/Random,19.02,"-1,0,-4","2,-9,0"
570,229.114,37.777,135.39,3385.46,60.02,4077.0,72.05,(-6-5-10),[10-2-5],Other/Random,30.9,"-6,-5,-10","10,-2,-5"
571,161.342,20.345,221.76,3659.42,41.053,513.0,25.56,(-8-3-24),[-8-205],Other/Random,29.81,"-8,-3,-24","-8,-20,5"
572,173.308,33.105,162.52,3805.75,70.386,2961.0,61.4,(-6-1-9),[12-30-5],Other/Random,25.93,"-6,-1,-9","12,-30,-5"
573,344.27,41.355,46.95,3896.73,71.4,5985.0,87.29,(-24-7-28),[1535-21],Other/Random,37.15,"-24,-7,-28","15,35,-21"
574,320.309,4.328,40.39,3979.1,71.32,5679.0,85.03,(001),[100],Cube {001}<100>,4.38,"0,0,1","1,0,0"
575,331.302,41.5,51.76,5153.41,53.408,1368.0,41.73,(-49-27-63),[28-5],Other/Random,36.38,"-49,-27,-63","2,8,-5"
576,13.526,30.297,342.3,5910.11,73.772,7209.0,95.81,(417),[06-1],Other/Random,18.14,"4,1,7","0,6,-1"
577,225.132,13.57,97.7,7738.29,38.0,189.0,15.51,(-1-1-6),[2821-8],Other/Random,15.66,"-1,-1,-6","28,21,-8"
578,228.006,55.967,133.85,8447.78,45.873,711.0,30.09,(889),[73-9],Other/Random,37.39,"8,8,9","7,3,-9"
579,135.218,54.794,226.86,9356.66,48.402,873.0,33.34,(111),[-2736-8],Other/Random,37.69,"1,1,1","-27,36,-8"
580,121.386,52.259,218.81,9742.0,53.835,2943.0,61.21,(-40-27-45),[1615-24],Other/Random,38.62,"-40,-27,-45","16,15,-24"
581,53.755,46.231,307.73,9785.88,44.229,630.0,28.32,(-20-15-24),[-631445],Other/Random,28.31,"-20,-15,-24","-63,14,45"
582,320.971,15.389,27.52,10016.38,47.896,1818.0,48.11,(-4-3-18),[-1672-9],Other/Random,19.2,"-4,-3,-18","-16,72,-9"
583,32.161,42.128,317.85,11576.0,43.0,432.0,23.45,(14918),[02-1],Other/Random,28.84,"14,9,18","0,2,-1"
584,214.086,51.13,130.05,11800.32,73.207,4698.0,77.34,(-3-2-3),[-340],Other/Random,37.06,"-3,-2,-3","-3,4,0"
585,149.195,51.728,217.65,12469.32,42.182,594.0,27.5,(402745),[-59-1],Other/Random,29.12,"40,27,45","-5,9,-1"
586,320.404,48.091,43.97,12910.54,53.363,1017.0,35.98,(-6-5-7),[-540-24],Other/Random,32.78,"-6,-5,-7","-5,40,-24"
587,337.499,41.294,48.38,14439.06,85.642,9603.0,110.58,(-12-5-15),[515-9],Other/Random,35.45,"-12,-5,-15","5,15,-9"
588,5.91,34.007,9.57,15466.74,45.032,855.0,32.99,(619),[-9364],Other/Random,18.29,"6,1,9","-9,36,4"
589,302.844,51.823,57.82,16132.17,49.139,1944.0,49.75,(-64-45-72),[-8-29],Other/Random,27.18,"-64,-45,-72","-8,-2,9"
590,21.907,32.373,1.24,17251.51,57.544,1539.0,44.27,(12520),[-370],Other/Random,26.1,"12,5,20","-3,7,0"
591,302.426,28.879,77.94,544.68,71.994,4446.0,75.24,(281863),[-21-712],Other/Random,28.64,"28,18,63","-21,-7,12"
592,178.273,40.91,146.72,1225.39,38.654,234.0,17.26,(-70-8),[5-9-4],Other/Random,34.8,"-7,0,-8","5,-9,-4"
593,56.463,7.803,289.72,2485.59,55.608,1494.0,43.61,(-1-1-9),[-8-21],Other/Random,15.86,"-1,-1,-9","-8,-2,1"
594,49.308,34.148,300.89,3837.98,87.816,3078.0,62.6,(-9-8-18),[-9-15],Other/Random,27.63,"-9,-8,-18","-9,-1,5"
595,189.091,21.846,185.64,4097.42,84.983,10410.0,115.14,(18545),[1-40],Other/Random,26.3,"18,5,45","1,-4,0"
596,158.308,47.301,213.4,5448.05,55.182,1530.0,44.14,(525),[-490],Other/Random,24.09,"5,2,5","-4,9,0"
597,231.231,2.716,113.65,5670.02,70.569,3528.0,67.02,(00-1),[720],Other/Random,15.36,"0,0,-1","7,2,0"
598,25.982,23.042,343.38,7137.35,63.693,2493.0,56.34,(15840),[-945-5],Other/Random,24.85,"15,8,40","-9,45,-5"
599,234.439,52.306,124.97,7728.43,63.249,2169.0,52.55,(757),[6316-72],Other/Random,29.52,"7,5,7","63,16,-72"
600,2.308,26.245,21.67,8573.02,84.231,8406.0,103.45,(102),[-12305],Other/Random,30.07,"1,0,2","-12,30,5"
601,47.316,38.655,314.4,9151.69,60.747,4158.0,72.76,(-27-25-45),[-1427],Other/Random,31.05,"-27,-25,-45","-14,2,7"
602,61.247,49.436,312.51,9273.71,43.974,342.0,20.87,(959),[-3-24],Other/Random,31.16,"9,5,9","-3,-2,4"
603,150.714,52.841,225.17,10054.93,57.993,1359.0,41.6,(634072),[-230],Other/Random,34.5,"63,40,72","-2,3,0"
604,154.106,14.244,224.33,11057.29,90.134,6642.0,91.96,(-2-1-9),[-2-61],Other/Random,23.26,"-2,-1,-9","-2,-6,1"
605,152.594,33.258,239.31,11196.51,67.287,2538.0,56.85,(-4-2-7),[-5-106],Other/Random,35.68,"-4,-2,-7","-5,-10,6"
606,332.758,50.618,42.68,12046.93,50.231,351.0,21.14,(16918),[5-80],Other/Random,31.81,"16,9,18","5,-8,0"
607,202.073,22.678,135.82,13126.18,61.154,2574.0,57.25,(9424),[-21-5616],Other/Random,31.57,"9,4,24","-21,-56,16"
608,359.946,28.208,17.61,13767.58,56.763,2052.0,51.11,(-50-9),[27-1],Other/Random,24.26,"-5,0,-9","2,7,-1"
609,63.288,19.323,285.3,13822.37,90.911,8919.0,106.56,(-2-1-6),[-15-35],Other/Random,22.41,"-2,-1,-6","-15,-3,5"
610,37.153,48.755,322.77,15228.91,60.567,3429.0,66.08,(869),[-210-5],Other/Random,29.37,"8,6,9","-2,10,-5"
611,148.352,47.609,225.9,15696.25,50.616,774.0,31.39,(-56-36-63),[0-85],Other/Random,32.86,"-56,-36,-63","0,-8,5"
612,226.549,53.401,145.91,16064.34,106.505,14770.0,137.13,(-9-8-9),[9-4-5],Other/Random,35.8,"-9,-8,-9","9,-4,-5"
613,238.889,48.429,155.79,1907.85,53.415,1062.0,36.77,(-7-4-7),[63-56-27],Other/Random,45.63,"-7,-4,-7","63,-56,-27"
614,24.5,49.111,327.66,2954.35,63.707,2025.0,50.78,(-9-4-9),[4-90],Other/Random,23.96,"-9,-4,-9","4,-9,0"
615,7.504,43.23,353.39,3065.36,51.506,801.0,31.94,(110),[001],Goss {110}<001>,5.65,"1,1,0","0,0,1"
616,177.897,37.027,193.47,4693.15,91.901,5013.0,79.89,(110),[001],Goss {110}<001>,14.36,"1,1,0","0,0,1"
617,4.225,13.033,349.77,5974.07,56.7,630.0,28.32,(001),[100],Cube {001}<100>,14.34,"0,0,1","1,0,0"
618,321.739,56.525,44.75,6316.94,47.559,306.0,19.74,(151418),[9-122],Other/Random,37.07,"15,14,18","9,-12,2"
619,309.493,28.839,75.78,6407.65,71.896,4653.0,76.97,(9721),[-7-34],Other/Random,33.28,"9,7,21","-7,-3,4"
620,158.014,20.91,191.8,7472.14,88.232,8370.0,103.23,(-21-8-56),[9-455],Other/Random,23.23,"-21,-8,-56","9,-45,5"
621,46.835,45.9,322.47,9197.0,38.0,27.0,5.86,(-21-20-28),[-623],Other/Random,33.12,"-21,-20,-28","-6,2,3"
622,84.952,42.575,314.2,9319.87,44.333,405.0,22.71,(-8-1-9),[-323627],Other/Random,40.77,"-8,-1,-9","-32,36,27"
623,44.947,58.879,317.83,9333.6,39.0,90.0,10.7,(767),[8-6-3],Other/Random,39.68,"7,6,7","8,-6,-3"
624,30.167,32.423,309.07,10653.86,53.964,756.0,31.03,(539),[414-7],Other/Random,34.97,"5,3,9","4,14,-7"
625,39.805,20.87,321.95,12374.31,83.557,10590.0,116.14,(8728),[-19-2],Other/Random,20.94,"8,7,28","-1,9,-2"
626,203.593,27.699,124.09,13607.11,53.625,576.0,27.08,(5210),[-10-189],Other/Random,30.41,"5,2,10","-10,-18,9"
627,138.139,47.595,224.67,136.34,69.639,1818.0,48.11,(-28-25-35),[8-5635],Other/Random,33.52,"-28,-25,-35","8,-56,35"
628,229.625,48.395,135.73,703.18,52.672,549.0,26.44,(-6-5-7),[56-16-35],Other/Random,33.96,"-6,-5,-7","56,-16,-35"
629,181.783,23.606,160.79,1239.35,42.882,153.0,13.96,(409),[-2-71],Other/Random,27.72,"4,0,9","-2,-7,1"
630,13.167,37.331,315.14,2765.77,47.077,117.0,12.21,(9212),[818-9],Other/Random,36.71,"9,2,12","8,18,-9"
631,146.081,46.333,224.89,2806.31,50.906,288.0,19.15,(-49-32-56),[0-53],Other/Random,31.77,"-49,-32,-56","0,-5,3"
632,338.858,10.635,26.62,4615.6,76.918,4590.0,76.45,(001),[100],Cube {001}<100>,11.96,"0,0,1","1,0,0"
633,355.704,36.619,11.16,10072.09,44.182,99.0,11.23,(110),[001],Goss {110}<001>,11.85,"1,1,0","0,0,1"
634,0.615,7.021,12.35,12058.18,55.957,414.0,22.96,(001),[100],Cube {001}<100>,14.74,"0,0,1","1,0,0"
635,325.494,25.535,49.87,12214.2,63.799,1251.0,39.91,(-14-10-35),[1672-27],Other/Random,29.73,"-14,-10,-35","16,72,-27"
636,328.215,15.487,47.34,12842.42,82.404,4095.0,72.21,(-14-9-63),[520-4],Other/Random,21.92,"-14,-9,-63","5,20,-4"
637,167.412,31.647,180.51,12844.5,39.0,36.0,6.77,(-21-5-35),[2-90],Other/Random,18.06,"-21,-5,-35","2,-9,0"
638,13.796,32.025,310.65,13651.0,45.2,135.0,13.11,(21535),[610-5],Other/Random,33.35,"21,5,35","6,10,-5"
639,147.755,36.523,223.05,15359.47,42.176,153.0,13.96,(-25-16-40),[-1-94],Other/Random,28.88,"-25,-16,-40","-1,-9,4"
640,345.579,42.256,43.66,15804.01,85.173,4536.0,76.0,(-63-16-72),[2772-40],Other/Random,34.71,"-63,-16,-72","27,72,-40"
641,149.137,47.051,215.65,16518.54,70.466,2745.0,59.12,(-8-5-9),[2-189],Other/Random,26.15,"-8,-5,-9","2,-18,9"
642,37.273,52.979,323.45,734.04,79.442,2340.0,54.58,(-4-3-4),[5-92],Other/Random,31.12,"-4,-3,-4","5,-9,2"
643,208.253,53.385,124.34,862.27,58.394,639.0,28.52,(-15-10-18),[-892],Other/Random,43.2,"-15,-10,-18","-8,9,2"
644,45.054,48.592,323.0,1975.55,75.975,4266.0,73.7,(-4-4-5),[-935],Other/Random,33.02,"-4,-4,-5","-9,3,5"
645,331.543,53.619,45.49,3683.3,66.632,1197.0,39.04,(151018),[5-70],Other/Random,35.13,"15,10,18","5,-7,0"
646,305.694,39.45,49.23,5560.63,56.314,630.0,28.32,(436),[-925],Other/Random,28.01,"4,3,6","-9,2,5"
647,318.64,35.726,61.98,6306.0,43.5,18.0,4.79,(-10-9-18),[1656-35],Other/Random,33.64,"-10,-9,-18","16,56,-35"
648,128.803,47.594,229.78,6743.46,63.75,1728.0,46.91,(181421),[63-14-45],Other/Random,30.67,"18,14,21","63,-14,-45"
649,40.626,43.155,310.91,8785.69,70.23,3798.0,69.54,(252135),[05-3],Other/Random,33.9,"25,21,35","0,5,-3"
650,45.238,54.178,324.13,9200.25,44.25,36.0,6.77,(-1-1-1),[-351420],Other/Random,35.58,"-1,-1,-1","-35,14,20"
651,188.161,42.691,135.1,9614.12,89.826,5274.0,81.95,(64972),[-40-7245],Other/Random,39.46,"64,9,72","-40,-72,45"
652,202.725,16.28,187.13,11577.6,84.638,4653.0,76.97,(18763),[4-70],Other/Random,22.2,"18,7,63","4,-7,0"
653,320.371,43.987,54.1,12003.53,65.679,2187.0,52.77,(-6-5-8),[19-6],Other/Random,34.74,"-6,-5,-8","1,9,-6"
654,209.964,43.216,131.99,12597.0,43.5,18.0,4.79,(362045),[-5-3018],Other/Random,33.38,"36,20,45","-5,-30,18"
655,196.988,50.015,134.43,12941.03,56.024,747.0,30.84,(-49-16-56),[-14216],Other/Random,36.53,"-49,-16,-56","-14,21,6"
656,336.189,40.172,50.96,15031.82,57.395,684.0,29.51,(-7-3-9),[824-15],Other/Random,37.16,"-7,-3,-9","8,24,-15"
657,159.438,2.106,158.18,15397.44,93.98,6174.0,88.66,(001),[110],Rotated Cube {001}<110>,3.36,"0,0,1","1,1,0"
658,316.767,14.076,45.65,15652.84,62.971,1854.0,48.59,(001),[100],Cube {001}<100>,14.28,"0,0,1","1,0,0"
659,40.354,19.063,299.78,15869.41,99.708,4806.0,78.23,(9836),[13-1],Other/Random,27.47,"9,8,36","1,3,-1"
660,336.996,39.372,52.43,16731.98,86.492,5580.0,84.29,(-9-4-12),[1640-25],Other/Random,38.76,"-9,-4,-12","16,40,-25"
661,3.809,16.432,324.3,16763.21,56.625,648.0,28.72,(207),[35-1],Other/Random,20.99,"2,0,7","3,5,-1"
662,179.487,21.738,169.13,1255.0,49.333,81.0,10.16,(-20-5),[9-45-5],Other/Random,24.51,"-2,0,-5","9,-45,-5"
663,24.564,51.342,309.92,2020.13,63.375,576.0,27.08,(-63-32-72),[7-9-2],Other/Random,38.54,"-63,-32,-72","7,-9,-2"
664,154.984,14.095,176.54,3099.58,62.339,981.0,35.34,(-2-1-9),[5-90],Other/Random,21.69,"-2,-1,-9","5,-9,0"
665,188.024,11.486,151.19,3462.22,63.181,747.0,30.84,(105),[-27-728],Other/Random,23.72,"1,0,5","-27,-72,8"
666,33.168,40.429,314.99,3585.98,75.259,2187.0,52.77,(452863),[218-9],Other/Random,30.42,"45,28,63","2,18,-9"
667,10.732,13.786,351.86,4392.55,60.091,594.0,27.5,(001),[100],Cube {001}<100>,14.03,"0,0,1","1,0,0"
668,351.318,16.099,8.16,4561.67,64.821,1557.0,44.52,(-20-7),[010],Other/Random,16.11,"-2,0,-7","0,1,0"
669,197.753,43.322,135.37,5009.5,48.5,54.0,8.29,(561863),[-7-2112],Other/Random,34.13,"56,18,63","-7,-21,12"
670,183.539,38.688,172.9,5716.46,65.304,1242.0,39.77,(110),[001],Goss {110}<001>,8.08,"1,1,0","0,0,1"
671,13.299,29.603,348.5,5834.44,76.747,3060.0,62.42,(40972),[-19-1],Other/Random,17.32,"40,9,72","-1,9,-1"
672,149.836,37.804,192.58,7600.03,66.342,2367.0,54.9,(-10-6-15),[21-568],Other/Random,23.39,"-10,-6,-15","21,-56,8"
673,27.712,31.568,311.01,7792.26,82.271,4779.0,78.01,(351863),[1863-28],Other/Random,34.36,"35,18,63","18,63,-28"
674,28.442,27.125,313.77,8184.81,67.065,1674.0,46.17,(16936),[28-3],Other/Random,32.35,"16,9,36","2,8,-3"
675,131.501,38.593,231.65,9324.19,97.493,6003.0,87.43,(272545),[9-1-5],Other/Random,28.78,"27,25,45","9,-1,-5"
676,338.154,18.251,341.54,12162.72,78.908,3123.0,63.06,(-16-7-56),[-20243],Other/Random,18.84,"-16,-7,-56","-20,24,3"
677,157.291,36.785,227.74,13627.58,58.385,702.0,29.9,(-14-6-21),[-2-63],Other/Random,34.7,"-14,-6,-21","-2,-6,3"
678,213.389,49.72,127.73,14932.98,71.129,1953.0,49.87,(323),[-4-3627],Other/Random,38.22,"3,2,3","-4,-36,27"
679,310.828,46.381,49.69,313.83,70.169,1386.0,42.01,(121015),[-614],Other/Random,30.97,"12,10,15","-6,1,4"
680,148.652,26.583,218.26,1221.46,93.294,8352.0,103.12,(-12-7-28),[-7-6318],Other/Random,27.45,"-12,-7,-28","-7,-63,18"
681,198.666,18.933,149.72,1267.76,57.31,261.0,18.23,(319),[-1-61],Other/Random,22.18,"3,1,9","-1,-6,1"
682,348.104,19.61,5.01,2433.92,75.827,1404.0,42.28,(-3-1-9),[-180],Other/Random,20.77,"-3,-1,-9","-1,8,0"
683,287.405,13.123,50.34,2521.29,63.912,918.0,34.19,(219),[-35157],Other/Random,25.79,"2,1,9","-35,15,7"
684,173.638,39.924,206.83,2913.23,54.462,117.0,12.21,(-15-2-18),[-3-124],Other/Random,23.09,"-15,-2,-18","-3,-12,4"
685,144.965,24.89,201.82,3440.6,53.3,270.0,18.54,(-3-2-8),[12-427],Other/Random,28.13,"-3,-2,-8","12,-42,7"
686,329.219,29.443,58.17,6288.63,83.913,3402.0,65.81,(-7-4-14),[818-9],Other/Random,34.21,"-7,-4,-14","8,18,-9"
687,37.576,34.461,300.12,6494.15,86.491,5148.0,80.96,(352763),[515-9],Other/Random,36.04,"35,27,63","5,15,-9"
688,163.861,29.353,216.61,6800.26,88.967,4338.0,74.32,(-10-3-18),[-6-217],Other/Random,29.8,"-10,-3,-18","-6,-21,7"
689,18.309,43.42,343.42,7685.25,62.177,1116.0,37.7,(110),[001],Goss {110}<001>,13.28,"1,1,0","0,0,1"
690,157.665,31.767,230.73,7910.06,120.139,13370.0,130.45,(-36-14-63),[-8-189],Other/Random,35.75,"-36,-14,-63","-8,-18,9"
691,60.013,29.083,286.47,8479.33,62.478,1449.0,42.95,(-7-4-14),[-45-925],Other/Random,24.96,"-7,-4,-14","-45,-9,25"
692,47.469,57.892,315.75,9083.58,61.694,765.0,31.21,(-56-54-63),[2756-72],Other/Random,39.54,"-56,-54,-63","27,56,-72"
693,14.544,45.165,324.37,10099.72,78.344,3843.0,69.95,(414),[29-4],Other/Random,27.31,"4,1,4","2,9,-4"
694,220.368,40.698,132.65,11672.19,55.364,198.0,15.88,(659),[0-95],Other/Random,32.29,"6,5,9","0,-9,5"
695,161.969,7.779,219.73,12503.42,74.395,2277.0,53.84,(-10-8),[-18-455],Other/Random,23.04,"-1,0,-8","-18,-45,5"
696,165.304,34.954,226.86,13590.67,63.533,405.0,22.71,(-4-1-6),[-1-21],Other/Random,37.17,"-4,-1,-6","-1,-2,1"
697,304.075,58.218,36.29,14239.37,54.545,198.0,15.88,(-9-8-12),[-5-57],Other/Random,43.28,"-9,-8,-12","-5,-5,7"
698,328.881,32.182,64.8,14990.35,77.038,3789.0,69.46,(-5-3-9),[3256-35],Other/Random,34.06,"-5,-3,-9","32,56,-35"
699,39.94,3.704,302.12,15515.28,55.552,261.0,18.23,(001),[39-1],Other/Random,18.32,"0,0,1","3,9,-1"
700,328.596,20.142,50.67,17100.95,57.632,171.0,14.76,(-5-3-15),[721-6],Other/Random,27.8,"-5,-3,-15","7,21,-6"
701,22.37,43.687,313.34,17129.0,85.384,4761.0,77.86,(642772),[1035-21],Other/Random,34.24,"64,27,72","10,35,-21"
702,195.661,37.259,125.31,490.83,65.306,972.0,35.18,(15420),[-15-2416],Other/Random,37.72,"15,4,20","-15,-24,16"
703,326.614,12.936,19.61,2458.26,68.242,855.0,32.99,(-8-5-40),[-936-4],Other/Random,18.88,"-8,-5,-40","-9,36,-4"
704,175.829,19.562,161.92,2825.94,71.084,855.0,32.99,(-30-8),[18-45-5],Other/Random,29.55,"-3,0,-8","18,-45,-5"
705,106.281,33.346,262.98,2919.45,71.023,774.0,31.39,(25840),[213-14],Other/Random,16.48,"25,8,40","21,3,-14"
706,349.253,18.546,344.14,3020.95,94.152,7335.0,96.64,(-3-1-9),[-9182],Other/Random,26.06,"-3,-1,-9","-9,18,2"
707,2.228,7.974,30.52,3749.28,74.354,2592.0,57.45,(001),[110],Rotated Cube {001}<110>,14.61,"0,0,1","1,1,0"
708,8.521,28.601,355.94,4363.17,81.297,2088.0,51.56,(519),[-190],Other/Random,17.37,"5,1,9","-1,9,0"
709,239.206,42.216,105.18,4977.57,66.724,1044.0,36.46,(-7-4-9),[408-35],Other/Random,22.51,"-7,-4,-9","40,8,-35"
710,352.878,27.389,47.18,5022.6,102.274,8568.0,104.45,(-9-2-18),[2736-16],Other/Random,27.82,"-9,-2,-18","27,36,-16"
711,9.529,24.583,320.94,7389.0,52.5,18.0,4.79,(419),[714-4],Other/Random,28.98,"4,1,9","7,14,-4"
712,20.054,39.726,334.88,7652.57,76.178,1926.0,49.52,(491863),[07-2],Other/Random,17.68,"49,18,63","0,7,-2"
713,62.016,52.561,314.62,9241.89,67.271,1062.0,36.77,(634072),[-4-35],Other/Random,34.03,"63,40,72","-4,-3,5"
714,69.693,48.037,306.54,9264.18,62.743,315.0,20.03,(838),[-5-36],Other/Random,26.98,"8,3,8","-5,-3,6"
715,33.406,50.806,325.99,10761.86,66.19,567.0,26.87,(-3-2-3),[3-61],Other/Random,27.61,"-3,-2,-3","3,-6,1"
716,163.0,41.379,203.79,13034.77,82.457,3114.0,62.97,(-10-3-12),[0-72],Other/Random,16.61,"-10,-3,-12","0,-7,2"
717,52.564,5.806,351.56,15339.83,88.46,3717.0,68.79,(001),[110],Rotated Cube {001}<110>,5.87,"0,0,1","1,1,0"
718,200.668,22.807,143.07,16671.22,105.134,7038.0,94.66,(14535),[-1-41],Other/Random,27.95,"14,5,35","-1,-4,1"
719,126.44,55.756,210.64,17212.93,67.205,1053.0,36.62,(-24-21-28),[45-7],Other/Random,42.14,"-24,-21,-28","4,5,-7"
720,22.754,43.365,314.64,3538.22,94.376,4473.0,75.47,(738),[728-16],Other/Random,32.93,"7,3,8","7,28,-16"
721,34.147,46.121,310.58,3624.05,92.154,3096.0,62.78,(647),[19-6],Other/Random,34.78,"6,4,7","1,9,-6"
722,119.046,15.518,250.92,4179.33,89.593,2322.0,54.37,(7428),[122-3],Other/Random,18.43,"7,4,28","12,2,-3"
723,12.596,40.061,353.67,4274.61,80.844,2772.0,59.41,(110),[001],Goss {110}<001>,10.27,"1,1,0","0,0,1"
724,215.196,49.491,137.81,4458.11,91.426,2007.0,50.55,(323),[5-4527],Other/Random,31.48,"3,2,3","5,-45,27"
725,51.463,47.5,320.54,5226.09,76.421,2052.0,51.11,(-18-14-21),[-351420],Other/Random,36.07,"-18,-14,-21","-35,14,20"
726,209.126,47.424,165.22,7093.5,87.564,2970.0,61.49,(959),[5-153],Other/Random,21.78,"9,5,9","5,-15,3"
727,220.204,41.927,125.95,7272.8,88.092,2943.0,61.21,(141221),[-1-96],Other/Random,33.81,"14,12,21","-1,-9,6"
728,153.39,22.401,219.6,8246.38,63.103,261.0,18.23,(-15-8-40),[-4-205],Other/Random,25.85,"-15,-8,-40","-4,-20,5"
729,201.237,34.862,121.17,9408.89,103.467,8649.0,104.94,(8312),[-15-2416],Other/Random,35.62,"8,3,12","-15,-24,16"
730,168.582,44.706,203.87,9786.14,93.66,3681.0,68.46,(-5-1-5),[-7-6318],Other/Random,17.69,"-5,-1,-5","-7,-63,18"
731,26.226,7.529,320.91,10680.78,60.774,279.0,18.85,(001),[100],Cube {001}<100>,14.9,"0,0,1","1,0,0"
732,145.214,55.252,227.94,10705.55,71.391,576.0,27.08,(353042),[-790],Other/Random,37.71,"35,30,42","-7,9,0"
733,192.366,10.242,193.26,11449.99,83.092,2259.0,53.63,(106),[1-20],Other/Random,21.89,"1,0,6","1,-2,0"
734,332.969,45.09,48.62,12075.35,61.846,234.0,17.26,(-8-4-9),[840-25],Other/Random,34.86,"-8,-4,-9","8,40,-25"
735,198.997,32.604,133.41,12652.53,71.565,1242.0,39.77,(315),[-27-6328],Other/Random,35.85,"3,1,5","-27,-63,28"
736,2.724,23.196,335.78,13665.1,108.363,8028.0,101.1,(307),[924-4],Other/Random,30.86,"3,0,7","9,24,-4"
737,28.806,20.03,307.64,14036.4,126.436,10780.0,117.17,(216),[1435-10],Other/Random,29.26,"2,1,6","14,35,-10"
738,186.589,41.856,168.54,14518.85,74.205,747.0,30.84,(110),[001],Goss {110}<001>,8.65,"1,1,0","0,0,1"
739,344.124,40.992,55.71,15504.06,98.92,4050.0,71.81,(-10-3-12),[58-6],Other/Random,41.3,"-10,-3,-12","5,8,-6"
740,192.273,47.722,143.9,2739.48,82.902,2385.0,55.11,(-8-2-9),[-241],Other/Random,29.1,"-8,-2,-9","-2,4,1"
741,32.438,41.146,313.59,5627.17,94.372,3051.0,62.33,(271636),[19-5],Other/Random,31.52,"27,16,36","1,9,-5"
742,208.401,44.303,127.62,7351.18,75.025,1098.0,37.39,(542863),[-3-128],Other/Random,37.5,"54,28,63","-3,-12,8"
743,45.476,57.03,322.66,7382.03,72.867,747.0,30.84,(-9-8-9),[2435-56],Other/Random,37.55,"-9,-8,-9","24,35,-56"
744,17.779,26.319,316.25,8035.63,83.456,2979.0,61.59,(28963),[921-7],Other/Random,32.38,"28,9,63","9,21,-7"
745,356.532,30.342,356.98,8425.74,71.618,918.0,34.19,(-40-7),[-190],Other/Random,15.89,"-4,0,-7","-1,9,0"
746,51.258,27.561,315.95,8718.94,82.578,2070.0,51.34,(-6-5-15),[-1535],Other/Random,28.47,"-6,-5,-15","-15,3,5"
747,212.598,29.713,165.51,11283.35,81.98,1818.0,48.11,(7414),[3-81],Other/Random,27.27,"7,4,14","3,-8,1"
748,148.22,44.321,221.78,11711.31,86.959,5328.0,82.36,(-5-3-6),[0-21],Other/Random,29.07,"-5,-3,-6","0,-2,1"
749,342.311,12.832,32.21,11881.19,77.892,1251.0,39.91,(-2-1-9),[28-1],Other/Random,19.36,"-2,-1,-9","2,8,-1"
750,143.032,17.374,217.98,12468.0,82.473,1503.0,43.75,(-5-4-20),[0-51],Other/Random,17.4,"-5,-4,-20","0,-5,1"
751,12.401,23.557,316.36,12564.04,77.592,2781.0,59.51,(27763),[59-3],Other/Random,27.23,"27,7,63","5,9,-3"
752,346.144,28.722,53.0,15453.79,105.227,4752.0,77.78,(-40-9-72),[1014-7],Other/Random,29.3,"-40,-9,-72","10,14,-7"
753,327.587,54.896,50.82,16160.34,74.678,1089.0,37.24,(201524),[5-60],Other/Random,39.49,"20,15,24","5,-6,0"
754,198.591,21.48,146.71,854.0,65.5,54.0,8.29,(318),[-10-459],Other/Random,25.98,"3,1,8","-10,-45,9"
755,197.123,31.959,141.55,1728.21,96.448,4338.0,74.32,(315),[-16-5621],Other/Random,29.95,"3,1,5","-16,-56,21"
756,162.523,36.424,175.61,1927.1,98.318,3960.0,71.01,(-45-14-63),[3-80],Other/Random,22.67,"-45,-14,-63","3,-8,0"
757,43.421,13.413,299.56,2553.32,76.404,1269.0,40.2,(116),[1863-14],Other/Random,21.64,"1,1,6","18,63,-14"
758,198.256,46.365,145.89,2721.09,70.941,306.0,19.74,(313),[-9-7232],Other/Random,24.97,"3,1,3","-9,-72,32"
759,338.331,25.903,355.87,3357.08,90.843,1665.0,46.04,(-8-3-18),[-120],Other/Random,31.51,"-8,-3,-18","-1,2,0"
760,326.407,41.56,46.39,3438.97,79.103,783.0,31.57,(-3-2-4),[19-5],Other/Random,31.52,"-3,-2,-4","1,9,-5"
761,44.101,48.025,312.6,3659.9,82.347,1062.0,36.77,(363545),[-321-14],Other/Random,34.46,"36,35,45","-3,21,-14"
762,333.595,22.231,29.68,4423.19,81.493,2025.0,50.78,(-9-4-24),[05-1],Other/Random,22.47,"-9,-4,-24","0,5,-1"
763,185.332,21.322,204.24,5577.07,71.581,387.0,22.2,(205),[10-18-3],Other/Random,26.27,"2,0,5","10,-18,-3"
764,310.114,11.639,34.32,5970.23,65.769,117.0,12.21,(4324),[-56167],Other/Random,19.41,"4,3,24","-56,16,7"
765,140.592,49.868,237.51,7314.13,71.0,648.0,28.72,(-32-27-36),[-7-6354],Other/Random,37.08,"-32,-27,-36","-7,-63,54"
766,151.054,45.56,225.73,7551.79,81.572,1746.0,47.15,(-16-9-18),[-5-4024],Other/Random,32.31,"-16,-9,-18","-5,-40,24"
767,29.781,43.409,350.29,8862.92,81.6,1935.0,49.64,(15818),[-2456-7],Other/Random,23.83,"15,8,18","-24,56,-7"
768,43.585,50.34,320.37,9208.94,68.419,279.0,18.85,(212024),[-27-4],Other/Random,33.59,"21,20,24","-2,7,-4"
769,196.858,21.616,161.72,9702.9,114.46,9855.0,112.02,(27872),[0-91],Other/Random,21.66,"27,8,72","0,-9,1"
770,60.826,50.878,315.34,9831.16,75.475,1251.0,39.91,(859),[-27-2036],Other/Random,33.79,"8,5,9","-27,-20,36"
771,132.868,45.227,233.96,10161.18,113.854,6678.0,92.21,(9812),[70-5],Other/Random,30.43,"9,8,12","7,0,-5"
772,225.862,54.403,127.65,11500.97,77.407,1593.0,45.04,(111),[367-42],Other/Random,35.42,"1,1,1","36,7,-42"
773,0.693,32.895,343.89,11536.68,75.176,612.0,27.91,(203),[418-3],Other/Random,19.7,"2,0,3","4,18,-3"
774,301.623,50.074,48.79,13889.5,74.8,810.0,32.11,(-8-5-8),[-15-820],Other/Random,30.64,"-8,-5,-8","-15,-8,20"
775,118.413,52.734,224.97,14265.23,92.609,3726.0,68.88,(-54-35-63),[3527-45],Other/Random,34.39,"-54,-35,-63","35,27,-45"
776,191.402,21.898,149.22,14323.13,84.712,2160.0,52.44,(18545),[-5-153],Other/Random,29.16,"18,5,45","-5,-15,3"
777,330.597,43.104,57.45,15681.22,88.162,2394.0,55.21,(-36-20-45),[412-9],Other/Random,41.29,"-36,-20,-45","4,12,-9"
778,160.707,43.203,217.25,688.39,102.264,4401.0,74.86,(-8-3-9),[-3-188],Other/Random,26.91,"-8,-3,-9","-3,-18,8"
779,225.217,31.379,123.66,1807.32,90.458,4131.0,72.52,(-3-3-7),[81-4],Other/Random,30.21,"-3,-3,-7","8,1,-4"
780,227.119,12.367,122.0,3483.88,73.059,306.0,19.74,(-7-6-42),[305-6],Other/Random,16.46,"-7,-6,-42","30,5,-6"
781,212.866,49.499,147.18,5544.09,105.047,4599.0,76.52,(858),[3-188],Other/Random,26.38,"8,5,8","3,-18,8"
782,109.135,49.673,232.66,7399.2,70.2,135.0,13.11,(-8-3-9),[4027-45],Other/Random,28.38,"-8,-3,-9","40,27,-45"
783,11.277,38.069,313.74,8644.29,66.429,63.0,8.96,(49963),[3563-36],Other/Random,39.09,"49,9,63","35,63,-36"
784,335.262,31.551,42.96,8899.25,93.89,2124.0,52.0,(-20-9-36),[520-8],Other/Random,30.72,"-20,-9,-36","5,20,-8"
785,50.993,46.435,308.55,9027.28,78.0,1269.0,40.2,(-5-4-6),[-42730],Other/Random,29.67,"-5,-4,-6","-42,7,30"
786,156.971,18.31,228.58,9495.86,102.029,4689.0,77.27,(-16-7-56),[-16-369],Other/Random,26.65,"-16,-7,-56","-16,-36,9"
787,193.299,38.512,186.98,12101.3,80.571,882.0,33.51,(14318),[3-9-1],Other/Random,20.15,"14,3,18","3,-9,-1"
788,320.573,1.413,9.15,12615.47,68.192,234.0,17.26,(001),[110],Rotated Cube {001}<110>,14.79,"0,0,1","1,1,0"
789,304.781,11.684,71.6,12716.96,91.393,4302.0,74.01,(3218),[-35-107],Other/Random,20.1,"3,2,18","-35,-10,7"
790,318.146,37.273,50.47,12767.02,76.071,630.0,28.32,(-8-7-14),[09-5],Other/Random,32.04,"-8,-7,-14","0,9,-5"
791,172.653,42.84,204.3,12980.58,87.447,2781.0,59.51,(-64-9-72),[-7-3510],Other/Random,19.79,"-64,-9,-72","-7,-35,10"
792,205.524,14.738,174.68,13205.56,80.779,855.0,32.99,(9436),[3-80],Other/Random,24.96,"9,4,36","3,-8,0"
793,111.008,8.105,219.56,13537.81,114.138,8208.0,102.23,(108),[63-36-7],Other/Random,17.54,"1,0,8","63,-36,-7"
794,193.166,18.371,179.72,14560.17,92.05,2529.0,56.75,(319),[2-90],Other/Random,22.41,"3,1,9","2,-9,0"
795,25.085,32.052,316.31,14632.67,130.729,11210.0,119.49,(16728),[520-8],Other/Random,31.06,"16,7,28","5,20,-8"
796,12.149,29.748,319.68,16575.04,91.188,3114.0,62.97,(40972),[3272-27],Other/Random,34.08,"40,9,72","32,72,-27"
797,176.753,13.734,219.15,17014.79,84.23,2466.0,56.03,(-10-4),[-25-357],Other/Random,16.46,"-1,0,-4","-25,-35,7"
798,120.178,39.917,206.09,17176.39,71.595,333.0,20.59,(537),[40-32-15],Other/Random,41.41,"5,3,7","40,-32,-15"
799,357.324,7.982,20.2,17190.79,71.526,171.0,14.76,(-10-7),[130],Other/Random,19.24,"-1,0,-7","1,3,0"
800,62.77,51.817,315.39,641.65,80.162,612.0,27.91,(16918),[-35-2745],Other/Random,34.37,"16,9,18","-35,-27,45"
801,232.501,52.5,120.99,1661.12,82.315,801.0,31.94,(979),[649-72],Other/Random,29.44,"9,7,9","64,9,-72"
802,24.825,26.855,309.94,2630.18,69.273,99.0,11.23,(429),[25-2],Other/Random,33.24,"4,2,9","2,5,-2"
803,332.343,9.915,23.54,2778.0,93.223,1692.0,46.41,(001),[100],Cube {001}<100>,10.73,"0,0,1","1,0,0"
804,6.063,19.304,325.98,2812.12,90.629,945.0,34.69,(103),[510-2],Other/Random,25.7,"1,0,3","5,10,-2"
805,173.546,39.935,207.06,2904.86,72.857,63.0,8.96,(-15-2-18),[-3-124],Other/Random,23.26,"-15,-2,-18","-3,-12,4"
806,166.53,41.978,214.09,4777.39,104.742,4815.0,78.3,(-35-8-40),[-14-6327],Other/Random,26.14,"-35,-8,-40","-14,-63,27"
807,298.527,51.016,46.39,5176.47,88.0,1782.0,47.63,(-8-5-9),[-7-59],Other/Random,32.59,"-8,-5,-9","-7,-5,9"
808,26.265,41.205,310.48,5764.84,86.819,2826.0,59.98,(562772),[1035-21],Other/Random,35.15,"56,27,72","10,35,-21"
809,49.733,51.513,309.93,6946.2,83.364,1062.0,36.77,(-5-4-5),[-927],Other/Random,32.81,"-5,-4,-5","-9,2,7"
810,159.36,41.023,224.59,7206.31,102.973,6579.0,91.52,(-28-10-35),[-18-6335],Other/Random,32.76,"-28,-10,-35","-18,-63,35"
811,100.924,26.244,237.28,9093.3,72.6,90.0,10.7,(9218),[9-4-4],Other/Random,30.76,"9,2,18","9,-4,-4"
812,141.339,44.609,225.97,10011.03,119.944,10650.0,116.43,(-56-45-72),[0-74],Other/Random,32.35,"-56,-45,-72","0,-7,4"
813,124.109,6.157,254.33,10647.37,121.711,10370.0,114.9,(119),[93-1],Other/Random,19.43,"1,1,9","9,3,-1"
814,327.908,38.486,53.48,12024.41,87.193,1260.0,40.05,(-14-9-21),[520-12],Other/Random,36.51,"-14,-9,-21","5,20,-12"
815,30.452,19.49,352.34,14216.65,104.673,2313.0,54.27,(12742),[-370],Other/Random,29.47,"12,7,42","-3,7,0"
816,318.59,44.484,59.88,14776.34,72.267,405.0,22.71,(-9-8-12),[318-14],Other/Random,34.1,"-9,-8,-12","3,18,-14"
817,26.506,47.247,318.86,15714.0,67.5,36.0,6.77,(212),[19-5],Other/Random,29.54,"2,1,2","1,9,-5"
818,338.187,38.123,48.16,15735.17,110.777,4833.0,78.44,(-5-2-7),[39-5],Other/Random,35.41,"-5,-2,-7","3,9,-5"
819,331.621,46.191,59.99,15772.33,100.824,918.0,34.19,(-16-9-18),[1435-30],Other/Random,44.56,"-16,-9,-18","14,35,-30"
820,347.054,14.677,8.3,1629.95,96.485,2448.0,55.83,(-9-4-36),[-190],Other/Random,15.39,"-9,-4,-36","-1,9,0"
821,159.136,15.829,178.33,2622.02,100.909,3168.0,63.51,(-9-4-36),[2-50],Other/Random,27.42,"-9,-4,-36","2,-5,0"
822,1.675,15.803,340.73,4539.27,97.984,1647.0,45.79,(207),[1863-7],Other/Random,23.61,"2,0,7","18,63,-7"
823,37.104,25.441,296.7,5592.56,94.447,1026.0,36.14,(211656),[49-4],Other/Random,31.54,"21,16,56","4,9,-4"
824,329.8,5.088,14.51,5973.43,89.571,1134.0,38.0,(-10-9),[-270],Other/Random,16.49,"-1,0,-9","-2,7,0"
825,325.614,24.329,63.37,6020.36,101.483,3501.0,66.77,(-3-2-8),[918-8],Other/Random,29.06,"-3,-2,-8","9,18,-8"
826,229.363,52.479,142.34,6094.78,94.258,2061.0,51.23,(-7-6-7),[45-20-27],Other/Random,37.45,"-7,-6,-7","45,-20,-27"
827,177.21,13.161,163.52,6346.4,98.647,3132.0,63.15,(-20-9),[3-9-1],Other/Random,23.3,"-2,0,-9","3,-9,-1"
828,312.195,5.767,80.69,8255.43,117.126,7947.0,100.59,(001),[110],Rotated Cube {001}<110>,13.41,"0,0,1","1,1,0"
829,0.196,14.902,4.67,8500.0,92.531,1440.0,42.82,(104),[-190],Other/Random,15.67,"1,0,4","-1,9,0"
830,329.343,20.533,53.63,8630.3,91.336,1071.0,36.93,(-5-3-15),[924-8],Other/Random,30.03,"-5,-3,-15","9,24,-8"
831,142.161,25.329,181.19,8672.9,95.845,2610.0,57.65,(-21-16-56),[3-40],Other/Random,26.65,"-21,-16,-56","3,-4,0"
832,327.424,41.315,53.14,12071.25,79.625,648.0,28.72,(-3-2-4),[1672-45],Other/Random,36.55,"-3,-2,-4","16,72,-45"
833,17.808,43.881,316.2,12896.35,130.753,8442.0,103.68,(561863),[27-4],Other/Random,33.4,"56,18,63","2,7,-4"
834,194.209,18.93,170.99,13986.13,88.714,1134.0,38.0,(319),[1-90],Other/Random,19.62,"3,1,9","1,-9,0"
835,330.663,23.094,20.22,15042.02,118.422,5850.0,86.3,(-15-8-40),[-735-5],Other/Random,24.81,"-15,-8,-40","-7,35,-5"
836,337.422,28.576,5.41,15143.29,128.215,15300.0,139.57,(-5-2-10),[-130],Other/Random,24.67,"-5,-2,-10","-1,3,0"
837,330.925,33.925,62.03,15540.24,83.019,468.0,24.41,(-9-5-15),[4072-45],Other/Random,35.94,"-9,-5,-15","40,72,-45"
838,24.086,39.626,318.11,16801.04,104.242,3987.0,71.25,(9412),[210-5],Other/Random,29.29,"9,4,12","2,10,-5"
839,44.103,47.432,316.63,254.75,98.017,3186.0,63.69,(282736),[-15-3],Other/Random,33.71,"28,27,36","-1,5,-3"
840,330.711,11.894,47.38,430.4,85.933,810.0,32.11,(-9-5-45),[26-1],Other/Random,21.62,"-9,-5,-45","2,6,-1"
841,265.861,11.749,97.92,484.27,102.826,3204.0,63.87,(001),[100],Cube {001}<100>,12.34,"0,0,1","1,0,0"
842,305.633,25.666,44.02,2352.07,83.133,405.0,22.71,(141035),[-1234],Other/Random,27.64,"14,10,35","-12,3,4"
843,220.414,45.967,118.25,3085.09,98.568,1062.0,36.77,(769),[-6-3025],Other/Random,35.61,"7,6,9","-6,-30,25"
844,43.435,16.228,311.62,3161.99,102.397,5445.0,83.26,(10945),[19-2],Other/Random,16.96,"10,9,45","1,9,-2"
845,34.399,15.813,342.8,3311.7,78.8,270.0,18.54,(4318),[-39-1],Other/Random,23.32,"4,3,18","-3,9,-1"
846,321.57,49.833,54.35,5257.0,73.0,27.0,5.86,(-32-27-36),[545-36],Other/Random,37.64,"-32,-27,-36","5,45,-36"
847,227.881,12.502,102.32,7705.08,84.538,351.0,21.14,(-7-6-42),[2816-7],Other/Random,19.66,"-7,-6,-42","28,16,-7"
848,226.206,54.781,145.58,8082.9,78.3,270.0,18.54,(111),[3628-63],Other/Random,36.31,"1,1,1","36,28,-63"
849,50.349,2.942,336.01,9112.81,94.737,1539.0,44.27,(00-1),[-210],Other/Random,18.87,"0,0,-1","-2,1,0"
850,140.615,41.415,230.44,9285.58,86.89,981.0,35.34,(-6-5-9),[0-53],Other/Random,34.12,"-6,-5,-9","0,-5,3"
851,120.259,41.974,239.87,9352.08,89.094,477.0,24.64,(749),[7-1-5],Other/Random,22.34,"7,4,9","7,-1,-5"
852,64.528,22.368,313.04,10763.68,112.884,5274.0,81.95,(-9-4-24),[-562116],Other/Random,28.37,"-9,-4,-24","-56,21,16"
853,148.151,50.014,226.07,11915.67,105.336,6750.0,92.71,(858),[-230],Other/Random,33.87,"8,5,8","-2,3,0"
854,336.02,4.744,39.96,12617.93,87.744,1089.0,37.24,(-10-9),[270],Other/Random,16.66,"-1,0,-9","2,7,0"
855,339.186,41.517,46.52,12934.96,77.192,234.0,17.26,(-5-2-6),[721-12],Other/Random,34.45,"-5,-2,-6","7,21,-12"
856,99.551,25.742,268.48,13087.41,90.818,1287.0,40.48,(9218),[142-7],Other/Random,20.97,"9,2,18","14,2,-7"
857,147.452,27.231,229.93,13169.54,89.289,1215.0,39.33,(-3-2-7),[-2-83],Other/Random,32.22,"-3,-2,-7","-2,-8,3"
858,19.697,48.607,324.94,16572.0,75.75,108.0,11.73,(-64-27-72),[9-18-2],Other/Random,26.03,"-64,-27,-72","9,-18,-2"
859,201.323,9.601,165.04,298.1,89.419,837.0,32.65,(001),[100],Cube {001}<100>,11.51,"0,0,1","1,0,0"
860,192.083,48.265,132.22,618.23,87.968,837.0,32.65,(-8-2-9),[-456328],Other/Random,40.51,"-8,-2,-9","-45,63,28"
861,333.287,27.165,14.74,2401.45,101.774,3231.0,64.14,(-4-2-9),[-28-1],Other/Random,24.52,"-4,-2,-9","-2,8,-1"
862,199.868,42.478,132.82,2500.97,107.296,4104.0,72.29,(18721),[-5-159],Other/Random,35.52,"18,7,21","-5,-15,9"
863,317.846,50.108,49.86,3411.41,106.386,2124.0,52.0,(-40-36-45),[-763-45],Other/Random,35.78,"-40,-36,-45","-7,63,-45"
864,39.798,36.84,310.61,3699.21,98.179,1512.0,43.88,(8714),[218-9],Other/Random,32.69,"8,7,14","2,18,-9"
865,122.043,48.906,217.04,5140.5,88.613,720.0,30.28,(535),[40-25-24],Other/Random,38.59,"5,3,5","40,-25,-24"
866,24.362,27.745,329.45,5270.61,83.87,621.0,28.12,(9418),[436-9],Other/Random,24.6,"9,4,18","4,36,-9"
867,156.556,29.921,210.09,5431.98,85.263,342.0,20.87,(-5-2-9),[-4-369],Other/Random,23.37,"-5,-2,-9","-4,-36,9"
868,199.233,19.528,197.98,7990.64,90.238,909.0,34.02,(319),[6-8-1],Other/Random,21.01,"3,1,9","6,-8,-1"
869,217.863,39.49,176.54,8337.93,134.441,6714.0,92.46,(436),[5-70],Other/Random,35.79,"4,3,6","5,-7,0"
870,345.483,19.366,23.35,8465.6,86.864,594.0,27.5,(-3-1-9),[856-7],Other/Random,21.27,"-3,-1,-9","8,56,-7"
871,212.663,35.905,165.55,8946.32,97.857,2196.0,52.88,(325),[9-244],Other/Random,25.19,"3,2,5","9,-24,4"
872,351.758,20.875,37.57,9054.12,122.037,6561.0,91.4,(-30-8),[24-1],Other/Random,26.05,"-3,0,-8","2,4,-1"
873,24.704,20.671,359.74,9217.05,102.227,2142.0,52.22,(216),[-490],Other/Random,29.07,"2,1,6","-4,9,0"
874,341.779,4.232,35.64,9560.27,104.076,2133.0,52.11,(-10-9),[130],Other/Random,17.92,"-1,0,-9","1,3,0"
875,154.486,17.745,216.53,10461.35,91.775,1080.0,37.08,(-2-1-7),[-5-306],Other/Random,20.86,"-2,-1,-7","-5,-30,6"
876,8.043,39.595,336.89,11659.06,84.176,153.0,13.96,(15218),[212-3],Other/Random,18.76,"15,2,18","2,12,-3"
877,331.73,41.687,43.78,12052.21,96.457,945.0,34.69,(-49-27-63),[18-4],Other/Random,30.12,"-49,-27,-63","1,8,-4"
878,298.588,33.77,93.27,13600.85,116.493,3726.0,68.88,(9515),[-40-2532],Other/Random,33.11,"9,5,15","-40,-25,32"
879,331.115,53.435,49.69,14790.0,78.0,27.0,5.86,(543563),[7-9-1],Other/Random,38.24,"54,35,63","7,-9,-1"
880,22.538,41.155,317.45,15589.65,124.13,8127.0,101.72,(12515),[418-9],Other/Random,30.34,"12,5,15","4,18,-9"
881,14.513,42.418,315.56,15621.13,90.025,1098.0,37.39,(829),[1435-20],Other/Random,35.42,"8,2,9","14,35,-20"
882,152.276,52.611,218.9,16174.25,110.888,4338.0,74.32,(12714),[-470],Other/Random,29.97,"12,7,14","-4,7,0"
883,167.324,16.415,221.86,17008.06,128.74,10710.0,116.77,(-18-7-63),[-5-92],Other/Random,22.76,"-18,-7,-63","-5,-9,2"
884,351.216,42.67,40.42,17242.18,117.286,3492.0,66.68,(-56-9-63),[2763-35],Other/Random,34.67,"-56,-9,-63","27,63,-35"
885,210.198,28.288,122.54,847.06,116.294,3555.0,67.28,(281863),[-8-189],Other/Random,33.29,"28,18,63","-8,-18,9"
886,6.889,14.277,345.15,1314.84,103.869,1791.0,47.75,(104),[972-8],Other/Random,16.34,"1,0,4","9,72,-8"
887,190.394,35.437,139.05,1389.6,102.499,3033.0,62.14,(40756),[-4-94],Other/Random,34.92,"40,7,56","-4,-9,4"
888,335.425,8.105,16.57,1677.81,100.378,666.0,29.12,(001),[100],Cube {001}<100>,11.39,"0,0,1","1,0,0"
889,220.654,50.417,137.0,1866.81,103.609,1728.0,46.91,(879),[4-2415],Other/Random,33.66,"8,7,9","4,-24,15"
890,327.501,53.239,44.09,3458.05,108.483,2070.0,51.34,(644572),[2-30],Other/Random,34.0,"64,45,72","2,-3,0"
891,22.172,50.365,318.97,3492.04,101.494,747.0,30.84,(-40-18-45),[24-40-5],Other/Random,31.07,"-40,-18,-45","24,-40,-5"
892,238.215,7.584,96.59,5467.29,112.913,5364.0,82.64,(-1-1-9),[6328-9],Other/Random,21.19,"-1,-1,-9","63,28,-9"
893,15.296,37.97,355.96,6741.19,115.22,4095.0,72.21,(110),[001],Goss {110}<001>,14.38,"1,1,0","0,0,1"
894,39.349,21.397,338.52,7408.12,103.395,1800.0,47.87,(8728),[-721-3],Other/Random,27.81,"8,7,28","-7,21,-3"
895,341.839,11.206,42.7,8443.74,128.629,7425.0,97.23,(-9-5-45),[2863-9],Other/Random,23.3,"-9,-5,-45","28,63,-9"
896,341.017,14.174,47.07,9172.98,101.365,2340.0,54.58,(-9-4-36),[510-2],Other/Random,22.03,"-9,-4,-36","5,10,-2"
897,196.124,43.094,181.3,10232.74,109.477,4770.0,77.93,(32936),[2-70],Other/Random,17.19,"32,9,36","2,-7,0"
898,228.949,41.468,133.75,10359.41,99.464,1980.0,50.21,(-14-12-21),[45-9-25],Other/Random,30.91,"-14,-12,-21","45,-9,-25"
899,224.285,54.44,121.71,11635.58,102.014,1962.0,49.98,(-1-1-1),[-110],Other/Random,35.64,"-1,-1,-1","-1,1,0"
900,160.702,23.849,213.55,12176.82,110.628,1161.0,38.45,(-3-1-7),[-2-92],Other/Random,27.73,"-3,-1,-7","-2,-9,2"
901,345.936,42.188,46.59,12297.6,79.8,45.0,7.57,(-63-16-72),[2045-27],Other/Random,37.7,"-63,-16,-72","20,45,-27"
902,334.369,38.857,54.0,13448.31,104.034,2151.0,52.33,(-15-7-21),[1640-25],Other/Random,39.05,"-15,-7,-21","16,40,-25"
903,302.337,15.015,38.11,14738.24,150.182,12340.0,125.34,(14963),[-2494],Other/Random,24.61,"14,9,63","-24,9,4"
904,14.705,4.803,300.99,15253.89,96.129,1260.0,40.05,(001),[110],Rotated Cube {001}<110>,4.85,"0,0,1","1,1,0"
905,356.344,38.268,320.6,17226.75,83.5,108.0,11.73,(-70-9),[-273620],Other/Random,38.32,"-7,0,-9","-27,36,20"
906,68.258,15.708,277.26,1327.0,83.0,27.0,5.86,(-9-4-36),[-28-78],Other/Random,21.33,"-9,-4,-36","-28,-7,8"
907,159.637,35.687,221.03,2581.73,102.775,1080.0,37.08,(-8-3-12),[-7-2812],Other/Random,29.96,"-8,-3,-12","-7,-28,12"
908,250.171,16.887,123.98,4231.32,117.243,2997.0,61.77,(-18-7-63),[28-8-7],Other/Random,22.0,"-18,-7,-63","28,-8,-7"
909,32.533,12.36,315.73,4503.69,99.184,1611.0,45.29,(9545),[735-5],Other/Random,17.03,"9,5,45","7,35,-5"
910,159.391,51.828,226.36,4833.32,121.567,3618.0,67.87,(20924),[-456314],Other/Random,36.55,"20,9,24","-45,63,14"
911,32.01,45.995,320.45,6604.82,93.689,549.0,26.44,(634072),[02-1],Other/Random,28.18,"63,40,72","0,2,-1"
912,115.621,27.737,241.72,6661.35,120.994,4428.0,75.09,(9418),[9-1-4],Other/Random,23.82,"9,4,18","9,-1,-4"
913,230.035,51.703,133.37,6931.54,116.027,3357.0,65.38,(-5-4-5),[7-2-5],Other/Random,34.23,"-5,-4,-5","7,-2,-5"
914,179.044,41.209,139.71,6992.04,108.346,2655.0,58.14,(-70-8),[14-21-12],Other/Random,41.16,"-7,0,-8","14,-21,-12"
915,124.333,2.674,270.94,8172.23,116.112,4923.0,79.17,(001),[110],Rotated Cube {001}<110>,10.09,"0,0,1","1,1,0"
916,12.337,43.717,8.61,8989.05,105.806,1809.0,47.99,(40945),[-391],Other/Random,19.49,"40,9,45","-3,9,1"
917,317.178,36.285,62.08,9259.59,95.591,594.0,27.5,(-10-9-18),[28-5],Other/Random,32.5,"-10,-9,-18","2,8,-5"
918,161.378,21.864,209.9,9871.2,114.918,2970.0,61.49,(-3-1-8),[-5-306],Other/Random,24.57,"-3,-1,-8","-5,-30,6"
919,136.472,16.748,241.67,10851.01,114.513,4266.0,73.7,(-10-9-45),[-2-72],Other/Random,24.64,"-10,-9,-45","-2,-7,2"
920,312.835,43.023,66.98,11246.23,107.508,2142.0,52.22,(161524),[-18-415],Other/Random,30.63,"16,15,24","-18,-4,15"
921,20.271,30.677,311.01,12669.16,90.692,351.0,21.14,(25945),[49-4],Other/Random,34.64,"25,9,45","4,9,-4"
922,216.651,12.014,152.01,12785.22,111.493,2574.0,57.25,(001),[100],Cube {001}<100>,14.8,"0,0,1","1,0,0"
923,325.987,48.287,51.54,14896.02,90.78,450.0,23.94,(-64-45-72),[763-45],Other/Random,37.08,"-64,-45,-72","7,63,-45"
924,8.13,46.778,323.2,17194.73,98.14,1413.0,42.42,(-7-1-7),[3-6-2],Other/Random,31.71,"-7,-1,-7","3,-6,-2"
925,49.319,3.968,285.55,146.49,106.108,2169.0,52.55,(00-1),[-9-41],Other/Random,20.26,"0,0,-1","-9,-4,1"
926,26.033,16.378,311.44,202.79,115.988,2934.0,61.12,(218),[1845-10],Other/Random,27.75,"2,1,8","18,45,-10"
927,146.9,38.141,230.54,918.19,116.558,3483.0,66.59,(-14-9-21),[-9-4525],Other/Random,34.02,"-14,-9,-21","-9,-45,25"
928,151.373,9.981,198.53,1152.27,95.318,198.0,15.88,(001),[100],Cube {001}<100>,14.19,"0,0,1","1,0,0"
929,324.479,48.847,42.7,2014.07,138.813,6111.0,88.21,(-8-6-9),[-545-27],Other/Random,31.55,"-8,-6,-9","-5,45,-27"
930,164.076,22.01,174.74,2071.2,114.419,2961.0,61.4,(-18-5-45),[3-80],Other/Random,30.46,"-18,-5,-45","3,-8,0"
931,325.113,56.393,45.1,2928.16,88.737,171.0,14.76,(282535),[27-364],Other/Random,36.56,"28,25,35","27,-36,4"
932,146.124,48.311,212.17,3102.4,108.278,873.0,33.34,(-64-45-72),[9-4520],Other/Random,26.09,"-64,-45,-72","9,-45,20"
933,182.044,16.538,220.47,3220.35,128.572,3915.0,70.6,(207),[7-8-2],Other/Random,16.72,"2,0,7","7,-8,-2"
934,348.103,7.274,28.08,3331.95,127.021,3465.0,66.42,(-10-8),[1863-7],Other/Random,17.73,"-1,0,-8","18,63,-7"
935,31.209,50.436,316.95,3480.69,90.0,117.0,12.21,(-5-3-5),[5-80],Other/Random,31.96,"-5,-3,-5","5,-8,0"
936,24.351,33.336,338.28,4311.0,87.0,27.0,5.86,(211035),[-545-9],Other/Random,19.31,"21,10,35","-5,45,-9"
937,329.958,36.658,58.22,4659.92,106.926,1332.0,41.18,(-5-3-8),[1640-25],Other/Random,40.21,"-5,-3,-8","16,40,-25"
938,28.205,14.462,318.14,5695.88,118.089,2925.0,61.03,(16972),[418-3],Other/Random,19.86,"16,9,72","4,18,-3"
939,238.111,46.718,132.53,6123.55,103.537,738.0,30.65,(-8-5-9),[15-6-10],Other/Random,30.26,"-8,-5,-9","15,-6,-10"
940,180.861,19.211,209.47,6193.58,119.403,7731.0,99.21,(103),[25-45-9],Other/Random,24.13,"1,0,3","25,-45,-9"
941,227.393,53.983,131.57,7312.86,111.763,2691.0,58.53,(989),[289-36],Other/Random,35.61,"9,8,9","28,9,-36"
942,11.917,41.731,322.81,8083.17,92.333,324.0,20.31,(35840),[39-4],Other/Random,29.81,"35,8,40","3,9,-4"
943,348.065,22.36,35.01,8835.02,120.585,5400.0,82.92,(-18-5-45),[38-2],Other/Random,31.22,"-18,-5,-45","3,8,-2"
944,28.634,31.989,344.91,11004.45,103.447,1269.0,40.2,(351863),[-27-1],Other/Random,23.08,"35,18,63","-2,7,-1"
945,323.573,56.604,48.08,11422.0,91.0,81.0,10.16,(10912),[36-455],Other/Random,38.69,"10,9,12","36,-45,5"
946,129.388,52.639,220.66,12219.31,134.368,6147.0,88.47,(-6-5-6),[149-21],Other/Random,37.73,"-6,-5,-6","14,9,-21"
947,118.776,53.142,221.14,12251.52,95.091,891.0,33.68,(-54-35-63),[98-12],Other/Random,37.47,"-54,-35,-63","9,8,-12"
948,111.005,49.218,215.49,12292.37,124.333,3969.0,71.09,(-64-27-72),[23-3],Other/Random,43.04,"-64,-27,-72","2,3,-3"
949,130.06,4.929,238.89,12940.37,90.955,198.0,15.88,(001),[100],Cube {001}<100>,10.22,"0,0,1","1,0,0"
950,21.624,4.955,308.68,13133.23,106.338,1917.0,49.4,(109),[3663-7],Other/Random,16.08,"1,0,9","36,63,-7"
951,50.412,21.055,290.93,13734.42,110.862,783.0,31.57,(-8-7-28),[-24-89],Other/Random,28.06,"-8,-7,-28","-24,-8,9"
952,141.522,52.088,217.73,13758.31,112.6,1755.0,47.27,(545),[-3663-14],Other/Random,31.58,"5,4,5","-36,63,-14"
953,52.563,35.946,298.35,13943.52,110.99,2637.0,57.94,(-36-28-63),[-45-527],Other/Random,25.58,"-36,-28,-63","-45,-5,27"
954,200.168,10.588,178.89,16280.93,121.104,7902.0,100.31,(3218),[1-30],Other/Random,21.78,"3,2,18","1,-3,0"
955,66.457,8.456,268.53,16865.32,128.737,7299.0,96.4,(-9-7-63),[-18-83],Other/Random,21.69,"-9,-7,-63","-18,-8,3"
956,30.911,21.717,310.0,354.88,116.262,5418.0,83.06,(5315),[27-2],Other/Random,28.84,"5,3,15","2,7,-2"
957,323.185,47.674,36.84,578.41,122.815,4221.0,73.31,(-21-16-24),[-16-3],Other/Random,28.67,"-21,-16,-24","-1,6,-3"
958,205.015,36.663,127.04,1052.51,148.423,10680.0,116.63,(213),[-14-3520],Other/Random,38.32,"2,1,3","-14,-35,20"
959,8.359,40.655,345.82,1482.43,103.039,1143.0,38.15,(110),[001],Goss {110}<001>,10.75,"1,1,0","0,0,1"
960,24.449,16.075,322.35,1593.0,101.512,387.0,22.2,(218),[418-3],Other/Random,20.77,"2,1,8","4,18,-3"
961,143.087,56.519,230.85,2675.68,131.532,5481.0,83.54,(10912),[-670],Other/Random,40.45,"10,9,12","-6,7,0"
962,322.889,22.125,18.54,2856.76,101.584,1557.0,44.52,(-4-3-12),[-38-1],Other/Random,28.81,"-4,-3,-12","-3,8,-1"
963,211.017,56.602,126.55,2905.56,95.34,450.0,23.94,(-35-27-45),[-891],Other/Random,42.43,"-35,-27,-45","-8,9,1"
964,48.718,49.362,307.36,3727.0,89.0,27.0,5.86,(-63-56-72),[-63949],Other/Random,31.44,"-63,-56,-72","-63,9,49"
965,1.116,23.618,357.99,4332.05,106.37,1242.0,39.77,(409),[010],Other/Random,21.42,"4,0,9","0,1,0"
966,315.259,39.25,56.59,4400.89,126.364,4680.0,77.19,(-4-4-7),[872-45],Other/Random,30.42,"-4,-4,-7","8,72,-45"
967,86.74,10.4,256.35,5111.9,143.561,9648.0,110.83,(-10-6),[-35-107],Other/Random,19.83,"-1,0,-6","-35,-10,7"
968,348.452,47.311,43.8,6060.25,97.622,333.0,20.59,(40945),[25-40-16],Other/Random,36.78,"40,9,45","25,-40,-16"
969,153.805,41.236,228.65,7041.93,118.048,2835.0,60.08,(-56-27-72),[-5-2012],Other/Random,34.44,"-56,-27,-72","-5,-20,12"
970,194.361,31.22,124.89,7062.25,95.25,108.0,11.73,(21535),[-21-2816],Other/Random,31.5,"21,5,35","-21,-28,16"
971,208.052,23.081,128.88,7363.75,114.912,2250.0,53.52,(15840),[-9-248],Other/Random,31.74,"15,8,40","-9,-24,8"
972,161.046,21.478,224.68,7570.94,116.115,2106.0,51.78,(-3-1-8),[-28-6318],Other/Random,28.78,"-3,-1,-8","-28,-63,18"
973,143.904,10.102,235.68,7632.65,143.396,7290.0,96.34,(-9-7-63),[-2-61],Other/Random,22.01,"-9,-7,-63","-2,-6,1"
974,229.748,34.735,117.72,7681.33,105.169,1278.0,40.34,(-5-4-9),[355-21],Other/Random,27.56,"-5,-4,-9","35,5,-21"
975,166.647,19.337,210.91,9245.25,90.375,72.0,9.57,(-3-1-9),[-12-427],Other/Random,26.06,"-3,-1,-9","-12,-42,7"
976,32.661,6.023,344.52,10559.15,138.595,8217.0,102.28,(119),[-130],Other/Random,18.2,"1,1,9","-1,3,0"
977,186.45,33.853,134.58,10711.29,108.738,1134.0,38.0,(619),[-4-63],Other/Random,34.37,"6,1,9","-4,-6,3"
978,202.977,30.38,177.47,11161.97,102.802,909.0,34.02,(529),[3-80],Other/Random,25.55,"5,2,9","3,-8,0"
979,156.095,45.512,227.93,11467.95,120.843,2403.0,55.31,(-40-18-45),[-2-85],Other/Random,35.2,"-40,-18,-45","-2,-8,5"
980,27.367,30.943,312.27,14104.89,122.819,3438.0,66.16,(351863),[27-3],Other/Random,33.6,"35,18,63","2,7,-3"
981,69.314,15.397,276.48,1312.5,90.0,18.0,4.79,(-9-4-36),[-28-78],Other/Random,20.92,"-9,-4,-36","-28,-7,8"
982,341.311,29.274,356.18,2938.54,123.449,4086.0,72.13,(-10-3-18),[-250],Other/Random,26.89,"-10,-3,-18","-2,5,0"
983,160.864,39.831,228.67,3284.41,133.241,5004.0,79.82,(-49-18-63),[-2-53],Other/Random,37.07,"-49,-18,-63","-2,-5,3"
984,313.765,22.63,8.35,5232.05,114.098,2214.0,53.09,(227),[-45365],Other/Random,23.71,"2,2,7","-45,36,5"
985,141.551,53.873,223.41,5301.05,102.554,585.0,27.29,(403645),[-46-1],Other/Random,34.95,"40,36,45","-4,6,-1"
986,1.995,29.199,5.68,6857.72,117.81,3735.0,68.96,(509),[-180],Other/Random,17.43,"5,0,9","-1,8,0"
987,168.562,42.244,223.61,7149.9,117.417,1944.0,49.75,(-16-3-18),[-28-6336],Other/Random,36.26,"-16,-3,-18","-28,-63,36"
988,171.882,15.616,213.58,7726.69,156.832,11230.0,119.59,(-20-7),[-8-183],Other/Random,24.96,"-2,0,-7","-8,-18,3"
989,206.972,41.28,122.26,10496.76,101.826,774.0,31.39,(351845),[-3-75],Other/Random,42.09,"35,18,45","-3,-7,5"
990,192.329,23.121,185.87,11210.18,106.484,855.0,32.99,(27763),[1-30],Other/Random,27.99,"27,7,63","1,-3,0"
991,253.937,15.004,136.99,11318.94,116.678,2853.0,60.27,(-9-4-36),[72-45-16],Other/Random,20.54,"-9,-4,-36","72,-45,-16"
992,130.277,46.117,247.75,11427.88,99.176,153.0,13.96,(121015),[183-16],Other/Random,29.21,"12,10,15","18,3,-16"
993,155.853,34.107,225.4,11526.26,127.11,4401.0,74.86,(-35-16-56),[-18-6328],Other/Random,32.4,"-35,-16,-56","-18,-63,28"
994,193.951,34.294,172.52,12088.85,138.79,6390.0,90.2,(110),[001],Goss {110}<001>,14.26,"1,1,0","0,0,1"
995,217.502,52.717,126.09,12533.86,118.326,774.0,31.39,(-9-7-9),[-560],Other/Random,39.57,"-9,-7,-9","-5,6,0"
996,19.27,45.458,314.34,12609.18,167.104,14490.0,135.83,(313),[1656-35],Other/Random,34.74,"3,1,3","16,56,-35"
997,75.413,7.638,299.92,12656.0,111.243,1557.0,44.52,(-10-8),[-56167],Other/Random,17.12,"-1,0,-8","-56,16,7"
998,25.684,21.97,309.28,13176.57,125.977,2367.0,54.9,(9424),[921-7],Other/Random,29.6,"9,4,24","9,21,-7"
999,172.422,35.226,213.53,13885.75,128.387,4401.0,74.86,(-45-7-63),[-3-83],Other/Random,29.74,"-45,-7,-63","-3,-8,3"
1000,184.712,33.773,167.75,14359.28,100.091,297.0,19.45,(110),[001],Goss {110}<001>,14.43,"1,1,0","0,0,1"
1001,184.035,36.622,168.13,14520.17,114.014,1980.0,50.21,(110),[001],Goss {110}<001>,12.43,"1,1,0","0,0,1"
1002,135.976,20.067,241.19,372.3,94.2,90.0,10.7,(-1-1-4),[-6-217],Other/Random,26.35,"-1,-1,-4","-6,-21,7"
1003,225.192,51.197,135.62,1450.23,129.126,3438.0,66.16,(-64-63-72),[12-3-8],Other/Random,36.2,"-64,-63,-72","12,-3,-8"
1004,150.834,49.43,212.76,2347.59,113.595,1602.0,45.16,(959),[-49-1],Other/Random,25.14,"9,5,9","-4,9,-1"
1005,176.512,36.289,214.99,2557.44,129.222,2925.0,61.03,(-30-4),[-5-104],Other/Random,33.53,"-3,0,-4","-5,-10,4"
1006,349.338,36.862,53.91,3731.94,111.03,909.0,34.02,(-21-4-28),[2128-20],Other/Random,36.9,"-21,-4,-28","21,28,-20"
1007,45.412,46.897,311.33,3771.97,113.492,1593.0,45.04,(-3-3-4),[-24316],Other/Random,33.05,"-3,-3,-4","-24,3,16"
1008,1.42,10.719,321.18,8097.67,115.944,1944.0,49.75,(001),[110],Rotated Cube {001}<110>,13.13,"0,0,1","1,1,0"
1009,197.424,12.932,135.22,8385.4,144.077,3159.0,63.42,(219),[-3-61],Other/Random,21.85,"2,1,9","-3,-6,1"
1010,162.975,43.178,211.98,9821.81,122.84,2358.0,54.79,(-56-18-63),[-5-4016],Other/Random,23.02,"-56,-18,-63","-5,-40,16"
1011,168.965,32.806,225.39,11994.0,100.696,207.0,16.23,(-5-1-8),[-10-189],Other/Random,34.44,"-5,-1,-8","-10,-18,9"
1012,123.38,7.172,238.47,12811.0,95.0,27.0,5.86,(001),[100],Cube {001}<100>,7.41,"0,0,1","1,0,0"
1013,11.937,44.183,319.41,13240.31,132.938,5760.0,85.64,(515),[2772-40],Other/Random,33.13,"5,1,5","27,72,-40"
1014,340.836,48.551,51.45,13349.46,97.909,99.0,11.23,(839),[56-72-27],Other/Random,40.77,"8,3,9","56,-72,-27"
1015,352.277,18.786,350.46,14944.49,153.042,9765.0,111.5,(-10-3),[-18637],Other/Random,25.46,"-1,0,-3","-18,63,7"
1016,107.392,7.366,247.45,1285.58,104.526,171.0,14.76,(001),[100],Cube {001}<100>,8.99,"0,0,1","1,0,0"
1017,321.777,3.471,49.75,4022.7,110.288,531.0,26.0,(001),[100],Cube {001}<100>,12.04,"0,0,1","1,0,0"
1018,193.848,38.056,153.77,4556.37,130.753,3357.0,65.38,(15420),[-7-5616],Other/Random,19.53,"15,4,20","-7,-56,16"
1019,82.382,17.558,303.29,5275.36,119.954,1755.0,47.27,(-10-3),[-1474],Other/Random,26.06,"-1,0,-3","-14,7,4"
1020,348.873,16.841,347.63,5344.38,106.697,1098.0,37.39,(-18-7-63),[-27637],Other/Random,27.25,"-18,-7,-63","-27,63,7"
1021,216.854,38.84,128.14,7119.64,113.135,468.0,24.41,(548),[-1-74],Other/Random,34.57,"5,4,8","-1,-7,4"
1022,141.383,46.297,240.05,7536.0,100.0,54.0,8.29,(-5-4-6),[-6-3025],Other/Random,36.83,"-5,-4,-6","-6,-30,25"
1023,164.008,13.046,213.92,10383.26,127.007,2547.0,56.95,(-2-1-9),[-8-243],Other/Random,22.14,"-2,-1,-9","-8,-24,3"
1024,197.618,9.684,181.91,10451.51,125.071,3051.0,62.33,(106),[1-30],Other/Random,21.78,"1,0,6","1,-3,0"
1025,222.589,51.687,125.36,12516.0,97.5,36.0,6.77,(565463),[0-65],Other/Random,35.63,"56,54,63","0,-6,5"
1026,358.089,26.032,318.64,12962.97,125.716,2187.0,52.77,(-10-2),[-303514],Other/Random,26.09,"-1,0,-2","-30,35,14"
1027,255.856,17.351,77.38,13314.38,117.474,2448.0,55.83,(-18-7-63),[63-2],Other/Random,25.12,"-18,-7,-63","6,3,-2"
1028,8.511,44.261,321.92,13341.5,99.5,54.0,8.29,(717),[38-4],Other/Random,32.56,"7,1,7","3,8,-4"
1029,165.695,24.873,218.51,13382.7,119.981,2880.0,60.56,(-4-1-9),[-14-3510],Other/Random,32.32,"-4,-1,-9","-14,-35,10"
1030,230.865,9.652,147.83,14138.85,106.759,522.0,25.78,(-9-8-72),[9-3-1],Other/Random,21.02,"-9,-8,-72","9,-3,-1"
1031,339.823,31.866,48.67,14179.97,118.416,1602.0,45.16,(-36-14-63),[49-4],Other/Random,35.79,"-36,-14,-63","4,9,-4"
1032,218.072,45.821,154.63,14880.05,156.24,5841.0,86.24,(322540),[9-248],Other/Random,26.94,"32,25,40","9,-24,8"
1033,32.024,17.64,4.89,15312.39,123.71,2547.0,56.95,(12742),[-340],Other/Random,19.39,"12,7,42","-3,4,0"
1034,218.242,20.177,121.47,415.79,117.808,468.0,24.41,(181463),[-1-31],Other/Random,28.54,"18,14,63","-1,-3,1"
1035,177.411,25.109,206.52,437.09,134.423,2808.0,59.79,(-40-9),[-2-51],Other/Random,31.39,"-4,0,-9","-2,-5,1"
1036,133.822,38.236,231.46,5408.46,125.231,1827.0,48.23,(363563),[90-5],Other/Random,29.82,"36,35,63","9,0,-5"
1037,83.639,20.63,257.92,5947.54,122.118,1989.0,50.32,(-30-8),[-15-56],Other/Random,27.6,"-3,0,-8","-15,-5,6"
1038,205.08,44.714,137.69,6429.77,111.805,738.0,30.65,(562763),[-9-6335],Other/Random,30.01,"56,27,63","-9,-63,35"
1039,336.599,28.71,47.16,8634.78,135.132,3078.0,62.6,(-9-4-18),[1540-16],Other/Random,35.15,"-9,-4,-18","15,40,-16"
1040,312.82,42.818,65.71,8762.66,129.326,2565.0,57.15,(161524),[-5-14],Other/Random,30.27,"16,15,24","-5,-1,4"
1041,170.251,22.475,173.47,10301.32,147.72,8136.0,101.78,(-18-5-45),[2-70],Other/Random,27.38,"-18,-5,-45","2,-7,0"
1042,200.094,47.464,126.64,11665.17,116.862,783.0,31.57,(-8-3-8),[-452],Other/Random,41.93,"-8,-3,-8","-4,5,2"
1043,173.124,29.173,211.13,12012.41,120.208,1944.0,49.75,(-5-1-9),[-21-5616],Other/Random,30.29,"-5,-1,-9","-21,-56,16"
1044,123.824,49.674,222.74,12813.84,118.2,450.0,23.94,(323),[6-3-4],Other/Random,34.58,"3,2,3","6,-3,-4"
1045,304.11,43.086,84.29,13468.92,128.404,1494.0,43.61,(14918),[-2-12],Other/Random,30.32,"14,9,18","-2,-1,2"
1046,150.716,22.935,227.35,16374.81,147.718,7938.0,100.53,(-15-8-40),[-6-217],Other/Random,29.12,"-15,-8,-40","-6,-21,7"
1047,129.564,16.059,259.35,16478.28,135.571,5346.0,82.5,(10945),[95-3],Other/Random,22.69,"10,9,45","9,5,-3"
1048,160.802,21.698,230.25,16588.38,146.953,9162.0,108.01,(-3-1-8),[-5-93],Other/Random,25.75,"-3,-1,-8","-5,-9,3"
1049,205.039,50.462,136.76,631.96,123.682,1782.0,47.63,(-8-4-9),[-45728],Other/Random,32.42,"-8,-4,-9","-45,72,8"
1050,135.648,17.368,205.76,1147.29,111.643,126.0,12.67,(-2-2-9),[21-568],Other/Random,25.39,"-2,-2,-9","21,-56,8"
1051,169.89,38.493,185.42,1431.0,103.5,18.0,4.79,(110),[001],Goss {110}<001>,9.59,"1,1,0","0,0,1"
1052,152.693,39.082,193.03,2108.17,121.229,747.0,30.84,(-40-21-56),[2-71],Other/Random,20.48,"-40,-21,-56","2,-7,1"
1053,182.751,30.149,152.42,2463.83,140.85,3429.0,66.08,(407),[-8-205],Other/Random,29.39,"4,0,7","-8,-20,5"
1054,153.688,29.922,222.67,2723.81,115.188,864.0,33.17,(-2-1-4),[-16-7227],Other/Random,30.45,"-2,-1,-4","-16,-72,27"
1055,8.647,29.82,310.91,2781.01,152.704,3465.0,66.42,(36763),[34-2],Other/Random,30.16,"36,7,63","3,4,-2"
1056,338.833,34.583,3.93,2884.02,125.468,1674.0,46.17,(-5-2-8),[-130],Other/Random,21.04,"-5,-2,-8","-1,3,0"
1057,319.347,26.12,56.67,4191.94,120.867,810.0,32.11,(-9-8-24),[1045-18],Other/Random,30.57,"-9,-8,-24","10,45,-18"
1058,330.187,17.156,46.5,4290.88,126.494,2187.0,52.77,(-7-4-28),[1863-14],Other/Random,23.89,"-7,-4,-28","18,63,-14"
1059,162.78,46.284,225.92,4480.82,127.633,2034.0,50.89,(-3-1-3),[-8-2415],Other/Random,35.96,"-3,-1,-3","-8,-24,15"
1060,275.714,5.923,70.98,5813.89,107.885,234.0,17.26,(001),[100],Cube {001}<100>,14.56,"0,0,1","1,0,0"
1061,184.791,9.778,210.83,8007.41,139.578,4518.0,75.85,(001),[110],Rotated Cube {001}<110>,13.54,"0,0,1","1,1,0"
1062,218.975,33.07,169.58,8057.83,121.577,1233.0,39.62,(5410),[36-637],Other/Random,33.62,"5,4,10","36,-63,7"
1063,158.249,11.312,225.75,9271.97,111.31,261.0,18.23,(-9-5-45),[-3-71],Other/Random,23.82,"-9,-5,-45","-3,-7,1"
1064,227.138,38.17,126.12,10958.53,182.383,19340.0,156.93,(-36-35-63),[70-4],Other/Random,29.0,"-36,-35,-63","7,0,-4"
1065,144.487,35.994,249.39,11415.31,126.269,1305.0,40.76,(-21-15-35),[-16-2821],Other/Random,37.62,"-21,-15,-35","-16,-28,21"
1066,34.137,45.115,337.61,11786.25,130.419,3177.0,63.6,(151018),[-721-6],Other/Random,24.07,"15,10,18","-7,21,-6"
1067,230.243,50.724,125.86,12503.13,110.172,522.0,25.78,(-8-7-9),[30-5-24],Other/Random,30.9,"-8,-7,-9","30,-5,-24"
1068,224.288,45.078,123.0,12524.34,112.902,369.0,21.68,(557),[0-43],Other/Random,31.91,"5,5,7","0,-4,3"
1069,135.736,47.604,217.1,12753.46,118.983,531.0,26.0,(-7-7-9),[2-63],Other/Random,32.2,"-7,-7,-9","2,-6,3"
1070,124.308,7.104,237.67,12824.64,118.2,225.0,16.93,(001),[100],Cube {001}<100>,7.37,"0,0,1","1,0,0"
1071,218.747,47.44,134.91,1784.14,142.731,3681.0,68.46,(181421),[8-7245],Other/Random,32.89,"18,14,21","8,-72,45"
1072,51.071,18.542,329.19,3660.13,126.359,1503.0,43.75,(-5-4-20),[-30125],Other/Random,27.4,"-5,-4,-20","-30,12,5"
1073,183.775,20.946,149.9,3896.96,135.293,5715.0,85.3,(308),[-20-459],Other/Random,27.99,"3,0,8","-20,-45,9"
1074,9.376,41.515,316.76,5773.91,120.899,2493.0,56.34,(49856),[714-8],Other/Random,37.1,"49,8,56","7,14,-8"
1075,138.684,42.405,228.57,5852.2,131.5,2862.0,60.37,(-10-9-15),[0-53],Other/Random,33.5,"-10,-9,-15","0,-5,3"
1076,168.553,38.933,229.01,6610.22,152.035,5481.0,83.54,(-24-5-30),[-24-4025],Other/Random,39.61,"-24,-5,-30","-24,-40,25"
1077,20.272,44.995,310.34,8722.5,130.454,1764.0,47.39,(839),[924-16],Other/Random,37.95,"8,3,9","9,24,-16"
1078,145.516,21.966,221.43,9246.77,132.029,1881.0,48.94,(-3-2-9),[-4-369],Other/Random,23.03,"-3,-2,-9","-4,-36,9"
1079,203.634,39.623,141.43,11140.25,113.0,216.0,16.58,(9412),[-9-6328],Other/Random,26.75,"9,4,12","-9,-63,28"
1080,159.297,48.185,228.12,12438.53,142.612,2529.0,56.75,(838),[-572],Other/Random,37.03,"8,3,8","-5,7,2"
1081,224.256,57.229,133.55,12457.2,107.4,45.0,7.57,(989),[-20165],Other/Random,39.47,"9,8,9","-20,16,5"
1082,31.885,39.93,309.94,13064.31,111.231,117.0,12.21,(452863),[735-20],Other/Random,34.08,"45,28,63","7,35,-20"
1083,42.899,50.727,312.78,14325.73,128.73,2304.0,54.16,(161518),[-17-5],Other/Random,36.29,"16,15,18","-1,7,-5"
1084,38.38,42.89,299.99,14814.77,162.264,6453.0,90.64,(547),[14-3],Other/Random,36.19,"5,4,7","1,4,-3"
1085,26.286,47.238,318.99,15687.78,115.5,414.0,22.96,(212),[19-5],Other/Random,29.46,"2,1,2","1,9,-5"
1086,345.204,45.355,36.19,120.42,181.602,16120.0,143.26,(-4-1-4),[418-9],Other/Random,27.75,"-4,-1,-4","4,18,-9"
1087,336.814,41.533,14.47,1524.53,143.54,3870.0,70.2,(-12-5-15),[-418-3],Other/Random,16.39,"-12,-5,-15","-4,18,-3"
1088,357.988,23.798,337.94,2817.07,125.433,1143.0,38.15,(-40-9),[-12305],Other/Random,31.59,"-4,0,-9","-12,30,5"
1089,193.544,22.257,152.31,3998.58,133.284,1935.0,49.64,(18545),[-4-183],Other/Random,26.32,"18,5,45","-4,-18,3"
1090,112.889,15.566,256.71,4005.6,109.8,45.0,7.57,(9436),[427-12],Other/Random,18.27,"9,4,36","42,7,-12"
1091,0.367,34.245,331.14,5189.72,142.59,3906.0,70.52,(203),[2863-18],Other/Random,30.49,"2,0,3","28,63,-18"
1092,159.354,38.133,220.83,6321.94,139.665,2286.0,53.95,(-21-8-28),[-9-3616],Other/Random,29.46,"-21,-8,-28","-9,-36,16"
1093,57.456,41.588,306.3,6385.21,142.171,3942.0,70.85,(-3-2-4),[-926],Other/Random,25.52,"-3,-2,-4","-9,2,6"
1094,147.775,39.499,230.85,7799.2,125.691,873.0,33.34,(-45-28-63),[-7-3520],Other/Random,34.56,"-45,-28,-63","-7,-35,20"
1095,210.553,25.252,133.26,9290.67,141.921,2169.0,52.55,(8520),[-3-124],Other/Random,29.92,"8,5,20","-3,-12,4"
1096,149.668,18.517,236.43,10081.17,125.214,1134.0,38.0,(-12-7-42),[-28-6318],Other/Random,26.4,"-12,-7,-42","-28,-63,18"
1097,35.37,49.083,316.86,11102.41,125.744,1053.0,36.62,(869),[-545-27],Other/Random,31.87,"8,6,9","-5,45,-27"
1098,320.425,36.499,69.87,11192.96,127.793,1656.0,45.92,(-36-28-63),[24-3],Other/Random,38.27,"-36,-28,-63","2,4,-3"
1099,4.163,43.885,0.04,12144.68,123.395,684.0,29.51,(110),[001],Goss {110}<001>,4.34,"1,1,0","0,0,1"
1100,219.833,48.794,131.79,12481.46,132.066,2052.0,51.11,(494056),[1-96],Other/Random,35.35,"49,40,56","1,-9,6"
1101,188.905,24.137,146.11,13098.34,150.286,6039.0,87.69,(419),[-12-287],Other/Random,31.26,"4,1,9","-12,-28,7"
1102,1.877,44.606,326.66,14151.63,142.221,2034.0,50.89,(101),[2763-28],Other/Random,32.04,"1,0,1","27,63,-28"
1103,338.665,38.569,5.39,15245.61,154.191,6687.0,92.27,(-21-8-28),[-1863-7],Other/Random,18.8,"-21,-8,-28","-18,63,-7"
1104,33.901,15.013,344.23,16517.0,111.5,54.0,8.29,(14963),[-39-1],Other/Random,23.5,"14,9,63","-3,9,-1"
1105,278.93,25.099,102.31,16527.01,116.556,243.0,17.59,(419),[-10-45],Other/Random,28.39,"4,1,9","-10,-4,5"
1106,17.106,38.452,322.15,17179.27,132.337,3285.0,64.67,(27836),[728-12],Other/Random,28.19,"27,8,36","7,28,-12"
1107,218.216,36.023,115.53,770.9,144.879,3807.0,69.62,(362863),[-6-1510],Other/Random,37.1,"36,28,63","-6,-15,10"
1108,323.458,35.656,16.81,1584.97,139.227,3456.0,66.33,(-4-3-7),[-1535-7],Other/Random,27.57,"-4,-3,-7","-15,35,-7"
1109,317.374,51.688,43.53,2746.37,121.029,315.0,20.03,(-56-54-63),[-29-6],Other/Random,35.16,"-56,-54,-63","-2,9,-6"
1110,1.119,34.656,13.17,3365.77,114.462,117.0,12.21,(507),[-16729],Other/Random,17.43,"5,0,7","-16,72,9"
1111,51.506,51.856,303.77,3803.2,121.463,369.0,21.68,(-5-4-5),[-56849],Other/Random,30.27,"-5,-4,-5","-56,8,49"
1112,185.206,30.306,151.5,3956.47,145.475,2178.0,52.66,(407),[-3-82],Other/Random,28.55,"4,0,7","-3,-8,2"
1113,227.913,15.098,120.17,6070.35,146.82,4059.0,71.89,(-6-5-30),[459-10],Other/Random,19.21,"-6,-5,-30","45,9,-10"
1114,170.054,40.597,218.46,6518.0,144.718,7218.0,95.87,(-35-6-42),[-3-84],Other/Random,32.15,"-35,-6,-42","-3,-8,4"
1115,16.641,35.83,12.47,8546.59,174.875,10960.0,118.14,(25735),[-7142],Other/Random,28.83,"25,7,35","-7,14,2"
1116,322.737,30.035,58.13,8795.72,121.357,378.0,21.94,(-4-3-9),[414-7],Other/Random,36.05,"-4,-3,-9","4,14,-7"
1117,212.951,44.78,141.62,8935.35,129.0,1521.0,44.01,(151018),[2-189],Other/Random,27.33,"15,10,18","2,-18,9"
1118,18.671,7.339,328.83,9121.51,168.293,10240.0,114.2,(001),[100],Cube {001}<100>,14.49,"0,0,1","1,0,0"
1119,145.12,38.16,221.68,10116.74,124.2,405.0,22.71,(-45-32-72),[0-94],Other/Random,28.24,"-45,-32,-72","0,-9,4"
1120,14.677,33.058,315.96,13032.16,159.422,4860.0,78.66,(15424),[49-4],Other/Random,35.77,"15,4,24","4,9,-4"
1121,32.958,52.227,317.64,14354.28,137.476,927.0,34.36,(-8-6-9),[45-728],Other/Random,32.47,"-8,-6,-9","45,-72,8"
1122,4.088,33.886,326.5,1271.01,129.874,927.0,34.36,(203),[3272-27],Other/Random,32.36,"2,0,3","32,72,-27"
1123,201.538,34.029,135.92,1369.77,161.13,8847.0,106.13,(528),[-3-94],Other/Random,32.31,"5,2,8","-3,-9,4"
1124,207.76,46.776,143.37,1630.85,159.579,3312.0,64.94,(16918),[0-21],Other/Random,26.2,"16,9,18","0,-2,1"
1125,200.868,50.938,131.57,1909.12,144.583,4167.0,72.84,(-7-3-8),[-341],Other/Random,38.02,"-7,-3,-8","-3,4,1"
1126,322.845,51.602,48.2,3141.17,160.902,3024.0,62.05,(434),[5-70],Other/Random,36.25,"4,3,4","5,-7,0"
1127,165.166,22.495,159.87,4056.87,147.787,3978.0,71.17,(-18-5-45),[4-6-1],Other/Random,24.61,"-18,-5,-45","4,-6,-1"
1128,195.621,9.575,122.87,4610.43,168.384,9432.0,109.59,(001),[110],Rotated Cube {001}<110>,10.19,"0,0,1","1,1,0"
1129,167.219,14.572,173.44,5324.35,147.501,3825.0,69.79,(-9-4-36),[1-30],Other/Random,24.17,"-9,-4,-36","1,-3,0"
1130,60.032,16.029,280.1,5359.0,125.563,864.0,33.17,(-7-4-28),[-21-76],Other/Random,25.48,"-7,-4,-28","-21,-7,6"
1131,339.124,14.219,45.6,5984.74,139.551,1323.0,41.04,(-9-4-36),[2045-9],Other/Random,24.72,"-9,-4,-36","20,45,-9"
1132,210.472,48.748,128.05,6290.09,143.958,1278.0,40.34,(747),[-2-129],Other/Random,37.97,"7,4,7","-2,-12,9"
1133,114.345,44.798,246.51,8121.32,147.208,2205.0,52.99,(401845),[56-7-48],Other/Random,18.17,"40,18,45","56,-7,-48"
1134,324.577,4.735,61.26,9106.0,116.0,27.0,5.86,(-10-9),[918-2],Other/Random,19.73,"-1,0,-9","9,18,-2"
1135,184.764,11.557,194.34,11732.85,141.596,2538.0,56.85,(105),[1-30],Other/Random,22.3,"1,0,5","1,-3,0"
1136,142.032,38.359,234.56,12684.47,131.564,990.0,35.5,(-5-4-8),[-5-3018],Other/Random,34.77,"-5,-4,-8","-5,-30,18"
1137,34.229,43.235,313.02,14447.15,155.075,7650.0,98.69,(759),[763-36],Other/Random,32.26,"7,5,9","7,63,-36"
1138,352.51,43.796,36.84,17095.72,118.714,63.0,8.96,(-8-1-8),[38-4],Other/Random,31.93,"-8,-1,-8","3,8,-4"
1139,316.941,10.579,72.36,285.73,149.098,3501.0,66.77,(-8-7-56),[2545-9],Other/Random,18.91,"-8,-7,-56","25,45,-9"
1140,146.268,32.061,201.39,1201.44,177.305,10720.0,116.82,(-3-2-6),[10-357],Other/Random,24.89,"-3,-2,-6","10,-35,7"
1141,201.077,37.114,153.43,1669.29,142.082,1422.0,42.55,(527),[0-72],Other/Random,19.02,"5,2,7","0,-7,2"
1142,333.32,51.919,42.66,1680.4,119.8,135.0,13.11,(748),[5-80],Other/Random,32.37,"7,4,8","5,-8,0"
1143,145.27,56.868,225.33,1698.17,133.075,477.0,24.64,(282535),[-2736-4],Other/Random,36.94,"28,25,35","-27,36,-4"
1144,33.1,44.07,325.54,1837.03,145.147,2259.0,53.63,(362545),[-756-24],Other/Random,25.33,"36,25,45","-7,56,-24"
1145,356.688,7.89,14.49,3373.06,133.771,945.0,34.69,(001),[100],Cube {001}<100>,13.67,"0,0,1","1,0,0"
1146,36.925,41.044,300.46,3581.21,120.789,171.0,14.76,(10714),[27-5],Other/Random,36.93,"10,7,14","2,7,-5"
1147,160.027,27.502,225.44,3696.04,161.972,5697.0,85.17,(-3-1-6),[-16-4015],Other/Random,33.62,"-3,-1,-6","-16,-40,15"
1148,305.389,18.865,66.16,4332.9,134.658,1026.0,36.14,(10735),[-6-12],Other/Random,22.09,"10,7,35","-6,-1,2"
1149,170.046,44.227,182.93,5581.24,151.83,2376.0,55.0,(110),[001],Goss {110}<001>,8.17,"1,1,0","0,0,1"
1150,25.708,43.431,313.97,5887.0,133.222,486.0,24.88,(301435),[735-20],Other/Random,32.69,"30,14,35","7,35,-20"
1151,155.456,43.599,218.38,6262.81,141.359,1431.0,42.68,(-35-16-40),[-2-189],Other/Random,26.79,"-35,-16,-40","-2,-18,9"
1152,208.507,10.569,124.37,7542.41,134.235,459.0,24.17,(3218),[-3-61],Other/Random,20.75,"3,2,18","-3,-6,1"
1153,166.947,37.474,220.34,9931.24,147.876,3699.0,68.63,(-9-2-12),[-27-7232],Other/Random,32.5,"-9,-2,-12","-27,-72,32"
1154,172.603,7.348,159.93,11125.68,135.0,774.0,31.39,(-10-8),[1-20],Other/Random,19.0,"-1,0,-8","1,-2,0"
1155,209.406,27.005,180.73,11170.27,143.912,1836.0,48.35,(16936),[4-70],Other/Random,30.76,"16,9,36","4,-7,0"
1156,169.989,46.706,214.65,11300.75,164.325,5715.0,85.3,(616),[-286318],Other/Random,28.62,"6,1,6","-28,63,18"
1157,161.17,30.705,229.94,11609.52,163.666,7083.0,94.97,(-25-9-45),[-1-21],Other/Random,33.63,"-25,-9,-45","-1,-2,1"
1158,171.82,43.175,217.83,11884.51,144.663,5211.0,81.45,(-64-9-72),[-4-105],Other/Random,32.49,"-64,-9,-72","-4,-10,5"
1159,241.322,46.482,134.23,15523.28,155.177,3249.0,64.32,(-16-9-18),[6-3-4],Other/Random,31.45,"-16,-9,-18","6,-3,-4"
1160,170.984,21.633,175.1,16764.7,131.625,504.0,25.33,(-18-5-45),[1-40],Other/Random,25.68,"-18,-5,-45","1,-4,0"
1161,219.519,49.845,150.86,531.06,164.867,3645.0,68.12,(322736),[21-5624],Other/Random,29.26,"32,27,36","21,-56,24"
1162,196.815,41.544,134.28,1145.05,124.895,171.0,14.76,(24728),[-21-5632],Other/Random,35.46,"24,7,28","-21,-56,32"
1163,193.429,34.602,184.68,2316.62,146.071,1512.0,43.88,(416),[1-30],Other/Random,20.16,"4,1,6","1,-3,0"
1164,164.649,32.085,214.34,2385.59,146.333,1377.0,41.87,(-18-5-30),[-3-124],Other/Random,27.32,"-18,-5,-30","-3,-12,4"
1165,319.876,56.033,44.57,2844.49,132.164,657.0,28.92,(212024),[25-357],Other/Random,37.17,"21,20,24","25,-35,7"
1166,184.147,14.23,133.67,3068.89,148.08,4752.0,77.78,(001),[110],Rotated Cube {001}<110>,14.5,"0,0,1","1,1,0"
1167,359.99,28.187,14.56,3501.67,146.446,3996.0,71.33,(-50-9),[1672-9],Other/Random,22.2,"-5,0,-9","16,72,-9"
1168,328.155,40.877,43.09,4260.0,123.0,27.0,5.86,(-27-16-36),[218-9],Other/Random,29.24,"-27,-16,-36","2,18,-9"
1169,169.894,34.924,212.0,4682.4,143.643,1287.0,40.48,(-16-3-24),[-6-217],Other/Random,26.97,"-16,-3,-24","-6,-21,7"
1170,166.448,17.031,175.25,5387.91,144.095,1134.0,38.0,(-18-7-63),[1-30],Other/Random,24.95,"-18,-7,-63","1,-3,0"
1171,23.497,46.611,319.35,5644.6,140.735,1629.0,45.54,(737),[972-40],Other/Random,29.38,"7,3,7","9,72,-40"
1172,326.668,5.498,16.14,5661.0,121.5,18.0,4.79,(-10-9),[-130],Other/Random,18.04,"-1,0,-9","-1,3,0"
1173,132.301,35.797,243.31,5754.79,160.826,5634.0,84.7,(10918),[408-25],Other/Random,29.09,"10,9,18","40,8,-25"
1174,14.538,47.778,315.54,5904.95,128.211,342.0,20.87,(-32-9-36),[15-24-8],Other/Random,36.03,"-32,-9,-36","15,-24,-8"
1175,182.771,21.832,168.28,6118.68,137.225,1323.0,41.04,(205),[-9-637],Other/Random,23.57,"2,0,5","-9,-63,7"
1176,129.543,8.195,199.44,7111.81,138.239,1242.0,39.77,(119),[5-30],Other/Random,16.2,"1,1,9","5,-3,0"
1177,211.119,43.739,135.65,7435.1,153.789,6021.0,87.56,(536),[-1-95],Other/Random,30.66,"5,3,6","-1,-9,5"
1178,277.956,19.75,71.13,8998.97,136.966,522.0,25.78,(308),[-923],Other/Random,22.54,"3,0,8","-9,2,3"
1179,203.313,16.312,142.28,9548.7,143.371,2061.0,51.23,(18763),[-4-183],Other/Random,21.73,"18,7,63","-4,-18,3"
1180,109.938,6.962,273.4,10408.5,121.5,36.0,6.77,(109),[5624-7],Other/Random,22.74,"1,0,9","56,24,-7"
1181,345.151,46.524,39.73,14275.52,148.165,3384.0,65.64,(414),[20-36-9],Other/Random,31.2,"4,1,4","20,-36,-9"
1182,42.849,36.731,301.8,14559.44,133.267,810.0,32.11,(10918),[530-18],Other/Random,31.68,"10,9,18","5,30,-18"
1183,337.002,31.078,49.14,15660.52,151.599,2736.0,59.02,(-5-2-9),[1845-20],Other/Random,36.23,"-5,-2,-9","18,45,-20"
1184,313.14,17.381,78.42,17116.43,153.784,3825.0,69.79,(229),[-40-2415],Other/Random,21.94,"2,2,9","-40,-24,15"
1185,12.297,38.634,324.92,871.72,179.225,6408.0,90.33,(14318),[1035-14],Other/Random,27.85,"14,3,18","10,35,-14"
1186,199.973,45.487,132.75,1130.44,165.658,2052.0,51.11,(313),[-8-2415],Other/Random,35.94,"3,1,3","-8,-24,15"
1187,219.11,50.832,132.72,1296.78,136.448,522.0,25.78,(979),[7-6345],Other/Random,35.62,"9,7,9","7,-63,45"
1188,179.123,13.675,181.52,1307.83,126.5,162.0,14.36,(001),[100],Cube {001}<100>,13.69,"0,0,1","1,0,0"
1189,329.985,20.315,51.47,3575.58,146.854,1476.0,43.35,(-5-3-15),[2156-16],Other/Random,29.46,"-5,-3,-15","21,56,-16"
1190,333.583,7.525,43.53,3590.14,126.857,63.0,8.96,(-9-8-72),[1863-7],Other/Random,18.68,"-9,-8,-72","18,63,-7"
1191,0.94,10.581,16.32,3621.12,149.567,2745.0,59.12,(105),[-270],Other/Random,20.22,"1,0,5","-2,7,0"
1192,176.173,26.312,162.06,4132.52,142.052,1746.0,47.15,(-10-2),[21-56-8],Other/Random,28.19,"-1,0,-2","21,-56,-8"
1193,188.226,43.574,148.07,5601.0,124.5,18.0,4.79,(56963),[-10-3514],Other/Random,26.69,"56,9,63","-10,-35,14"
1194,356.102,28.61,42.72,5609.95,141.763,531.0,26.0,(-50-9),[57-3],Other/Random,29.26,"-5,0,-9","5,7,-3"
1195,141.769,27.492,244.04,6438.78,155.592,2448.0,55.83,(-6-5-15),[-6-147],Other/Random,33.42,"-6,-5,-15","-6,-14,7"
1196,203.462,33.124,134.29,7071.88,153.657,2547.0,56.95,(12520),[-18-6328],Other/Random,33.04,"12,5,20","-18,-63,28"
1197,279.45,9.546,112.57,7261.44,165.179,5742.0,85.5,(106),[-40-258],Other/Random,16.1,"1,0,6","-40,-25,8"
1198,4.869,37.83,33.86,8696.31,146.38,1089.0,37.24,(719),[-355624],Other/Random,38.3,"7,1,9","-35,56,24"
1199,344.631,46.917,32.55,9501.06,139.34,927.0,34.36,(727),[3-7-1],Other/Random,24.5,"7,2,7","3,-7,-1"
1200,319.438,39.921,39.34,11687.62,135.064,423.0,23.21,(-45-40-72),[-963-28],Other/Random,28.85,"-45,-40,-72","-9,63,-28"
1201,28.571,49.948,320.07,12375.38,147.79,3420.0,65.99,(-9-5-9),[4-70],Other/Random,29.55,"-9,-5,-9","4,-7,0"
1202,224.276,56.293,132.92,12511.88,132.656,288.0,19.15,(989),[-20165],Other/Random,38.69,"9,8,9","-20,16,5"
1203,164.545,19.99,219.51,12733.27,147.905,2178.0,52.66,(-3-1-9),[-8-205],Other/Random,28.88,"-3,-1,-9","-8,-20,5"
1204,216.594,55.499,136.2,13415.04,140.517,783.0,31.57,(-24-21-28),[-57-1],Other/Random,35.61,"-24,-21,-28","-5,7,-1"
1205,13.822,35.515,327.09,481.02,154.913,2682.0,58.44,(30742),[312-4],Other/Random,25.77,"30,7,42","3,12,-4"
1206,348.294,43.533,350.92,1475.69,164.891,1971.0,50.1,(-40-9-45),[-391],Other/Random,19.33,"-40,-9,-45","-3,9,1"
1207,160.897,44.303,220.95,2606.86,145.547,1152.0,38.3,(-8-3-9),[-2-95],Other/Random,30.36,"-8,-3,-9","-2,-9,5"
1208,317.261,53.943,40.32,3420.43,152.625,2592.0,57.45,(989),[35-5616],Other/Random,35.22,"9,8,9","35,-56,16"
1209,156.428,15.119,225.57,3756.91,156.168,2727.0,58.92,(-9-4-36),[-15-408],Other/Random,26.64,"-9,-4,-36","-15,-40,8"
1210,197.939,39.321,137.14,4917.18,176.767,12290.0,125.07,(28936),[-2-63],Other/Random,32.28,"28,9,36","-2,-6,3"
1211,202.357,11.48,188.43,7338.36,147.947,1368.0,41.73,(9545),[3-50],Other/Random,18.25,"9,5,45","3,-5,0"
1212,6.636,32.523,27.26,8674.18,139.607,504.0,25.33,(45872),[-472],Other/Random,34.32,"45,8,72","-4,7,2"
1213,185.585,9.712,189.06,9639.04,151.519,2187.0,52.77,(106),[1-40],Other/Random,17.56,"1,0,6","1,-4,0"
1214,165.472,36.593,170.96,10501.78,183.995,7785.0,99.56,(-25-7-35),[18-45-5],Other/Random,23.7,"-25,-7,-35","18,-45,-5"
1215,178.629,37.238,211.93,11370.37,156.27,2403.0,55.31,(-30-4),[-32-7227],Other/Random,31.84,"-3,0,-4","-32,-72,27"
1216,180.013,18.375,199.29,11702.66,142.642,477.0,24.64,(103),[3-9-1],Other/Random,26.59,"1,0,3","3,-9,-1"
1217,220.419,58.077,128.41,12521.2,135.0,135.0,13.11,(363542),[-981],Other/Random,40.72,"36,35,42","-9,8,1"
1218,136.741,56.741,220.85,12825.89,155.456,1539.0,44.27,(-8-8-9),[-321],Other/Random,37.21,"-8,-8,-9","-3,2,1"
1219,350.399,35.687,25.07,13337.88,169.498,6291.0,89.5,(-40-7-56),[420-5],Other/Random,20.93,"-40,-7,-56","4,20,-5"
1220,207.163,32.616,172.11,13698.82,187.303,11650.0,121.77,(427),[27-728],Other/Random,24.8,"4,2,7","27,-72,8"
1221,343.956,35.106,34.71,15705.08,149.237,1062.0,36.77,(-10-3-15),[28-3],Other/Random,26.45,"-10,-3,-15","2,8,-3"
1222,303.612,34.839,77.86,15807.17,158.464,6048.0,87.75,(322156),[-21-715],Other/Random,27.36,"32,21,56","-21,-7,15"
1223,194.343,41.238,137.65,231.88,156.71,1863.0,48.7,(541463),[-3-84],Other/Random,33.49,"54,14,63","-3,-8,4"
1224,151.75,10.852,180.09,718.38,164.178,3942.0,70.85,(-3-2-18),[5-90],Other/Random,20.01,"-3,-2,-18","5,-9,0"
1225,187.517,31.712,162.53,1728.0,141.568,999.0,35.66,(45872),[-3-244],Other/Random,18.17,"45,8,72","-3,-24,4"
1226,157.848,50.057,223.53,2355.12,144.865,936.0,34.52,(401845),[-15244],Other/Random,33.08,"40,18,45","-15,24,4"
1227,171.772,42.825,214.46,2415.6,148.438,1314.0,40.9,(-64-9-72),[-3-94],Other/Random,29.16,"-64,-9,-72","-3,-9,4"
1228,181.427,28.569,150.74,2745.1,145.75,540.0,26.22,(509),[-16-369],Other/Random,32.48,"5,0,9","-16,-36,9"
1229,161.35,44.544,180.14,4249.82,149.477,981.0,35.34,(-8-3-9),[1-30],Other/Random,18.56,"-8,-3,-9","1,-3,0"
1230,14.921,37.238,326.28,5246.24,146.52,675.0,29.32,(15420),[1672-27],Other/Random,25.62,"15,4,20","16,72,-27"
1231,240.465,12.371,90.2,5831.69,172.614,3429.0,66.08,(-9-5-45),[3620-9],Other/Random,19.94,"-9,-5,-45","36,20,-9"
1232,156.34,47.42,221.97,6239.32,151.629,630.0,28.32,(-9-4-9),[-1-74],Other/Random,30.65,"-9,-4,-9","-1,-7,4"
1233,204.863,34.743,138.54,6794.91,162.853,3483.0,66.59,(351656),[-7-3515],Other/Random,29.0,"35,16,56","-7,-35,15"
1234,17.097,46.027,321.03,8813.58,157.875,1872.0,48.82,(727),[418-9],Other/Random,29.54,"7,2,7","4,18,-9"
1235,29.866,43.394,350.22,8892.43,131.571,63.0,8.96,(15818),[-2456-7],Other/Random,23.88,"15,8,18","-24,56,-7"
1236,211.186,45.716,129.97,10085.94,169.093,3951.0,70.93,(634072),[-3-2114],Other/Random,35.39,"63,40,72","-3,-21,14"
1237,208.38,11.67,113.16,10406.67,163.671,3312.0,64.94,(001),[110],Rotated Cube {001}<110>,13.37,"0,0,1","1,1,0"
1238,155.996,37.518,227.59,10728.1,168.509,3501.0,66.77,(-15-7-21),[-4-147],Other/Random,34.06,"-15,-7,-21","-4,-14,7"
1239,162.527,41.549,222.37,11252.97,154.5,756.0,31.03,(-24-7-28),[-4-147],Other/Random,32.05,"-24,-7,-28","-4,-14,7"
1240,303.726,18.996,69.52,14203.05,136.696,207.0,16.23,(10735),[-9-23],Other/Random,23.12,"10,7,35","-9,-2,3"
1241,157.04,8.909,226.78,14239.52,157.732,639.0,28.52,(-9-7-63),[-24-567],Other/Random,22.96,"-9,-7,-63","-24,-56,7"
1242,335.151,29.068,12.24,15000.26,155.245,1287.0,40.48,(-9-4-18),[-936-4],Other/Random,22.98,"-9,-4,-18","-9,36,-4"
1243,309.93,12.661,79.04,15691.5,129.0,18.0,4.79,(7642),[-36-209],Other/Random,20.4,"7,6,42","-36,-20,9"
1244,130.912,50.291,222.45,15927.36,164.292,5112.0,80.68,(879),[24-8-15],Other/Random,35.86,"8,7,9","24,-8,-15"
1245,350.63,26.346,25.35,16187.46,164.495,3960.0,71.01,(-9-2-18),[520-4],Other/Random,26.15,"-9,-2,-18","5,20,-4"
1246,58.977,13.36,277.46,658.69,172.238,4581.0,76.37,(-8-5-40),[-28-127],Other/Random,25.22,"-8,-5,-40","-28,-12,7"
1247,295.748,41.129,52.18,2106.65,190.031,10930.0,117.95,(562772),[-24916],Other/Random,25.95,"56,27,72","-24,9,16"
1248,220.062,12.15,116.84,3807.59,154.311,1998.0,50.44,(7642),[-15-357],Other/Random,25.01,"7,6,42","-15,-35,7"
1249,169.702,19.586,168.5,3836.7,147.18,450.0,23.94,(-3-1-9),[27-72-8],Other/Random,29.23,"-3,-1,-9","27,-72,-8"
1250,177.636,21.385,166.65,4164.53,152.118,1071.0,36.93,(-20-5),[9-36-4],Other/Random,26.48,"-2,0,-5","9,-36,-4"
1251,182.285,32.347,138.47,4737.99,170.475,4887.0,78.88,(508),[-6-94],Other/Random,32.84,"5,0,8","-6,-9,4"
1252,202.57,33.535,139.63,5914.45,176.175,5859.0,86.37,(12520),[-10-4518],Other/Random,29.02,"12,5,20","-10,-45,18"
1253,184.458,45.482,133.29,6893.01,160.377,3825.0,69.79,(-9-1-9),[-405635],Other/Random,43.68,"-9,-1,-9","-40,56,35"
1254,356.529,15.189,338.97,8923.55,158.004,2169.0,52.55,(-20-7),[-491],Other/Random,25.46,"-2,0,-7","-4,9,1"
1255,335.203,21.902,20.66,9182.96,165.246,549.0,26.44,(-9-4-24),[-872-9],Other/Random,22.28,"-9,-4,-24","-8,72,-9"
1256,53.378,21.185,298.32,9216.66,165.557,3249.0,64.32,(-3-2-9),[-9-13],Other/Random,22.74,"-3,-2,-9","-9,-1,3"
1257,200.404,49.225,142.12,9449.5,164.895,3348.0,65.29,(-64-27-72),[-591],Other/Random,28.42,"-64,-27,-72","-5,9,1"
1258,211.302,50.954,144.71,9595.83,154.81,1611.0,45.29,(-5-3-5),[-48-1],Other/Random,27.61,"-5,-3,-5","-4,8,-1"
1259,164.162,49.216,218.58,9769.93,155.384,1710.0,46.66,(561863),[-25459],Other/Random,30.32,"56,18,63","-25,45,9"
1260,225.277,56.212,126.51,11227.31,156.837,1323.0,41.04,(-9-8-9),[-9-5663],Other/Random,36.5,"-9,-8,-9","-9,-56,63"
1261,332.365,51.812,39.13,11394.0,133.5,18.0,4.79,(16918),[4-70],Other/Random,29.76,"16,9,18","4,-7,0"
1262,192.438,38.874,133.35,11647.5,132.0,36.0,6.77,(14318),[-7-148],Other/Random,38.71,"14,3,18","-7,-14,8"
1263,73.275,5.161,313.16,11670.93,152.743,1260.0,40.05,(-10-9),[-1892],Other/Random,19.26,"-1,0,-9","-18,9,2"
1264,24.885,49.335,322.4,11821.05,179.908,3519.0,66.94,(-9-4-9),[1-20],Other/Random,27.68,"-9,-4,-9","1,-2,0"
1265,157.693,39.163,227.32,12006.62,170.696,6741.0,92.64,(-21-8-28),[-3-95],Other/Random,34.47,"-21,-8,-28","-3,-9,5"
1266,26.313,44.979,315.29,12331.2,139.0,135.0,13.11,(849),[17-4],Other/Random,31.78,"8,4,9","1,7,-4"
1267,314.319,53.069,43.49,13959.34,143.282,639.0,28.52,(989),[-21614],Other/Random,37.06,"9,8,9","-21,6,14"
1268,329.261,41.344,55.14,14532.5,166.014,3888.0,70.36,(-27-16-36),[621-14],Other/Random,38.61,"-27,-16,-36","6,21,-14"
1269,326.184,26.741,20.46,15343.37,149.328,1125.0,37.85,(-3-2-7),[-1242-7],Other/Random,27.43,"-3,-2,-7","-12,42,-7"
1270,7.523,19.185,0.29,16222.04,149.96,675.0,29.32,(103),[-170],Other/Random,20.7,"1,0,3","-1,7,0"
1271,17.036,40.24,321.76,1862.8,152.9,270.0,18.54,(16520),[936-16],Other/Random,28.46,"16,5,20","9,36,-16"
1272,10.774,7.437,20.19,6012.96,156.741,1494.0,43.61,(108),[-350],Other/Random,15.88,"1,0,8","-3,5,0"
1273,168.919,43.108,217.99,6708.66,185.961,4815.0,78.3,(-16-3-18),[-2-63],Other/Random,31.02,"-16,-3,-18","-2,-6,3"
1274,206.083,22.941,127.45,6972.07,148.304,828.0,32.47,(15840),[-32-7227],Other/Random,29.41,"15,8,40","-32,-72,27"
1275,171.421,6.021,148.93,7007.33,162.095,2286.0,53.95,(001),[110],Rotated Cube {001}<110>,8.05,"0,0,1","1,1,0"
1276,215.09,53.86,139.11,7502.77,151.188,1386.0,42.01,(-56-45-63),[-3556-8],Other/Random,32.83,"-56,-45,-63","-35,56,-8"
1277,2.223,38.545,334.3,8972.71,154.846,1287.0,40.48,(405),[721-6],Other/Random,24.92,"4,0,5","7,21,-6"
1278,19.028,40.772,318.55,11445.72,163.925,1431.0,42.68,(281035),[14-2],Other/Random,30.56,"28,10,35","1,4,-2"
1279,310.299,38.09,41.71,12136.21,166.441,3222.0,64.05,(6510),[-36916],Other/Random,32.29,"6,5,10","-36,9,16"
1280,151.177,24.847,233.83,12762.23,140.538,117.0,12.21,(-18-10-45),[-2-52],Other/Random,31.79,"-18,-10,-45","-2,-5,2"
1281,231.384,53.514,134.36,13783.97,174.821,3420.0,65.99,(545),[63-8],Other/Random,35.28,"5,4,5","6,3,-8"
1282,334.967,43.306,47.84,14365.45,168.94,2097.0,51.67,(-30-14-35),[520-12],Other/Random,34.38,"-30,-14,-35","5,20,-12"
1283,0.431,33.929,15.14,16427.56,156.55,1080.0,37.08,(203),[-14639],Other/Random,19.01,"2,0,3","-14,63,9"
1284,170.139,35.75,216.91,373.62,156.077,1764.0,47.39,(-40-7-56),[-2-52],Other/Random,31.39,"-40,-7,-56","-2,-5,2"
1285,162.385,44.894,223.4,2724.86,170.959,3321.0,65.03,(-7-2-7),[-2-74],Other/Random,33.23,"-7,-2,-7","-2,-7,4"
1286,168.264,19.136,163.84,2964.47,164.183,2016.0,50.66,(-3-1-9),[9-18-2],Other/Random,25.61,"-3,-1,-9","9,-18,-2"
1287,178.811,11.611,142.77,3006.34,163.493,1827.0,48.23,(001),[110],Rotated Cube {001}<110>,13.34,"0,0,1","1,1,0"
1288,22.542,5.448,354.59,3390.0,145.2,180.0,15.14,(109),[-270],Other/Random,17.97,"1,0,9","-2,7,0"
1289,222.994,36.277,126.5,4195.13,159.111,1458.0,43.09,(10918),[-1-95],Other/Random,31.2,"10,9,18","-1,-9,5"
1290,206.788,12.333,131.82,5467.33,149.026,693.0,29.7,(9545),[-9-244],Other/Random,24.66,"9,5,45","-9,-24,4"
1291,86.861,2.149,246.7,5499.12,159.924,1782.0,47.63,(00-1),[-2-10],Other/Random,18.68,"0,0,-1","-2,-1,0"
1292,358.511,16.834,16.14,7586.73,165.308,2106.0,51.78,(-20-7),[936-4],Other/Random,22.28,"-2,0,-7","9,36,-4"
1293,176.196,32.155,217.23,7837.88,179.815,5706.0,85.24,(-50-8),[-25-4518],Other/Random,34.12,"-5,0,-8","-25,-45,18"
1294,212.5,21.92,113.18,8066.04,179.376,4671.0,77.12,(329),[-35-5624],Other/Random,24.35,"3,2,9","-35,-56,24"
1295,346.19,26.965,49.52,8885.87,168.797,576.0,27.08,(-4-1-8),[3556-24],Other/Random,28.49,"-4,-1,-8","35,56,-24"
1296,168.581,42.585,221.1,10821.65,173.993,3672.0,68.38,(-16-3-18),[-18-4525],Other/Random,33.84,"-16,-3,-18","-18,-45,25"
1297,332.563,52.039,38.89,11399.12,148.235,153.0,13.96,(748),[4-70],Other/Random,29.69,"7,4,8","4,-7,0"
1298,223.226,50.015,139.39,12472.5,146.769,234.0,17.26,(353240),[5-2012],Other/Random,33.56,"35,32,40","5,-20,12"
1299,171.793,30.921,206.85,12798.86,159.233,1044.0,36.46,(-27-5-45),[-8-287],Other/Random,25.17,"-27,-5,-45","-8,-28,7"
1300,326.421,49.268,45.17,13443.05,159.446,1575.0,44.78,(-8-5-8),[08-5],Other/Random,33.0,"-8,-5,-8","0,8,-5"
1301,6.115,25.482,8.35,13505.91,169.748,3753.0,69.13,(102),[-9364],Other/Random,23.89,"1,0,2","-9,36,4"
1302,187.479,41.508,133.23,15989.94,164.432,1665.0,46.04,(63872),[-24-4025],Other/Random,41.76,"63,8,72","-24,-40,25"
1303,307.974,24.807,73.89,16769.61,149.053,855.0,32.99,(211656),[-72-2732],Other/Random,32.87,"21,16,56","-72,-27,32"
1304,332.123,43.795,54.45,963.87,179.405,5535.0,83.95,(-54-28-63),[721-15],Other/Random,39.31,"-54,-28,-63","7,21,-15"
1305,328.349,52.328,48.08,2854.57,152.283,414.0,22.96,(644572),[5-70],Other/Random,36.31,"64,45,72","5,-7,0"
1306,156.541,44.426,178.39,4279.24,173.346,2313.0,54.27,(-40-18-45),[4-90],Other/Random,24.64,"-40,-18,-45","4,-9,0"
1307,38.326,54.131,323.15,6472.89,164.831,1116.0,37.7,(-40-36-45),[16-287],Other/Random,32.27,"-40,-36,-45","16,-28,7"
1308,337.853,17.748,36.85,7543.29,159.691,1368.0,41.73,(-16-7-56),[520-4],Other/Random,23.01,"-16,-7,-56","5,20,-4"
1309,358.676,10.682,330.3,7788.49,159.818,891.0,33.68,(-10-5),[-27455],Other/Random,17.57,"-1,0,-5","-27,45,5"
1310,346.63,4.955,27.93,8203.92,164.437,2061.0,51.23,(-10-9),[140],Other/Random,15.38,"-1,0,-9","1,4,0"
1311,200.281,29.578,124.53,9827.97,155.7,990.0,35.5,(25945),[-6-105],Other/Random,31.13,"25,9,45","-6,-10,5"
1312,240.008,15.256,108.14,9877.03,147.281,288.0,19.15,(-7-4-28),[204-5],Other/Random,19.3,"-7,-4,-28","20,4,-5"
1313,224.906,48.254,124.67,11053.09,187.922,4131.0,72.52,(445),[0-97],Other/Random,32.63,"4,4,5","0,-9,7"
1314,224.012,50.766,129.7,11071.12,160.886,630.0,28.32,(494856),[4-3627],Other/Random,35.0,"49,48,56","4,-36,27"
1315,134.356,41.353,236.45,12698.57,173.809,2538.0,56.85,(558),[30-2],Other/Random,30.14,"5,5,8","3,0,-2"
1316,187.728,16.668,197.92,12772.57,157.602,792.0,31.76,(207),[4-9-1],Other/Random,25.49,"2,0,7","4,-9,-1"
1317,190.279,19.921,183.63,12991.0,142.0,27.0,5.86,(27872),[1-40],Other/Random,24.26,"27,8,72","1,-4,0"
1318,27.481,27.418,314.22,13933.29,145.286,63.0,8.96,(16936),[28-3],Other/Random,32.87,"16,9,36","2,8,-3"
1319,28.833,46.214,328.09,14219.77,165.254,1278.0,40.34,(16918),[-763-27],Other/Random,23.51,"16,9,18","-7,63,-27"
1320,204.019,32.19,124.34,904.58,159.5,324.0,20.31,(16728),[-9-1810],Other/Random,34.78,"16,7,28","-9,-18,10"
1321,290.189,9.514,52.41,1286.73,181.573,3915.0,70.6,(3218),[-2173],Other/Random,19.81,"3,2,18","-21,7,3"
1322,183.026,44.614,167.06,1695.04,165.101,1341.0,41.32,(110),[001],Goss {110}<001>,11.01,"1,1,0","0,0,1"
1323,154.096,49.537,222.16,2634.47,161.876,873.0,33.34,(212),[-27455],Other/Random,31.13,"2,1,2","-27,45,5"
1324,188.437,17.548,173.18,2805.39,157.258,279.0,18.85,(103),[0-10],Other/Random,17.62,"1,0,3","0,-1,0"
1325,163.698,30.107,180.08,2829.29,158.135,936.0,34.52,(-10-3-18),[2-70],Other/Random,22.0,"-10,-3,-18","2,-7,0"
1326,216.353,26.19,127.84,4338.86,172.764,3321.0,65.03,(141035),[-16-7227],Other/Random,30.52,"14,10,35","-16,-72,27"
1327,190.503,47.008,148.8,4793.98,178.945,2943.0,61.21,(-5-1-5),[-276314],Other/Random,25.12,"-5,-1,-5","-27,63,14"
1328,199.988,27.163,195.6,6159.12,193.658,9837.0,111.91,(316),[14-21-3],Other/Random,28.72,"3,1,6","14,-21,-3"
1329,179.33,36.132,211.44,6747.66,170.64,1800.0,47.87,(-50-7),[-4-83],Other/Random,32.15,"-5,0,-7","-4,-8,3"
1330,175.361,40.156,212.86,7171.98,170.565,2853.0,60.27,(-15-2-18),[-2-52],Other/Random,29.99,"-15,-2,-18","-2,-5,2"
1331,228.14,46.944,116.42,10872.35,184.733,3303.0,64.85,(-28-25-35),[728-63],Other/Random,30.01,"-28,-25,-35","72,8,-63"
1332,239.223,48.546,128.74,11093.79,176.101,2133.0,52.11,(-7-4-7),[72-27-56],Other/Random,28.41,"-7,-4,-7","72,-27,-56"
1333,101.139,43.066,235.36,11137.42,183.134,3825.0,69.79,(16318),[40-25-32],Other/Random,27.77,"16,3,18","40,-25,-32"
1334,205.301,39.123,136.41,11409.11,177.448,2349.0,54.69,(9412),[-2-105],Other/Random,30.34,"9,4,12","-2,-10,5"
1335,278.397,5.279,41.22,12335.63,181.438,3285.0,64.67,(001),[110],Rotated Cube {001}<110>,7.01,"0,0,1","1,1,0"
1336,277.633,4.549,56.27,12526.66,190.219,4563.0,76.22,(109),[-1892],Other/Random,19.44,"1,0,9","-18,9,2"
1337,196.201,23.479,184.74,12985.69,166.183,1872.0,48.82,(24756),[3-80],Other/Random,29.54,"24,7,56","3,-8,0"
1338,195.492,34.401,149.06,13829.2,176.293,2367.0,54.9,(416),[-7-3510],Other/Random,23.77,"4,1,6","-7,-35,10"
1339,190.841,6.867,127.64,14193.0,156.675,720.0,30.28,(001),[110],Rotated Cube {001}<110>,7.7,"0,0,1","1,1,0"
1340,310.283,29.438,68.53,15459.91,179.59,3816.0,69.7,(242156),[-63-1835],Other/Random,30.41,"24,21,56","-63,-18,35"
1341,349.568,30.233,43.7,16653.57,167.094,477.0,24.64,(-36-7-63),[3563-27],Other/Random,32.38,"-36,-7,-63","35,63,-27"
1342,185.824,21.407,171.4,16690.67,172.067,3240.0,64.23,(205),[0-10],Other/Random,21.58,"2,0,5","0,-1,0"
1343,267.764,6.271,115.1,334.63,152.829,315.0,20.03,(-10-9),[63-27-7],Other/Random,23.0,"-1,0,-9","63,-27,-7"
1344,2.561,44.445,358.9,2525.93,186.32,6327.0,89.75,(110),[001],Goss {110}<001>,2.02,"1,1,0","0,0,1"
1345,37.996,43.14,320.71,2584.79,158.838,333.0,20.59,(211628),[-18-4],Other/Random,28.6,"21,16,28","-1,8,-4"
1346,304.422,18.424,41.93,2889.5,161.761,1692.0,46.41,(10735),[-631814],Other/Random,22.89,"10,7,35","-63,18,14"
1347,182.725,27.39,198.05,4446.0,148.5,36.0,6.77,(102),[7-21-3],Other/Random,26.84,"1,0,2","7,-21,-3"
1348,218.842,19.776,126.91,4486.04,196.715,10270.0,114.35,(181463),[-14-6318],Other/Random,24.33,"18,14,63","-14,-63,18"
1349,138.961,53.419,214.91,5263.8,148.8,90.0,10.7,(878),[-59-3],Other/Random,32.64,"8,7,8","-5,9,-3"
1350,69.345,26.479,249.3,5539.75,167.157,1665.0,46.04,(-8-3-18),[-8-85],Other/Random,26.72,"-8,-3,-18","-8,-8,5"
1351,39.782,19.18,300.49,5967.31,163.276,783.0,31.57,(9836),[13-1],Other/Random,27.45,"9,8,36","1,3,-1"
1352,314.105,32.332,54.2,6835.5,154.826,414.0,22.96,(449),[-18-29],Other/Random,29.66,"4,4,9","-18,-2,9"
1353,321.817,17.3,62.76,7307.72,179.281,1314.0,40.9,(-5-4-20),[37-2],Other/Random,26.71,"-5,-4,-20","3,7,-2"
1354,28.868,15.692,311.52,8875.43,164.921,684.0,29.51,(7428),[39-2],Other/Random,25.07,"7,4,28","3,9,-2"
1355,178.556,17.009,204.61,10234.22,157.781,576.0,27.08,(-20-7),[-16-405],Other/Random,27.61,"-2,0,-7","-16,-40,5"
1356,257.973,35.416,73.88,11483.27,177.729,2520.0,56.64,(-5-1-7),[7245-56],Other/Random,28.13,"-5,-1,-7","72,45,-56"
1357,222.758,4.696,116.28,12672.0,151.125,72.0,9.57,(119),[-27-728],Other/Random,21.48,"1,1,9","-27,-72,8"
1358,5.201,45.207,321.45,12847.52,169.681,819.0,32.29,(-9-1-9),[5-9-4],Other/Random,35.07,"-9,-1,-9","5,-9,-4"
1359,186.648,34.115,191.97,12940.16,173.89,1476.0,43.35,(619),[16-56-7],Other/Random,20.69,"6,1,9","16,-56,-7"
1360,234.177,1.905,163.35,15387.82,169.926,2916.0,60.93,(001),[110],Rotated Cube {001}<110>,7.71,"0,0,1","1,1,0"
1361,10.913,41.213,323.87,16082.75,184.096,6975.0,94.24,(36742),[39-4],Other/Random,29.34,"36,7,42","3,9,-4"
1362,5.265,44.024,328.29,807.95,188.48,3996.0,71.33,(919),[515-6],Other/Random,28.21,"9,1,9","5,15,-6"
1363,26.703,39.761,309.67,917.17,166.724,783.0,31.57,(638),[1035-21],Other/Random,35.56,"6,3,8","10,35,-21"
1364,212.0,49.3,130.05,3368.44,168.447,1449.0,42.95,(858),[-7-6345],Other/Random,36.42,"8,5,8","-7,-63,45"
1365,197.911,36.743,131.88,3547.83,173.906,2007.0,50.55,(451463),[-4-95],Other/Random,37.25,"45,14,63","-4,-9,5"
1366,179.993,35.615,153.31,4103.0,154.0,54.0,8.29,(-50-7),[14-35-10],Other/Random,28.27,"-5,0,-7","14,-35,-10"
1367,159.671,41.418,184.79,5270.65,154.059,153.0,13.96,(-35-12-42),[18-637],Other/Random,17.52,"-35,-12,-42","18,-63,7"
1368,178.967,16.54,163.86,5647.23,172.259,3087.0,62.69,(-20-7),[18-63-7],Other/Random,23.8,"-2,0,-7","18,-63,-7"
1369,93.591,5.861,233.8,6947.78,185.323,2952.0,61.31,(001),[110],Rotated Cube {001}<110>,13.7,"0,0,1","1,1,0"
1370,90.758,32.23,300.98,8663.7,156.0,90.0,10.7,(508),[5640-35],Other/Random,34.0,"5,0,8","56,40,-35"
1371,11.335,23.971,334.66,8771.07,199.763,9081.0,107.53,(27763),[418-3],Other/Random,26.97,"27,7,63","4,18,-3"
1372,313.692,42.677,63.64,9505.28,168.95,1080.0,37.08,(161524),[-18-314],Other/Random,30.52,"16,15,24","-18,-3,14"
1373,148.758,51.697,226.07,9849.92,177.503,3330.0,65.11,(402745),[-230],Other/Random,34.59,"40,27,45","-2,3,0"
1374,200.933,50.79,137.75,10133.67,190.642,3618.0,67.87,(-7-3-8),[-15244],Other/Random,32.52,"-7,-3,-8","-15,24,4"
1375,240.254,46.693,110.19,10696.37,186.017,1638.0,45.67,(-16-9-18),[90-8],Other/Random,21.3,"-16,-9,-18","9,0,-8"
1376,149.159,46.487,223.69,10759.75,163.744,387.0,22.2,(-8-5-9),[0-74],Other/Random,30.95,"-8,-5,-9","0,-7,4"
1377,27.819,40.469,316.69,11768.23,183.66,2700.0,58.63,(15820),[214-7],Other/Random,29.69,"15,8,20","2,14,-7"
1378,18.319,48.282,322.46,12279.52,159.13,207.0,16.23,(-8-3-9),[7-14-2],Other/Random,28.36,"-8,-3,-9","7,-14,-2"
1379,189.924,19.769,186.12,13008.75,156.25,108.0,11.73,(319),[2-70],Other/Random,25.41,"3,1,9","2,-7,0"
1380,176.68,30.527,209.06,13191.6,151.8,45.0,7.57,(-30-5),[-14-3510],Other/Random,30.12,"-3,0,-5","-14,-35,10"
1381,216.401,51.456,138.67,13896.61,188.451,6300.0,89.56,(-4-3-4),[-2135-5],Other/Random,32.16,"-4,-3,-4","-21,35,-5"
1382,124.254,51.14,238.35,16738.02,169.418,990.0,35.5,(-3-2-3),[163-18],Other/Random,27.29,"-3,-2,-3","16,3,-18"
1383,232.347,51.257,132.22,17001.16,197.552,6201.0,88.86,(-4-3-4),[12-4-9],Other/Random,32.83,"-4,-3,-4","12,-4,-9"
1384,344.073,32.724,347.81,591.38,180.301,3321.0,65.03,(-15-4-24),[-481],Other/Random,29.22,"-15,-4,-24","-4,8,1"
1385,326.449,47.303,54.9,1756.72,175.554,1008.0,35.82,(-40-27-45),[945-35],Other/Random,39.34,"-40,-27,-45","9,45,-35"
1386,180.37,14.33,209.29,2170.9,171.132,612.0,27.91,(104),[35-63-9],Other/Random,20.96,"1,0,4","35,-63,-9"
1387,336.498,37.878,43.53,3175.0,178.64,1350.0,41.46,(-15-7-21),[14-2],Other/Random,30.8,"-15,-7,-21","1,4,-2"
1388,232.02,45.543,124.02,3225.45,191.124,5301.0,82.15,(-32-25-40),[36-4-27],Other/Random,27.57,"-32,-25,-40","36,-4,-27"
1389,334.027,23.631,46.7,3455.44,183.897,1836.0,48.35,(-2-1-5),[13-1],Other/Random,31.34,"-2,-1,-5","1,3,-1"
1390,206.537,28.138,136.56,3984.54,159.964,252.0,17.91,(214),[-3-124],Other/Random,31.42,"2,1,4","-3,-12,4"
1391,46.012,22.158,274.46,4387.51,174.78,1593.0,45.04,(-2-2-7),[-10-85],Other/Random,22.82,"-2,-2,-7","-10,-8,5"
1392,134.15,41.147,205.49,4441.2,155.4,45.0,7.57,(252440),[6-3-2],Other/Random,32.28,"25,24,40","6,-3,-2"
1393,160.353,23.309,174.83,5026.9,227.493,17720.0,150.21,(-14-5-35),[4-90],Other/Random,30.74,"-14,-5,-35","4,-9,0"
1394,32.255,13.022,346.6,7112.43,165.529,612.0,27.91,(8540),[-130],Other/Random,22.88,"8,5,40","-1,3,0"
1395,199.332,25.257,183.82,7355.51,174.879,1044.0,36.46,(8318),[3-70],Other/Random,29.93,"8,3,18","3,-7,0"
1396,173.671,43.041,207.46,8156.83,172.963,1458.0,43.09,(-8-1-9),[-3-124],Other/Random,23.4,"-8,-1,-9","-3,-12,4"
1397,352.111,16.554,350.4,8992.5,153.0,18.0,4.79,(-20-7),[-270],Other/Random,24.04,"-2,0,-7","-2,7,0"
1398,57.312,40.185,311.69,9014.07,177.252,2250.0,53.52,(-45-28-63),[-724],Other/Random,28.28,"-45,-28,-63","-7,2,4"
1399,337.685,52.44,49.77,9312.58,173.007,1386.0,42.01,(251230),[28-36-9],Other/Random,39.27,"25,12,30","28,-36,-9"
1400,37.473,44.074,306.51,9343.44,170.59,1053.0,36.62,(352745),[19-6],Other/Random,36.24,"35,27,45","1,9,-6"
1401,333.27,50.211,39.75,9380.71,208.196,7047.0,94.72,(16918),[4-70],Other/Random,29.52,"16,9,18","4,-7,0"
1402,226.372,32.331,123.06,10787.35,161.217,207.0,16.23,(-4-4-9),[182-9],Other/Random,29.46,"-4,-4,-9","18,2,-9"
1403,184.537,31.238,188.14,12279.59,169.987,693.0,29.7,(305),[9-45-5],Other/Random,18.28,"3,0,5","9,-45,-5"
1404,221.772,52.436,133.87,12465.0,156.0,27.0,5.86,(878),[7-4230],Other/Random,36.41,"8,7,8","7,-42,30"
1405,126.269,53.325,223.42,13161.14,175.763,2160.0,52.44,(-32-27-36),[4528-63],Other/Random,36.0,"-32,-27,-36","45,28,-63"
1406,171.852,26.121,209.86,13204.5,164.526,342.0,20.87,(-9-2-18),[-4-123],Other/Random,30.13,"-9,-2,-18","-4,-12,3"
1407,152.178,49.89,219.75,13402.24,176.311,1332.0,41.18,(212),[-590],Other/Random,29.39,"2,1,2","-5,9,0"
1408,26.003,9.816,351.73,13967.57,184.94,3312.0,64.94,(3218),[-130],Other/Random,20.25,"3,2,18","-1,3,0"
1409,24.271,26.12,357.44,15312.88,183.988,3663.0,68.29,(20945),[-250],Other/Random,29.07,"20,9,45","-2,5,0"
1410,357.785,31.1,329.94,16296.56,184.764,4086.0,72.13,(-30-5),[-356318],Other/Random,33.54,"-3,0,-5","-35,63,18"
1411,141.418,32.783,233.44,16912.72,159.429,126.0,12.67,(-5-4-10),[-1-63],Other/Random,33.89,"-5,-4,-10","-1,-6,3"
1412,232.062,53.255,137.02,17177.66,183.861,3483.0,66.59,(979),[53-7],Other/Random,36.46,"9,7,9","5,3,-7"
1413,217.736,43.847,144.3,17230.0,165.613,837.0,32.65,(151220),[3-188],Other/Random,27.44,"15,12,20","3,-18,8"
1414,228.627,54.576,138.92,17257.6,169.688,576.0,27.08,(878),[106-15],Other/Random,38.65,"8,7,8","10,6,-15"
1415,22.825,13.111,307.52,389.42,174.205,792.0,31.76,(219),[2545-9],Other/Random,20.16,"2,1,9","25,45,-9"
1416,358.876,42.51,345.1,1727.83,174.344,1098.0,37.39,(-80-9),[-4183],Other/Random,15.93,"-8,0,-9","-4,18,3"
1417,158.42,40.939,214.38,2363.88,177.754,1791.0,47.75,(-12-5-15),[-5-4518],Other/Random,23.9,"-12,-5,-15","-5,-45,18"
1418,151.406,49.95,220.73,3088.5,175.355,558.0,26.65,(959),[-470],Other/Random,30.1,"9,5,9","-4,7,0"
1419,168.667,41.183,173.53,4423.21,171.911,1008.0,35.82,(-36-7-42),[18-63-7],Other/Random,17.08,"-36,-7,-42","18,-63,-7"
1420,304.998,25.649,51.13,4831.74,167.7,450.0,23.94,(141035),[-813],Other/Random,25.93,"14,10,35","-8,1,3"
1421,54.213,53.539,305.86,5426.4,183.204,2115.0,51.89,(564563),[-32-936],Other/Random,30.57,"56,45,63","-32,-9,36"
1422,321.209,43.479,62.18,5447.47,165.118,459.0,24.17,(-15-12-20),[1035-28],Other/Random,36.5,"-15,-12,-20","10,35,-28"
1423,178.977,32.696,205.85,7136.58,180.442,1404.0,42.28,(-50-8),[-3-82],Other/Random,27.87,"-5,0,-8","-3,-8,2"
1424,163.698,4.988,217.89,7213.43,182.222,1422.0,42.55,(-10-9),[-18-455],Other/Random,22.15,"-1,0,-9","-18,-45,5"
1425,174.649,29.388,148.29,8292.15,186.785,2853.0,60.27,(-50-9),[2-3-1],Other/Random,30.42,"-5,0,-9","2,-3,-1"
1426,0.302,35.053,350.32,8673.65,179.938,1728.0,46.91,(110),[001],Goss {110}<001>,13.71,"1,1,0","0,0,1"
1427,328.72,31.435,60.05,8742.95,171.2,540.0,26.22,(-3-2-6),[49-5],Other/Random,35.28,"-3,-2,-6","4,9,-5"
1428,193.531,25.434,145.13,9544.03,188.267,3609.0,67.79,(419),[-4-123],Other/Random,31.49,"4,1,9","-4,-12,3"
1429,216.821,51.356,129.55,10242.11,206.283,6210.0,88.92,(-4-3-4),[-340],Other/Random,37.56,"-4,-3,-4","-3,4,0"
1430,211.742,14.715,131.6,10772.4,157.2,45.0,7.57,(14963),[-10-357],Other/Random,22.19,"14,9,63","-10,-35,7"
1431,280.095,34.504,94.43,11537.1,194.0,4617.0,76.67,(16324),[-7-25],Other/Random,17.33,"16,3,24","-7,-2,5"
1432,188.353,29.791,153.92,11936.64,185.705,2835.0,60.08,(36763),[-9-368],Other/Random,25.08,"36,7,63","-9,-36,8"
1433,312.337,52.445,46.67,12205.12,213.404,11450.0,120.73,(878),[-28720],Other/Random,35.36,"8,7,8","-28,7,20"
1434,111.703,48.806,224.98,12476.67,164.0,405.0,22.71,(-40-18-45),[4945-63],Other/Random,34.1,"-40,-18,-45","49,45,-63"
1435,234.429,44.961,140.12,12497.78,165.375,360.0,21.41,(-28-20-35),[9-4-5],Other/Random,34.86,"-28,-20,-35","9,-4,-5"
1436,325.741,58.341,45.66,13207.95,196.576,2862.0,60.37,(9812),[7-91],Other/Random,37.94,"9,8,12","7,-9,1"
1437,120.542,11.234,251.11,16809.85,198.363,3573.0,67.45,(3218),[51-1],Other/Random,16.17,"3,2,18","5,1,-1"
1438,115.99,48.931,220.75,330.67,179.564,1485.0,43.48,(-2-1-2),[22-3],Other/Random,36.68,"-2,-1,-2","2,2,-3"
1439,211.447,45.647,132.74,1953.72,186.94,3618.0,67.87,(634072),[-8-7245],Other/Random,33.24,"63,40,72","-8,-72,45"
1440,321.977,56.364,40.99,1998.08,176.961,693.0,29.7,(151418),[6-92],Other/Random,35.07,"15,14,18","6,-9,2"
1441,329.563,52.564,50.07,3109.46,166.865,333.0,20.59,(402745),[7-9-1],Other/Random,37.98,"40,27,45","7,-9,-1"
1442,192.937,37.639,136.21,3872.46,210.257,8424.0,103.57,(9212),[-8-189],Other/Random,35.79,"9,2,12","-8,-18,9"
1443,308.346,56.696,37.39,3964.51,200.606,4590.0,76.45,(-25-24-30),[-6-59],Other/Random,41.1,"-25,-24,-30","-6,-5,9"
1444,213.492,22.767,138.76,4009.28,171.0,675.0,29.32,(329),[-4-369],Other/Random,24.03,"3,2,9","-4,-36,9"
1445,201.593,18.68,141.09,4106.22,179.931,2340.0,54.58,(8324),[-18-6314],Other/Random,25.42,"8,3,24","-18,-63,14"
1446,206.467,2.945,178.17,4227.39,180.352,1611.0,45.29,(001),[4-90],Other/Random,20.57,"0,0,1","4,-9,0"
1447,83.056,46.5,315.79,5254.68,216.712,7020.0,94.54,(818),[-49-6354],Other/Random,41.26,"8,1,8","-49,-63,54"
1448,194.095,24.008,145.42,5276.38,169.655,783.0,31.57,(27763),[-4-123],Other/Random,31.46,"27,7,63","-4,-12,3"
1449,167.125,43.184,213.96,6524.7,165.9,90.0,10.7,(-40-9-45),[-14-6327],Other/Random,26.3,"-40,-9,-45","-14,-63,27"
1450,216.125,39.221,117.24,7394.59,194.917,3564.0,67.36,(436),[-21-5640],Other/Random,38.37,"4,3,6","-21,-56,40"
1451,356.631,35.988,349.02,8478.6,181.397,1314.0,40.9,(-50-7),[-291],Other/Random,16.41,"-5,0,-7","-2,9,1"
1452,45.322,46.822,318.34,9988.69,177.156,1215.0,39.33,(-3-3-4),[-28716],Other/Random,33.45,"-3,-3,-4","-28,7,16"
1453,199.299,31.028,143.65,10186.19,234.833,7875.0,100.13,(20735),[-2-93],Other/Random,27.71,"20,7,35","-2,-9,3"
1454,183.554,26.418,163.78,10451.0,161.5,54.0,8.29,(102),[-8-405],Other/Random,22.9,"1,0,2","-8,-40,5"
1455,224.843,25.453,124.44,10778.32,181.446,990.0,35.5,(113),[-8-5621],Other/Random,27.58,"1,1,3","-8,-56,21"
1456,55.9,57.192,325.92,11711.08,205.583,6516.0,91.08,(769),[-14-1521],Other/Random,44.34,"7,6,9","-14,-15,21"
1457,159.981,16.782,222.56,12409.64,187.147,2331.0,54.48,(-18-7-63),[-18-4510],Other/Random,27.97,"-18,-7,-63","-18,-45,10"
1458,2.835,40.074,353.28,13588.58,180.572,1935.0,49.64,(110),[001],Goss {110}<001>,7.02,"1,1,0","0,0,1"
1459,206.958,14.927,120.01,14195.16,210.955,4608.0,76.6,(218),[-35-5616],Other/Random,19.11,"2,1,8","-35,-56,16"
1460,325.653,43.145,53.17,14321.31,180.188,1584.0,44.91,(-7-5-9),[16-4],Other/Random,36.67,"-7,-5,-9","1,6,-4"
1461,129.928,43.81,214.48,15727.23,187.744,2772.0,59.41,(658),[9-4-4],Other/Random,34.55,"6,5,8","9,-4,-4"
1462,315.093,54.031,46.12,16767.04,170.468,711.0,30.09,(-1-1-1),[-14-3],Other/Random,37.46,"-1,-1,-1","-1,4,-3"
1463,267.407,21.647,97.27,423.34,180.707,1413.0,42.42,(-20-5),[45-5-18],Other/Random,22.14,"-2,0,-5","45,-5,-18"
1464,23.141,34.739,313.76,1095.55,169.091,297.0,19.45,(351656),[26-3],Other/Random,33.4,"35,16,56","2,6,-3"
1465,169.344,36.184,215.24,2302.82,178.786,756.0,31.03,(-5-1-7),[-8-249],Other/Random,29.29,"-5,-1,-7","-8,-24,9"
1466,180.408,42.674,221.79,2439.2,205.915,3906.0,70.52,(809),[10-15-9],Other/Random,42.15,"8,0,9","10,-15,-9"
1467,0.213,39.859,351.29,5340.87,181.761,1656.0,45.92,(110),[001],Goss {110}<001>,9.98,"1,1,0","0,0,1"
1468,202.217,24.077,137.02,6035.09,206.758,5013.0,79.89,(12530),[-7-216],Other/Random,31.69,"12,5,30","-7,-21,6"
1469,216.994,24.307,155.53,7514.48,169.565,207.0,16.23,(211656),[3-122],Other/Random,27.3,"21,16,56","3,-12,2"
1470,156.812,42.457,190.35,8633.77,180.039,1386.0,42.01,(-20-9-24),[16-567],Other/Random,17.42,"-20,-9,-24","16,-56,7"
1471,3.345,30.095,345.42,8715.26,175.581,837.0,32.65,(407),[424-3],Other/Random,19.16,"4,0,7","4,24,-3"
1472,322.093,48.089,59.15,9280.81,210.234,5319.0,82.29,(-21-16-24),[16-5],Other/Random,37.8,"-21,-16,-24","1,6,-5"
1473,347.617,15.54,40.09,9712.2,221.236,14950.0,137.96,(-18-7-63),[510-2],Other/Random,23.21,"-18,-7,-63","5,10,-2"
1474,222.122,40.544,119.52,9916.51,194.364,3564.0,67.36,(353256),[-7-3525],Other/Random,32.91,"35,32,56","-7,-35,25"
1475,318.036,53.77,47.4,10369.68,197.391,1728.0,46.91,(989),[9-122],Other/Random,37.78,"9,8,9","9,-12,2"
1476,56.355,55.4,326.04,14001.0,166.636,99.0,11.23,(546),[-35-4056],Other/Random,43.58,"5,4,6","-35,-40,56"
1477,277.45,3.215,127.51,14106.43,171.474,513.0,25.56,(001),[110],Rotated Cube {001}<110>,3.22,"0,0,1","1,1,0"
1478,234.994,7.98,149.81,15052.53,194.072,5175.0,81.17,(-1-1-9),[9-4-1],Other/Random,21.7,"-1,-1,-9","9,-4,-1"
1479,58.367,37.213,320.55,15602.25,183.805,1980.0,50.21,(-10-6-15),[-944],Other/Random,34.23,"-10,-6,-15","-9,4,4"
1480,328.233,38.643,48.95,15689.29,170.447,342.0,20.87,(-14-9-21),[318-10],Other/Random,33.11,"-14,-9,-21","3,18,-10"
1481,355.946,34.645,322.29,16244.82,184.188,1341.0,41.32,(-20-3),[-273616],Other/Random,34.79,"-2,0,-3","-27,36,16"
1482,46.966,56.574,316.15,16901.5,188.78,2943.0,61.21,(-8-8-9),[49-12],Other/Random,39.08,"-8,-8,-9","4,9,-12"
1483,147.231,44.892,220.64,17080.33,196.578,2430.0,55.62,(-15-10-18),[0-21],Other/Random,28.6,"-15,-10,-18","0,-2,1"
1484,183.674,32.586,211.67,1874.43,181.185,1458.0,43.09,(508),[9-15-5],Other/Random,33.95,"5,0,8","9,-15,-5"
1485,167.193,41.917,208.71,2349.46,210.379,4347.0,74.4,(-35-8-40),[-1-62],Other/Random,21.5,"-35,-8,-40","-1,-6,2"
1486,10.433,43.771,349.62,2609.62,205.259,5364.0,82.64,(110),[001],Goss {110}<001>,7.95,"1,1,0","0,0,1"
1487,209.127,23.646,134.8,4680.46,180.796,882.0,33.51,(271672),[-7-288],Other/Random,28.53,"27,16,72","-7,-28,8"
1488,356.203,37.512,357.07,5597.29,171.529,153.0,13.96,(110),[001],Goss {110}<001>,9.79,"1,1,0","0,0,1"
1489,27.338,49.514,329.32,6238.95,171.75,180.0,15.14,(-2-1-2),[27-637],Other/Random,23.66,"-2,-1,-2","27,-63,7"
1490,198.722,28.278,130.98,6273.67,192.973,1971.0,50.1,(316),[-7-146],Other/Random,31.8,"3,1,6","-7,-14,6"
1491,223.516,50.53,134.7,6315.85,187.685,1971.0,50.1,(212024),[3-1510],Other/Random,35.62,"21,20,24","3,-15,10"
1492,29.74,47.801,318.97,6349.39,177.0,234.0,17.26,(959),[09-5],Other/Random,29.54,"9,5,9","0,9,-5"
1493,166.613,47.405,223.84,6662.22,175.571,378.0,21.94,(414),[-583],Other/Random,35.91,"4,1,4","-5,8,3"
1494,159.701,31.796,229.67,6841.75,195.234,2772.0,59.41,(-36-14-63),[-8-189],Other/Random,35.34,"-36,-14,-63","-8,-18,9"
1495,175.623,18.778,208.05,7329.85,191.066,954.0,34.85,(-10-3),[-12-305],Other/Random,28.34,"-1,0,-3","-12,-30,5"
1496,174.437,7.777,143.32,7981.34,185.346,990.0,35.5,(001),[110],Rotated Cube {001}<110>,8.25,"0,0,1","1,1,0"
1497,90.515,32.13,301.29,8653.0,166.0,27.0,5.86,(508),[5640-35],Other/Random,34.15,"5,0,8","56,40,-35"
1498,214.825,52.394,132.14,9794.35,181.125,576.0,27.08,(-56-45-63),[-570],Other/Random,36.22,"-56,-45,-63","-5,7,0"
1499,219.066,46.108,131.11,10431.07,211.265,3843.0,69.95,(121015),[0-32],Other/Random,34.58,"12,10,15","0,-3,2"
1500,213.626,36.796,127.07,10907.4,167.2,135.0,13.11,(251640),[-2-95],Other/Random,35.58,"25,16,40","-2,-9,5"
1501,104.793,42.449,226.48,11187.6,185.286,1701.0,46.54,(829),[28-21-20],Other/Random,34.4,"8,2,9","28,-21,-20"
1502,208.428,27.356,136.39,13057.14,181.095,666.0,29.12,(16936),[-3-155],Other/Random,31.22,"16,9,36","-3,-15,5"
1503,106.247,46.051,225.98,13257.46,180.524,1341.0,41.32,(727),[9-7-7],Other/Random,34.55,"7,2,7","9,-7,-7"
1504,196.332,34.756,180.68,13618.88,168.75,72.0,9.57,(10315),[2-70],Other/Random,19.71,"10,3,15","2,-7,0"
1505,29.728,50.037,319.12,14140.15,199.218,3258.0,64.41,(-7-4-7),[4-70],Other/Random,30.27,"-7,-4,-7","4,-7,0"
1506,187.61,44.198,188.86,16459.01,214.489,9324.0,108.96,(818),[9-36-4],Other/Random,15.26,"8,1,8","9,-36,-4"
1507,184.417,15.193,172.66,16510.48,176.474,513.0,25.56,(207),[0-10],Other/Random,15.47,"2,0,7","0,-1,0"
1508,223.426,47.989,138.61,16952.95,178.274,1017.0,35.98,(161520),[14-6336],Other/Random,33.0,"16,15,20","14,-63,36"
1509,335.377,46.732,33.83,1571.81,187.269,1404.0,42.28,(-9-4-9),[09-4],Other/Random,24.18,"-9,-4,-9","0,9,-4"
1510,311.757,56.633,35.03,2407.5,185.308,936.0,34.52,(889),[45-8],Other/Random,38.67,"8,8,9","4,5,-8"
1511,353.109,20.328,17.47,2815.59,185.51,936.0,34.52,(-30-8),[318-2],Other/Random,22.89,"-3,0,-8","3,18,-2"
1512,133.289,53.197,218.55,2856.04,229.856,7407.0,97.11,(989),[40-16-25],Other/Random,36.36,"9,8,9","40,-16,-25"
1513,301.99,51.691,52.55,2921.5,214.354,5526.0,83.88,(-64-45-72),[-5-26],Other/Random,29.23,"-64,-45,-72","-5,-2,6"
1514,31.242,48.42,316.76,3611.19,196.778,3402.0,65.81,(747),[05-3],Other/Random,31.29,"7,4,7","0,5,-3"
1515,219.121,36.284,140.93,4835.28,181.8,450.0,23.94,(362863),[5-4518],Other/Random,27.94,"36,28,63","5,-45,18"
1516,163.552,43.42,183.02,5376.0,188.636,1260.0,40.05,(110),[001],Goss {110}<001>,14.52,"1,1,0","0,0,1"
1517,194.276,33.556,159.31,5471.28,187.522,1224.0,39.48,(15424),[-5-459],Other/Random,17.37,"15,4,24","-5,-45,9"
1518,168.879,46.723,213.03,6247.41,186.39,693.0,29.7,(515),[-492],Other/Random,26.54,"5,1,5","-4,9,2"
1519,205.982,52.121,137.15,6408.38,187.237,2160.0,52.44,(-12-7-14),[-45728],Other/Random,32.66,"-12,-7,-14","-45,72,8"
1520,136.596,36.645,239.55,7046.3,178.1,270.0,18.54,(-10-9-18),[-5-3018],Other/Random,31.49,"-10,-9,-18","-5,-30,18"
1521,162.592,30.028,220.82,8244.06,207.496,3321.0,65.03,(-10-3-18),[-8-249],Other/Random,32.36,"-10,-3,-18","-8,-24,9"
1522,7.679,28.005,341.31,8442.69,190.888,1773.0,47.51,(9218),[742-6],Other/Random,21.5,"9,2,18","7,42,-6"
1523,4.835,19.264,340.13,8953.0,170.0,27.0,5.86,(103),[936-4],Other/Random,24.39,"1,0,3","9,36,-4"
1524,150.623,49.339,221.31,9777.52,175.696,207.0,16.23,(959),[-470],Other/Random,30.28,"9,5,9","-4,7,0"
1525,262.302,14.64,98.75,242.62,190.289,2619.0,57.75,(001),[100],Cube {001}<100>,14.68,"0,0,1","1,0,0"
1526,196.737,14.166,142.09,1088.13,186.39,900.0,33.85,(9436),[-9-244],Other/Random,25.43,"9,4,36","-9,-24,4"
1527,179.242,31.365,160.4,1666.64,190.685,1170.0,38.6,(-30-5),[5-15-3],Other/Random,24.34,"-3,0,-5","5,-15,-3"
1528,193.357,31.423,141.97,2244.56,209.194,6498.0,90.96,(21535),[-3-83],Other/Random,31.6,"21,5,35","-3,-8,3"
1529,228.025,51.104,128.21,4138.96,222.539,5715.0,85.3,(-16-15-18),[18-3-14],Other/Random,32.79,"-16,-15,-18","18,-3,-14"
1530,177.452,23.892,170.92,5695.41,206.469,7263.0,96.16,(-40-9),[9-45-5],Other/Random,23.91,"-4,0,-9","9,-45,-5"
1531,150.435,52.482,224.57,5981.3,208.547,2304.0,54.16,(563663),[-230],Other/Random,33.89,"56,36,63","-2,3,0"
1532,339.962,42.95,48.36,8897.44,189.281,1152.0,38.3,(-21-8-24),[824-15],Other/Random,36.58,"-21,-8,-24","8,24,-15"
1533,173.533,45.857,207.98,12472.47,206.89,2934.0,61.12,(919),[-382],Other/Random,23.9,"9,1,9","-3,8,2"
1534,288.174,10.887,64.1,12759.18,185.557,1584.0,44.91,(001),[100],Cube {001}<100>,13.34,"0,0,1","1,0,0"
1535,190.046,32.972,157.88,13011.25,195.218,990.0,35.5,(45872),[-9-6314],Other/Random,19.65,"45,8,72","-9,-63,14"
1536,303.737,53.175,40.44,14022.45,195.67,1935.0,49.64,(-8-6-9),[-45-3563],Other/Random,37.72,"-8,-6,-9","-45,-35,63"
1537,142.459,28.889,238.23,14262.45,185.65,1080.0,37.08,(-4-3-9),[-18-6328],Other/Random,35.4,"-4,-3,-9","-18,-63,28"
1538,126.122,54.758,230.31,16843.93,183.63,900.0,33.85,(-49-40-56),[187-21],Other/Random,32.99,"-49,-40,-56","18,7,-21"
1539,334.407,37.339,48.63,17052.07,198.815,828.0,32.47,(-2-1-3),[1863-35],Other/Random,34.38,"-2,-1,-3","18,63,-35"
1540,210.868,22.21,134.67,1454.11,200.789,3195.0,63.78,(5315),[-14-6318],Other/Random,26.45,"5,3,15","-14,-63,18"
1541,303.27,46.037,74.96,1793.4,190.234,1575.0,44.78,(493256),[-9-29],Other/Random,25.09,"49,32,56","-9,-2,9"
1542,197.126,45.945,141.03,1826.79,185.526,513.0,25.56,(727),[-4-189],Other/Random,29.51,"7,2,7","-4,-18,9"
1543,137.8,51.428,225.52,2661.92,182.712,468.0,24.41,(-16-15-18),[1-64],Other/Random,35.74,"-16,-15,-18","1,-6,4"
1544,324.124,48.569,52.15,3060.19,191.244,1143.0,38.15,(-8-6-9),[436-27],Other/Random,37.53,"-8,-6,-9","4,36,-27"
1545,0.546,30.23,18.72,3314.06,181.5,288.0,19.15,(407),[-12427],Other/Random,24.15,"4,0,7","-12,42,7"
1546,119.417,32.492,237.72,3329.75,187.426,549.0,26.44,(539),[8-1-4],Other/Random,23.74,"5,3,9","8,-1,-4"
1547,134.974,56.151,229.11,3426.75,186.857,504.0,25.33,(111),[-4-1518],Other/Random,37.65,"1,1,1","-4,-15,18"
1548,104.9,15.164,261.62,3784.5,180.0,72.0,9.57,(9436),[637-18],Other/Random,16.5,"9,4,36","63,7,-18"
1549,205.139,28.979,118.35,3807.66,196.591,1935.0,49.64,(9418),[-6-95],Other/Random,30.17,"9,4,18","-6,-9,5"
1550,214.689,53.173,133.71,4038.89,201.009,2916.0,60.93,(-56-45-63),[-570],Other/Random,35.57,"-56,-45,-63","-5,7,0"
1551,227.043,34.127,108.39,5194.64,206.696,3285.0,64.67,(-9-8-18),[249-16],Other/Random,32.7,"-9,-8,-18","24,9,-16"
1552,328.094,50.15,37.41,6549.58,200.649,2844.0,60.18,(858),[5-91],Other/Random,28.49,"8,5,8","5,-9,1"
1553,190.072,25.822,212.85,7103.42,241.205,10890.0,117.75,(9218),[18-21-7],Other/Random,25.9,"9,2,18","18,-21,-7"
1554,177.861,27.905,196.53,7500.91,198.6,2430.0,55.62,(-50-9),[-14-639],Other/Random,22.6,"-5,0,-9","-14,-63,9"
1555,159.275,23.911,226.64,7930.98,206.508,4392.0,74.78,(-18-7-42),[-9-217],Other/Random,30.51,"-18,-7,-42","-9,-21,7"
1556,314.826,17.09,32.76,8408.33,189.184,441.0,23.7,(229),[-1232],Other/Random,21.1,"2,2,9","-12,3,2"
1557,344.251,43.287,6.64,8960.88,194.191,1602.0,45.16,(110),[001],Goss {110}<001>,12.03,"1,1,0","0,0,1"
1558,337.596,49.162,47.1,9618.54,215.809,4815.0,78.3,(401845),[6-9-2],Other/Random,35.83,"40,18,45","6,-9,-2"
1559,224.374,50.026,128.54,10635.58,192.441,1836.0,48.35,(363542),[4-3627],Other/Random,34.23,"36,35,42","4,-36,27"
1560,178.169,31.336,163.13,11232.02,198.081,2322.0,54.37,(-30-5),[12-42-7],Other/Random,22.85,"-3,0,-5","12,-42,-7"
1561,346.292,47.948,43.44,11875.03,209.175,4059.0,71.89,(32936),[15-24-8],Other/Random,35.47,"32,9,36","15,-24,-8"
1562,29.134,49.327,309.7,13431.33,192.983,1071.0,36.93,(-9-5-9),[30-42-7],Other/Random,37.06,"-9,-5,-9","30,-42,-7"
1563,79.843,5.054,264.59,15191.45,188.566,684.0,29.51,(-10-9),[-63-187],Other/Random,16.36,"-1,0,-9","-63,-18,7"
1564,300.25,31.336,77.68,15421.88,196.696,621.0,28.12,(7414),[-56-1635],Other/Random,25.69,"7,4,14","-56,-16,35"
1565,223.21,48.769,131.29,15834.93,217.464,6327.0,89.75,(151418),[1-96],Other/Random,34.86,"15,14,18","1,-9,6"
1566,128.635,58.168,222.77,16770.81,193.089,1017.0,35.98,(445),[-9-1418],Other/Random,39.45,"4,4,5","-9,-14,18"
1567,328.315,46.379,52.17,1527.25,206.527,3312.0,64.94,(-8-5-9),[742-30],Other/Random,37.18,"-8,-5,-9","7,42,-30"
1568,140.558,41.968,220.65,2952.36,185.16,225.0,16.93,(-5-4-7),[1-84],Other/Random,29.31,"-5,-4,-7","1,-8,4"
1569,217.601,45.786,110.93,3117.17,219.762,4536.0,76.0,(322540),[-4-99],Other/Random,40.35,"32,25,40","-4,-9,9"
1570,144.789,50.423,233.71,3395.86,183.571,189.0,15.51,(-7-5-7),[-5-4536],Other/Random,39.44,"-7,-5,-7","-5,-45,36"
1571,328.012,33.502,39.54,3507.55,204.167,3402.0,65.81,(-5-3-9),[08-3],Other/Random,27.06,"-5,-3,-9","0,8,-3"
1572,110.791,8.927,263.05,3761.63,200.44,1737.0,47.03,(9763),[123-2],Other/Random,16.46,"9,7,63","12,3,-2"
1573,196.452,19.06,145.38,5306.06,179.813,144.0,13.54,(319),[-10-357],Other/Random,26.27,"3,1,9","-10,-35,7"
1574,304.179,25.158,82.75,7558.43,211.512,4464.0,75.39,(8520),[-2-11],Other/Random,30.89,"8,5,20","-2,-1,1"
1575,38.825,54.875,317.25,7779.75,180.75,36.0,6.77,(-40-36-45),[10-153],Other/Random,35.28,"-40,-36,-45","10,-15,3"
1576,66.198,43.214,306.7,8014.86,194.924,1062.0,36.77,(-48-21-56),[-351425],Other/Random,25.55,"-48,-21,-56","-35,14,25"
1577,182.723,34.928,157.0,8124.24,243.706,11780.0,122.47,(507),[-8-287],Other/Random,23.24,"5,0,7","-8,-28,7"
1578,319.277,48.874,54.74,10339.82,206.818,1926.0,49.52,(-7-6-8),[09-7],Other/Random,35.66,"-7,-6,-8","0,9,-7"
1579,45.291,54.293,322.92,10673.25,182.75,108.0,11.73,(-1-1-1),[-523],Other/Random,35.87,"-1,-1,-1","-5,2,3"
1580,243.612,32.072,143.25,11435.5,187.0,162.0,14.36,(-35-18-63),[5-3-2],Other/Random,36.73,"-35,-18,-63","5,-3,-2"
1581,30.199,33.865,332.0,13472.11,213.904,2448.0,55.83,(12721),[-763-18],Other/Random,22.34,"12,7,21","-7,63,-18"
1582,301.097,26.547,69.49,14634.23,203.9,4563.0,76.22,(12728),[-63-928],Other/Random,25.95,"12,7,28","-63,-9,28"
1583,335.433,46.993,48.34,15654.33,210.329,4761.0,77.86,(-9-4-9),[29-6],Other/Random,35.71,"-9,-4,-9","2,9,-6"
1584,7.132,42.962,325.08,16153.2,179.4,45.0,7.57,(819),[2772-32],Other/Random,30.25,"8,1,9","27,72,-32"
1585,116.134,47.799,226.11,17227.5,204.75,3024.0,62.05,(212),[63-35-45],Other/Random,31.89,"2,1,2","63,-35,-45"
1586,311.326,57.521,41.39,486.09,215.831,4311.0,74.09,(494856),[35-7],Other/Random,40.38,"49,48,56","3,5,-7"
1587,157.216,45.868,217.33,3623.54,182.308,117.0,12.21,(-5-2-5),[-2-189],Other/Random,26.65,"-5,-2,-5","-2,-18,9"
1588,354.499,42.006,2.98,5596.06,191.595,333.0,20.59,(110),[001],Goss {110}<001>,4.93,"1,1,0","0,0,1"
1589,299.51,32.099,58.62,7014.08,213.531,4986.0,79.68,(351863),[-1829],Other/Random,23.55,"35,18,63","-18,2,9"
1590,8.794,36.505,7.78,9465.9,205.0,2484.0,56.24,(45763),[-18637],Other/Random,17.71,"45,7,63","-18,63,7"
1591,226.175,32.468,123.31,10794.25,199.0,216.0,16.58,(-4-4-9),[182-9],Other/Random,29.54,"-4,-4,-9","18,2,-9"
1592,180.606,22.709,195.74,12295.5,185.167,162.0,14.36,(307),[18-63-7],Other/Random,27.53,"3,0,7","18,-63,-7"
1593,158.693,10.921,228.21,13278.24,215.874,4059.0,71.89,(-3-2-18),[-3-61],Other/Random,21.11,"-3,-2,-18","-3,-6,1"
1594,200.282,27.239,129.55,14091.36,226.049,4941.0,79.32,(316),[-7-146],Other/Random,30.95,"3,1,6","-7,-14,6"
1595,57.881,9.457,324.58,14391.82,183.818,99.0,11.23,(-9-7-63),[-63277],Other/Random,24.35,"-9,-7,-63","-63,27,7"
1596,35.693,34.663,301.92,14847.71,198.0,576.0,27.08,(251845),[27-4],Other/Random,36.98,"25,18,45","2,7,-4"
1597,164.68,22.445,223.16,15536.43,196.76,2178.0,52.66,(-18-5-45),[-7-144],Other/Random,28.19,"-18,-5,-45","-7,-14,4"
1598,45.533,43.353,310.04,16595.52,219.643,10040.0,113.09,(-2-2-3),[-72845],Other/Random,31.47,"-2,-2,-3","-72,8,45"
1599,301.161,43.958,62.29,292.62,210.229,2007.0,50.55,(536),[-917],Other/Random,22.33,"5,3,6","-9,1,7"
1600,35.691,42.989,313.74,342.58,231.783,4860.0,78.66,(272036),[07-4],Other/Random,31.76,"27,20,36","0,7,-4"
1601,196.785,26.168,147.26,1883.72,228.265,7335.0,96.64,(28963),[-8-369],Other/Random,28.21,"28,9,63","-8,-36,9"
1602,305.586,37.428,55.37,2177.35,215.131,2268.0,53.74,(453272),[-63736],Other/Random,25.44,"45,32,72","-63,7,36"
1603,152.879,45.351,223.2,2746.88,202.435,1035.0,36.3,(-8-4-9),[-1-95],Other/Random,30.54,"-8,-4,-9","-1,-9,5"
1604,186.316,40.468,139.35,3276.38,236.804,8244.0,102.45,(54763),[-1-21],Other/Random,36.52,"54,7,63","-1,-2,1"
1605,336.963,14.786,31.04,3368.11,231.793,7488.0,97.64,(-9-4-36),[18-1],Other/Random,16.8,"-9,-4,-36","1,8,-1"
1606,217.317,13.962,138.7,3411.34,193.833,324.0,20.31,(001),[100],Cube {001}<100>,14.52,"0,0,1","1,0,0"
1607,159.861,41.412,184.55,5301.27,186.545,99.0,11.23,(-35-12-42),[2-70],Other/Random,17.47,"-35,-12,-42","2,-7,0"
1608,322.118,35.638,32.34,5527.06,220.024,6543.0,91.27,(-36-28-63),[-315-5],Other/Random,26.02,"-36,-28,-63","-3,15,-5"
1609,28.768,41.704,356.05,6082.9,209.244,1179.0,38.74,(492763),[-120],Other/Random,26.24,"49,27,63","-1,2,0"
1610,188.44,19.402,152.72,6469.64,213.703,1881.0,48.94,(103),[-2-61],Other/Random,26.98,"1,0,3","-2,-6,1"
1611,320.275,57.352,47.08,6590.02,202.854,1296.0,40.62,(556),[24-305],Other/Random,39.11,"5,5,6","24,-30,5"
1612,31.87,24.565,311.8,8925.65,205.044,1215.0,39.33,(8520),[312-4],Other/Random,29.43,"8,5,20","3,12,-4"
1613,29.855,49.966,320.51,9967.29,186.429,63.0,8.96,(-7-4-7),[5-90],Other/Random,29.34,"-7,-4,-7","5,-9,0"
1614,184.036,40.317,170.33,10051.41,240.398,10120.0,113.49,(110),[001],Goss {110}<001>,8.62,"1,1,0","0,0,1"
1615,190.862,20.713,194.68,12432.86,214.377,1647.0,45.79,(27872),[4-9-1],Other/Random,28.35,"27,8,72","4,-9,-1"
1616,352.074,30.132,350.74,12815.17,204.033,1647.0,45.79,(-36-7-63),[-18637],Other/Random,22.03,"-36,-7,-63","-18,63,7"
1617,225.106,10.608,150.35,12895.57,222.877,6435.0,90.52,(-1-1-8),[63-18-7],Other/Random,18.73,"-1,-1,-8","63,-18,-7"
1618,31.626,26.748,320.86,12914.14,190.645,279.0,18.85,(12728),[763-18],Other/Random,27.76,"12,7,28","7,63,-18"
1619,4.996,38.338,339.43,13531.19,220.583,4248.0,73.54,(719),[945-10],Other/Random,18.39,"7,1,9","9,45,-10"
1620,98.214,9.235,276.19,14378.19,197.125,432.0,23.45,(106),[123-2],Other/Random,17.1,"1,0,6","12,3,-2"
1621,323.031,25.093,52.37,14493.98,200.265,882.0,33.51,(-21-16-56),[1672-27],Other/Random,29.38,"-21,-16,-56","16,72,-27"
1622,300.182,10.064,73.32,14562.97,201.667,729.0,30.47,(9763),[-18-43],Other/Random,16.83,"9,7,63","-18,-4,3"
1623,7.233,38.894,319.93,15924.21,224.746,7011.0,94.48,(36545),[12-1],Other/Random,35.52,"36,5,45","1,2,-1"
1624,341.068,18.801,28.91,16174.56,202.328,1098.0,37.39,(-3-1-9),[642-7],Other/Random,21.26,"-3,-1,-9","6,42,-7"
1625,16.422,43.781,318.86,16855.72,204.75,1044.0,36.46,(561863),[1863-35],Other/Random,31.5,"56,18,63","18,63,-35"
1626,161.272,23.147,218.33,17126.33,214.134,2880.0,60.56,(-14-5-35),[-4-123],Other/Random,30.25,"-14,-5,-35","-4,-12,3"
1627,353.367,31.888,46.1,437.34,217.665,1881.0,48.94,(-45-8-72),[1014-7],Other/Random,32.35,"-45,-8,-72","10,14,-7"
1628,225.886,46.477,128.07,1695.39,199.348,621.0,28.12,(-3-3-4),[63-7-45],Other/Random,31.88,"-3,-3,-4","63,-7,-45"
1629,222.819,9.19,99.43,2692.49,236.42,8145.0,101.84,(001),[110],Rotated Cube {001}<110>,11.7,"0,0,1","1,1,0"
1630,54.333,56.922,318.64,2997.06,219.716,4185.0,73.0,(282535),[-27-2036],Other/Random,39.14,"28,25,35","-27,-20,36"
1631,160.344,46.475,212.14,4206.66,217.465,2709.0,58.73,(-3-1-3),[-7-6327],Other/Random,23.12,"-3,-1,-3","-7,-63,27"
1632,305.275,30.445,42.23,5401.42,228.606,4230.0,73.39,(326),[-561621],Other/Random,31.94,"3,2,6","-56,16,21"
1633,151.138,48.691,229.7,6649.12,202.8,630.0,28.32,(-9-5-9),[-7-4230],Other/Random,36.41,"-9,-5,-9","-7,-42,30"
1634,161.619,47.563,221.78,6673.91,205.122,963.0,35.02,(313),[-366314],Other/Random,31.94,"3,1,3","-36,63,14"
1635,201.69,40.928,187.16,6890.52,202.42,1179.0,38.74,(12515),[9-18-2],Other/Random,27.66,"12,5,15","9,-18,-2"
1636,34.532,51.951,325.01,6911.5,189.0,54.0,8.29,(-3-2-3),[5-102],Other/Random,28.96,"-3,-2,-3","5,-10,2"
1637,75.306,47.009,314.43,7775.0,212.196,1377.0,41.87,(414),[-28-3035],Other/Random,35.79,"4,1,4","-28,-30,35"
1638,209.042,38.553,179.28,8194.8,208.386,2259.0,53.63,(402156),[5-90],Other/Random,29.21,"40,21,56","5,-9,0"
1639,217.225,44.225,145.49,9213.85,210.394,2124.0,52.0,(352745),[9-4520],Other/Random,26.97,"35,27,45","9,-45,20"
1640,210.402,14.5,133.0,10759.5,186.0,18.0,4.79,(16972),[-10-357],Other/Random,22.01,"16,9,72","-10,-35,7"
1641,188.797,42.329,156.2,11358.85,194.053,513.0,25.56,(56963),[-7-4212],Other/Random,18.64,"56,9,63","-7,-42,12"
1642,205.785,26.772,138.17,12048.41,219.511,2853.0,60.27,(429),[-2-93],Other/Random,31.01,"4,2,9","-2,-9,3"
1643,305.432,55.409,49.55,12842.34,198.0,486.0,24.88,(-6-5-7),[-48-2156],Other/Random,33.53,"-6,-5,-7","-48,-21,56"
1644,322.245,17.509,65.52,12976.39,203.12,1350.0,41.46,(-5-4-20),[36-2],Other/Random,24.52,"-5,-4,-20","3,6,-2"
1645,214.638,31.584,140.09,13084.27,205.49,1341.0,41.32,(326),[0-83],Other/Random,27.69,"3,2,6","0,-8,3"
1646,61.941,24.85,320.79,14228.9,200.069,261.0,18.23,(-18-10-45),[-1474],Other/Random,33.25,"-18,-10,-45","-14,7,4"
1647,149.183,33.162,234.57,14293.25,191.5,108.0,11.73,(-5-3-9),[-2-63],Other/Random,37.56,"-5,-3,-9","-2,-6,3"
1648,229.469,2.433,142.89,14424.54,221.33,5679.0,85.03,(001),[100],Cube {001}<100>,12.6,"0,0,1","1,0,0"
1649,190.715,24.603,196.58,15000.77,230.197,3969.0,71.09,(419),[4-8-1],Other/Random,30.23,"4,1,9","4,-8,-1"
1650,35.843,44.048,312.49,15774.65,207.156,1386.0,42.01,(493663),[05-3],Other/Random,32.84,"49,36,63","0,5,-3"
1651,165.751,41.468,216.31,16670.0,206.614,909.0,34.02,(-54-14-63),[-9-3616],Other/Random,27.86,"-54,-14,-63","-9,-36,16"
1652,217.73,40.721,127.35,16940.49,202.48,675.0,29.32,(436),[-5-4024],Other/Random,35.16,"4,3,6","-5,-40,24"
1653,207.781,46.212,167.54,393.93,222.828,2772.0,59.41,(16918),[2-61],Other/Random,21.04,"16,9,18","2,-6,1"
1654,134.13,17.7,214.81,1605.57,233.529,8199.0,102.17,(229),[18-4-3],Other/Random,20.85,"2,2,9","18,-4,-3"
1655,224.954,10.016,121.33,1757.49,231.448,6687.0,92.27,(118),[-7-284],Other/Random,16.97,"1,1,8","-7,-28,4"
1656,355.844,30.435,350.13,4251.47,206.918,990.0,35.5,(-30-5),[-291],Other/Random,19.78,"-3,0,-5","-2,9,1"
1657,213.731,43.474,135.87,6343.32,226.223,3753.0,69.13,(14918),[0-95],Other/Random,30.45,"14,9,18","0,-9,5"
1658,107.637,33.4,238.4,6768.47,240.186,6687.0,92.27,(25840),[9-3-5],Other/Random,23.9,"25,8,40","9,-3,-5"
1659,15.98,32.542,311.62,7666.47,212.377,1431.0,42.68,(15424),[12-1],Other/Random,34.83,"15,4,24","1,2,-1"
1660,185.959,23.582,192.79,7672.59,196.059,153.0,13.96,(307),[3-9-1],Other/Random,27.97,"3,0,7","3,-9,-1"
1661,172.859,20.601,210.49,7884.31,216.619,1395.0,42.14,(-30-8),[-2-51],Other/Random,29.8,"-3,0,-8","-2,-5,1"
1662,22.569,48.247,314.29,8378.19,205.636,1188.0,38.89,(-7-3-7),[25-40-8],Other/Random,34.31,"-7,-3,-7","25,-40,-8"
1663,352.102,9.547,345.82,8618.6,220.688,3087.0,62.69,(-10-6),[-250],Other/Random,24.03,"-1,0,-6","-2,5,0"
1664,303.627,31.372,74.43,8991.55,219.494,2241.0,53.42,(326),[-35-1021],Other/Random,26.92,"3,2,6","-35,-10,21"
1665,195.342,18.445,145.7,10674.24,205.224,684.0,29.51,(319),[-5-153],Other/Random,26.39,"3,1,9","-5,-15,3"
1666,189.705,21.643,154.01,10765.93,208.512,1161.0,38.45,(18545),[-3-122],Other/Random,27.03,"18,5,45","-3,-12,2"
1667,199.856,38.983,131.75,12306.52,213.277,1557.0,44.52,(21828),[-14-3520],Other/Random,36.34,"21,8,28","-14,-35,20"
1668,353.735,42.085,352.22,13120.76,202.25,648.0,28.72,(110),[001],Goss {110}<001>,13.38,"1,1,0","0,0,1"
1669,161.229,42.416,215.94,15140.55,223.51,3969.0,71.09,(-6-2-7),[-3-188],Other/Random,25.87,"-6,-2,-7","-3,-18,8"
1670,188.588,19.723,181.54,15372.72,222.247,4482.0,75.54,(308),[1-60],Other/Random,22.15,"3,0,8","1,-6,0"
1671,20.657,43.566,346.99,15993.99,221.397,1836.0,48.35,(110),[001],Goss {110}<001>,14.57,"1,1,0","0,0,1"
1672,172.591,32.945,210.92,16729.89,199.688,1008.0,35.82,(-45-8-72),[-7-216],Other/Random,28.2,"-45,-8,-72","-7,-21,6"
1673,303.277,41.635,58.98,759.46,214.938,1296.0,40.62,(324),[-63745],Other/Random,23.78,"3,2,4","-63,7,45"
1674,60.344,53.77,315.03,1086.06,219.909,3267.0,64.5,(352442),[-28-2035],Other/Random,34.82,"35,24,42","-28,-20,35"
1675,208.868,34.616,133.36,2024.09,234.218,5463.0,83.4,(9515),[-2-94],Other/Random,31.91,"9,5,15","-2,-9,4"
1676,125.371,57.138,217.84,2880.3,205.2,180.0,15.14,(-28-25-35),[4035-56],Other/Random,41.59,"-28,-25,-35","40,35,-56"
1677,325.815,34.0,53.32,3672.5,219.014,1989.0,50.32,(-40-27-72),[14-2],Other/Random,35.63,"-40,-27,-72","1,4,-2"
1678,35.554,55.471,312.73,4302.65,199.826,207.0,16.23,(-6-5-7),[27-364],Other/Random,37.46,"-6,-5,-7","27,-36,4"
1679,155.903,45.762,223.43,4328.67,209.391,1242.0,39.77,(-56-27-63),[-7-4224],Other/Random,31.36,"-56,-27,-63","-7,-42,24"
1680,73.949,48.213,316.64,4397.39,214.914,2313.0,54.27,(561863),[-36-4045],Other/Random,37.5,"56,18,63","-36,-40,45"
1681,168.634,25.26,169.02,4683.13,244.72,15820.0,141.93,(-4-1-9),[18-45-5],Other/Random,29.02,"-4,-1,-9","18,-45,-5"
1682,147.129,43.951,224.69,4820.78,214.866,2358.0,54.79,(-8-5-10),[0-95],Other/Random,30.91,"-8,-5,-10","0,-9,5"
1683,151.499,17.631,184.58,5136.5,236.796,5553.0,84.09,(-2-1-7),[4-90],Other/Random,27.42,"-2,-1,-7","4,-9,0"
1684,0.764,21.988,351.86,5304.67,197.667,162.0,14.36,(205),[180],Other/Random,23.18,"2,0,5","1,8,0"
1685,0.189,29.933,349.67,5797.38,215.563,1791.0,47.75,(407),[963-7],Other/Random,18.17,"4,0,7","9,63,-7"
1686,206.845,47.119,144.58,6384.64,244.15,6975.0,94.24,(212),[0-94],Other/Random,25.45,"2,1,2","0,-9,4"
1687,326.792,54.386,42.91,6621.58,201.627,603.0,27.71,(181421),[6-91],Other/Random,33.92,"18,14,21","6,-9,1"
1688,133.934,48.728,224.1,8336.95,214.869,1719.0,46.78,(252430),[8-2-5],Other/Random,35.17,"25,24,30","8,-2,-5"
1689,235.863,25.315,117.24,8762.81,213.228,1539.0,44.27,(-8-5-20),[455-18],Other/Random,26.22,"-8,-5,-20","45,5,-18"
1690,185.236,41.365,158.31,9963.66,238.233,5409.0,82.99,(63872),[-4-205],Other/Random,18.58,"63,8,72","-4,-20,5"
1691,163.553,48.071,224.37,10680.0,193.5,18.0,4.79,(561863),[-355616],Other/Random,35.17,"56,18,63","-35,56,16"
1692,9.587,23.062,14.67,11340.74,212.554,1512.0,43.88,(27763),[-27637],Other/Random,30.92,"27,7,63","-27,63,7"
1693,124.396,37.081,241.91,11649.75,196.5,72.0,9.57,(352456),[80-5],Other/Random,23.73,"35,24,56","8,0,-5"
1694,27.314,35.964,332.68,12370.99,242.815,5400.0,82.92,(15824),[-763-18],Other/Random,20.71,"15,8,24","-7,63,-18"
1695,32.575,42.483,319.03,12772.87,234.805,4761.0,77.86,(14918),[02-1],Other/Random,28.21,"14,9,18","0,2,-1"
1696,220.203,38.144,129.95,12944.4,195.15,180.0,15.14,(6510),[0-95],Other/Random,33.1,"6,5,10","0,-9,5"
1697,343.624,37.443,39.39,14306.25,200.438,288.0,19.15,(-27-8-36),[1863-28],Other/Random,29.98,"-27,-8,-36","18,63,-28"
1698,256.066,7.477,120.82,15104.25,202.179,252.0,17.91,(-10-8),[63-18-7],Other/Random,18.46,"-1,0,-8","63,-18,-7"
1699,163.053,47.014,218.83,15250.63,209.199,1179.0,38.74,(727),[-5102],Other/Random,29.65,"7,2,7","-5,10,2"
1700,204.336,10.229,121.81,16228.79,226.859,3762.0,69.21,(3218),[-4-61],Other/Random,15.12,"3,2,18","-4,-6,1"
1701,308.829,32.795,37.8,15.4,230.412,2340.0,54.58,(5410),[-2489],Other/Random,33.59,"5,4,10","-24,8,9"
1702,181.014,19.186,153.42,728.6,211.01,882.0,33.51,(103),[-8-183],Other/Random,27.24,"1,0,3","-8,-18,3"
1703,226.022,15.906,107.25,1753.88,198.375,72.0,9.57,(-1-1-5),[147-4],Other/Random,24.18,"-1,-1,-5","14,7,-4"
1704,197.536,45.204,133.39,2057.37,218.961,684.0,29.51,(727),[-8-2415],Other/Random,36.3,"7,2,7","-8,-24,15"
1705,209.073,33.375,176.23,2779.76,226.773,2421.0,55.52,(12721),[1-20],Other/Random,28.66,"12,7,21","1,-2,0"
1706,204.94,51.049,139.95,3559.28,208.574,549.0,26.44,(-8-4-9),[-470],Other/Random,30.16,"-8,-4,-9","-4,7,0"
1707,323.504,26.737,39.33,5583.0,227.074,1575.0,44.78,(-14-10-35),[07-2],Other/Random,26.88,"-14,-10,-35","0,7,-2"
1708,182.169,32.146,154.67,5958.62,204.207,261.0,18.23,(508),[-3-82],Other/Random,26.88,"5,0,8","-3,-8,2"
1709,307.483,47.845,36.17,7354.35,204.65,540.0,26.22,(211624),[-18910],Other/Random,37.51,"21,16,24","-18,9,10"
1710,163.395,15.735,216.04,7482.73,234.326,4059.0,71.89,(-18-7-63),[-2-61],Other/Random,24.96,"-18,-7,-63","-2,-6,1"
1711,206.57,44.786,124.09,8400.0,202.5,54.0,8.29,(849),[-3-86],Other/Random,41.22,"8,4,9","-3,-8,6"
1712,127.356,13.883,219.65,9056.04,239.304,5661.0,84.9,(7535),[12-3-2],Other/Random,18.99,"7,5,35","12,-3,-2"
1713,338.931,37.184,45.15,9329.83,219.103,1053.0,36.62,(-5-2-7),[26-3],Other/Random,33.09,"-5,-2,-7","2,6,-3"
1714,317.046,44.719,52.76,9828.66,217.906,1629.0,45.54,(-15-14-21),[03-2],Other/Random,32.83,"-15,-14,-21","0,3,-2"
1715,109.322,49.176,225.65,10597.17,217.331,1278.0,40.34,(-8-3-9),[1615-20],Other/Random,34.34,"-8,-3,-9","16,15,-20"
1716,323.559,24.695,66.89,11272.72,234.336,3699.0,68.63,(-21-16-56),[1018-9],Other/Random,28.61,"-21,-16,-56","10,18,-9"
1717,181.65,30.883,165.8,11375.17,205.083,324.0,20.31,(305),[-8-405],Other/Random,19.12,"3,0,5","-8,-40,5"
1718,344.644,47.598,46.06,11461.26,236.82,4644.0,76.9,(727),[16-24-9],Other/Random,37.14,"7,2,7","16,-24,-9"
1719,207.801,40.928,123.28,12683.57,199.714,63.0,8.96,(351845),[-14-3525],Other/Random,40.83,"35,18,45","-14,-35,25"
1720,24.615,47.843,324.89,12715.96,234.887,3501.0,66.77,(-9-4-9),[4-90],Other/Random,25.39,"-9,-4,-9","4,-9,0"
1721,287.838,30.37,91.19,13593.6,219.253,2025.0,50.78,(10318),[-24-815],Other/Random,23.78,"10,3,18","-24,-8,15"
1722,332.241,44.428,47.26,14263.11,219.827,2970.0,61.49,(-63-32-72),[530-18],Other/Random,33.44,"-63,-32,-72","5,30,-18"
1723,114.887,10.922,255.16,14348.8,207.649,666.0,29.12,(001),[100],Cube {001}<100>,14.83,"0,0,1","1,0,0"
1724,1.024,13.71,22.7,14533.18,220.343,1890.0,49.06,(104),[-27637],Other/Random,25.27,"1,0,4","-27,63,7"
1725,43.596,51.789,311.9,15204.27,218.168,1980.0,50.21,(646372),[-742-30],Other/Random,36.25,"64,63,72","-7,42,-30"
1726,154.971,4.522,226.62,15486.43,229.36,3276.0,64.58,(-10-9),[-18-455],Other/Random,22.05,"-1,0,-9","-18,-45,5"
1727,2.842,23.916,323.09,15572.89,220.277,1395.0,42.14,(409),[3556-16],Other/Random,26.26,"4,0,9","35,56,-16"
1728,352.763,22.458,26.66,16152.07,220.525,1647.0,45.79,(-20-5),[26-1],Other/Random,29.61,"-2,0,-5","2,6,-1"
1729,212.612,50.734,136.98,16394.95,230.602,1017.0,35.98,(-8-5-8),[-580],Other/Random,32.16,"-8,-5,-8","-5,8,0"
1730,169.472,15.86,210.32,193.27,219.138,981.0,35.34,(-20-7),[-7-213],Other/Random,25.31,"-2,0,-7","-7,-21,3"
1731,261.591,4.28,102.21,566.72,235.827,6237.0,89.11,(001),[100],Cube {001}<100>,5.72,"0,0,1","1,0,0"
1732,265.56,20.915,84.98,1341.49,233.554,4725.0,77.56,(-30-8),[244-9],Other/Random,22.93,"-3,0,-8","24,4,-9"
1733,318.275,46.489,46.15,2803.5,202.5,72.0,9.57,(-49-45-63),[-872-45],Other/Random,33.72,"-49,-45,-63","-8,72,-45"
1734,43.297,45.295,314.9,3710.66,212.01,873.0,33.34,(212028),[-535-21],Other/Random,33.26,"21,20,28","-5,35,-21"
1735,338.424,51.197,52.58,5326.52,245.439,6354.0,89.95,(301435),[5-6-2],Other/Random,41.61,"30,14,35","5,-6,-2"
1736,174.334,32.989,174.86,5606.63,200.625,72.0,9.57,(-6-1-9),[1-60],Other/Random,15.75,"-6,-1,-9","1,-6,0"
1737,137.025,5.955,182.09,5898.19,252.911,6966.0,94.18,(001),[110],Rotated Cube {001}<110>,7.24,"0,0,1","1,1,0"
1738,329.318,46.378,43.81,6521.65,232.341,2637.0,57.94,(-8-5-9),[07-4],Other/Random,31.0,"-8,-5,-9","0,7,-4"
1739,206.129,25.881,161.55,7215.6,222.891,2880.0,60.56,(271463),[7-426],Other/Random,24.25,"27,14,63","7,-42,6"
1740,17.726,39.97,321.35,10303.79,216.526,1026.0,36.14,(16520),[936-16],Other/Random,28.56,"16,5,20","9,36,-16"
1741,23.667,41.026,315.85,11435.4,199.2,45.0,7.57,(12515),[418-9],Other/Random,31.35,"12,5,15","4,18,-9"
1742,35.371,53.559,320.29,11640.22,219.399,1692.0,46.41,(-56-45-63),[18-305],Other/Random,32.14,"-56,-45,-63","18,-30,5"
1743,40.969,49.141,310.54,12111.79,204.5,378.0,21.94,(768),[-763-45],Other/Random,36.07,"7,6,8","-7,63,-45"
1744,30.634,33.266,321.59,13162.27,219.554,2097.0,51.67,(12721),[08-3],Other/Random,26.47,"12,7,21","0,8,-3"
1745,58.93,40.416,299.65,13256.28,202.56,225.0,16.93,(-45-28-63),[-916],Other/Random,22.37,"-45,-28,-63","-9,1,6"
1746,33.605,44.687,317.67,13394.92,231.983,5247.0,81.74,(151018),[09-5],Other/Random,29.64,"15,10,18","0,9,-5"
1747,142.112,13.227,234.49,14365.5,204.0,90.0,10.7,(-7-5-35),[-10-357],Other/Random,21.2,"-7,-5,-35","-10,-35,7"
1748,355.674,34.181,342.08,14860.08,206.143,126.0,12.67,(-20-3),[-5153],Other/Random,23.99,"-2,0,-3","-5,15,3"
1749,169.645,36.835,221.32,16354.12,229.997,3609.0,67.79,(-21-4-28),[-8-189],Other/Random,35.06,"-21,-4,-28","-8,-18,9"
1750,4.057,23.215,325.54,648.85,233.525,3753.0,69.13,(307),[2036-9],Other/Random,27.37,"3,0,7","20,36,-9"
1751,201.725,27.701,134.25,704.25,214.385,468.0,24.41,(5210),[-3-83],Other/Random,34.62,"5,2,10","-3,-8,3"
1752,246.511,12.215,82.28,1131.0,202.5,36.0,6.77,(-9-5-45),[2012-5],Other/Random,18.4,"-9,-5,-45","20,12,-5"
1753,106.365,3.739,243.39,1821.85,226.569,1170.0,38.6,(001),[100],Cube {001}<100>,10.9,"0,0,1","1,0,0"
1754,342.885,45.53,47.86,3052.7,234.865,3807.0,69.62,(-7-2-7),[924-16],Other/Random,37.71,"-7,-2,-7","9,24,-16"
1755,163.91,39.227,218.28,4089.05,210.109,495.0,25.1,(-7-2-9),[-18-6328],Other/Random,28.94,"-7,-2,-9","-18,-63,28"
1756,199.823,16.631,144.11,4274.36,242.212,4077.0,72.05,(18763),[-3-122],Other/Random,23.09,"18,7,63","-3,-12,2"
1757,158.985,25.936,227.37,4556.2,245.568,4122.0,72.45,(-8-3-18),[-24-5621],Other/Random,31.85,"-8,-3,-18","-24,-56,21"
1758,240.733,45.011,115.49,5459.77,221.884,1161.0,38.45,(-7-4-8),[18-2-15],Other/Random,21.08,"-7,-4,-8","18,-2,-15"
1759,148.545,39.838,235.8,6819.46,218.769,468.0,24.41,(-5-3-7),[-6-2114],Other/Random,38.72,"-5,-3,-7","-6,-21,14"
1760,134.041,37.754,232.84,7163.58,217.941,1071.0,36.93,(559),[90-5],Other/Random,29.69,"5,5,9","9,0,-5"
1761,181.11,16.449,185.07,7426.26,218.593,729.0,30.47,(207),[1-90],Other/Random,17.56,"2,0,7","1,-9,0"
1762,206.78,43.749,125.33,7443.0,203.4,45.0,7.57,(637),[-7-2115],Other/Random,39.85,"6,3,7","-7,-21,15"
1763,188.618,16.397,186.93,7617.34,220.723,1269.0,40.2,(207),[2-70],Other/Random,22.56,"2,0,7","2,-7,0"
1764,151.45,21.275,217.53,7805.07,227.016,1647.0,45.79,(-5-3-15),[-9-7216],Other/Random,23.07,"-5,-3,-15","-9,-72,16"
1765,233.862,24.222,108.83,8891.87,230.068,2376.0,55.0,(-3-2-8),[6318-28],Other/Random,29.69,"-3,-2,-8","63,18,-28"
1766,243.593,22.136,124.01,9178.08,243.925,4320.0,74.16,(-9-4-24),[6-1-2],Other/Random,23.39,"-9,-4,-24","6,-1,-2"
1767,334.694,50.022,46.73,10389.91,213.818,297.0,19.45,(16918),[4-6-1],Other/Random,35.08,"16,9,18","4,-6,-1"
1768,12.903,12.809,13.43,11390.52,244.673,5922.0,86.83,(209),[-9182],Other/Random,22.61,"2,0,9","-9,18,2"
1769,60.429,1.178,310.04,14785.15,221.438,1296.0,40.62,(001),[100],Cube {001}<100>,10.53,"0,0,1","1,0,0"
1770,333.087,49.57,47.14,15742.68,227.764,1143.0,38.15,(212),[14-21-3],Other/Random,34.96,"2,1,2","14,-21,-3"
1771,258.093,2.396,119.07,16328.34,210.293,369.0,21.68,(00-1),[7-20],Other/Random,17.33,"0,0,-1","7,-2,0"
1772,329.094,45.6,31.16,983.63,231.036,3762.0,69.21,(-7-4-8),[-535-14],Other/Random,23.66,"-7,-4,-8","-5,35,-14"
1773,63.118,45.575,300.56,1153.92,216.926,846.0,32.82,(-8-4-9),[-451036],Other/Random,22.19,"-8,-4,-9","-45,10,36"
1774,144.358,29.979,233.68,3430.08,244.0,3105.0,62.88,(-4-3-9),[-9-3616],Other/Random,34.88,"-4,-3,-9","-9,-36,16"
1775,216.647,53.847,137.11,4110.09,211.781,288.0,19.15,(-32-27-36),[-1421-3],Other/Random,34.23,"-32,-27,-36","-14,21,-3"
1776,79.976,1.036,251.69,4359.39,226.024,765.0,31.21,(00-1),[-9-50],Other/Random,16.7,"0,0,-1","-9,-5,0"
1777,324.037,47.08,49.01,6238.5,207.0,54.0,8.29,(-7-5-8),[03-2],Other/Random,34.81,"-7,-5,-8","0,3,-2"
1778,191.962,35.226,127.62,7296.9,215.325,360.0,21.41,(517),[-40-5635],Other/Random,35.51,"5,1,7","-40,-56,35"
1779,172.636,16.756,172.04,7999.45,255.514,10720.0,116.82,(-20-7),[1-40],Other/Random,22.67,"-2,0,-7","1,-4,0"
1780,320.893,51.735,51.71,8495.98,223.262,963.0,35.02,(-5-4-5),[09-7],Other/Random,38.12,"-5,-4,-5","0,9,-7"
1781,345.823,39.951,49.94,9885.75,240.659,4509.0,75.77,(-4-1-5),[4072-45],Other/Random,40.84,"-4,-1,-5","40,72,-45"
1782,0.255,13.331,12.85,11430.0,208.5,36.0,6.77,(104),[-290],Other/Random,18.67,"1,0,4","-2,9,0"
1783,337.266,50.39,40.82,11971.57,209.714,189.0,15.51,(562763),[27-45-5],Other/Random,30.8,"56,27,63","27,-45,-5"
1784,55.273,26.081,292.33,12670.4,228.535,1413.0,42.42,(-14-10-35),[-18-38],Other/Random,27.83,"-14,-10,-35","-18,-3,8"
1785,332.063,43.826,50.4,14697.94,223.03,603.0,27.71,(-54-28-63),[29-6],Other/Random,35.86,"-54,-28,-63","2,9,-6"
1786,207.194,12.212,175.8,14885.34,232.887,1989.0,50.32,(9545),[3-70],Other/Random,25.13,"9,5,45","3,-7,0"
1787,158.329,43.13,218.06,15270.86,210.643,126.0,12.67,(-21-8-24),[-9-6328],Other/Random,26.98,"-21,-8,-24","-9,-63,28"
1788,52.821,51.779,324.36,17036.66,219.396,477.0,24.64,(434),[-27-2545],Other/Random,39.37,"4,3,4","-27,-25,45"
1789,7.707,41.736,317.98,232.54,217.622,999.0,35.66,(64972),[918-10],Other/Random,36.92,"64,9,72","9,18,-10"
1790,205.4,34.805,131.15,689.25,210.0,72.0,9.57,(351656),[-2-63],Other/Random,34.72,"35,16,56","-2,-6,3"
1791,325.482,35.472,62.0,1397.72,228.975,1800.0,47.87,(-3-2-5),[1640-25],Other/Random,39.3,"-3,-2,-5","16,40,-25"
1792,68.603,13.037,266.19,1674.09,216.545,297.0,19.45,(-2-1-9),[-4-21],Other/Random,23.66,"-2,-1,-9","-4,-2,1"
1793,312.514,49.124,55.02,2501.55,227.372,2106.0,51.78,(544963),[-45536],Other/Random,31.47,"54,49,63","-45,5,36"
1794,347.353,42.062,6.6,5601.0,211.5,36.0,6.77,(110),[001],Goss {110}<001>,9.54,"1,1,0","0,0,1"
1795,206.145,28.856,137.81,5827.5,208.0,54.0,8.29,(214),[-2-93],Other/Random,30.46,"2,1,4","-2,-9,3"
1796,184.215,20.472,210.9,6222.63,227.493,1278.0,40.34,(308),[6-9-2],Other/Random,22.71,"3,0,8","6,-9,-2"
1797,181.002,35.82,215.82,6940.44,258.145,10410.0,115.14,(507),[21-35-15],Other/Random,36.71,"5,0,7","21,-35,-15"
1798,319.725,53.708,39.91,7283.14,214.143,189.0,15.51,(767),[5-82],Other/Random,33.93,"7,6,7","5,-8,2"
1799,306.861,49.153,18.79,7318.8,218.6,540.0,26.22,(564563),[-21187],Other/Random,42.65,"56,45,63","-21,18,7"
1800,322.874,54.584,45.22,8415.18,234.155,1566.0,44.65,(322736),[40-567],Other/Random,36.0,"32,27,36","40,-56,7"
1801,321.438,51.247,42.59,8463.4,222.772,1224.0,39.48,(-9-7-9),[-856-35],Other/Random,33.25,"-9,-7,-9","-8,56,-35"
1802,346.866,5.995,36.75,9540.13,246.507,8316.0,102.9,(-10-9),[2763-7],Other/Random,22.2,"-1,0,-9","27,63,-7"
1803,314.064,54.363,54.88,10642.51,242.724,4014.0,71.49,(-1-1-1),[-8-19],Other/Random,34.87,"-1,-1,-1","-8,-1,9"
1804,33.441,45.046,317.94,10857.49,238.8,5400.0,82.92,(151018),[09-5],Other/Random,29.56,"15,10,18","0,9,-5"
1805,153.889,31.498,166.79,11191.65,247.107,6858.0,93.44,(-35-18-63),[49-63-9],Other/Random,31.99,"-35,-18,-63","49,-63,-9"
1806,358.867,18.838,27.66,11308.59,212.294,153.0,13.96,(-10-3),[818-3],Other/Random,26.33,"-1,0,-3","8,18,-3"
1807,304.105,30.698,64.67,11586.76,224.937,1278.0,40.34,(326),[-18-29],Other/Random,25.0,"3,2,6","-18,-2,9"
1808,159.202,42.366,227.7,12088.5,207.0,18.0,4.79,(-18-7-21),[-5-159],Other/Random,35.6,"-18,-7,-21","-5,-15,9"
1809,350.592,34.815,40.28,12107.54,251.805,6633.0,91.9,(-6-1-9),[918-8],Other/Random,35.02,"-6,-1,-9","9,18,-8"
1810,242.98,20.442,122.28,13446.92,215.739,207.0,16.23,(-2-1-6),[24-3-8],Other/Random,21.1,"-2,-1,-6","24,-3,-8"
1811,208.305,28.133,117.79,13817.94,215.438,432.0,23.45,(16936),[-27-4525],Other/Random,30.2,"16,9,36","-27,-45,25"
1812,218.264,26.559,118.44,13971.36,248.596,5886.0,86.57,(6515),[-27-7232],Other/Random,34.18,"6,5,15","-27,-72,32"
1813,184.831,14.654,196.25,14332.76,237.126,4302.0,74.01,(104),[27-72-8],Other/Random,25.63,"1,0,4","27,-72,-8"
1814,189.851,40.962,183.5,16014.5,229.625,648.0,28.72,(110),[001],Goss {110}<001>,13.27,"1,1,0","0,0,1"
1815,191.493,42.192,176.52,16036.01,227.893,1260.0,40.05,(110),[001],Goss {110}<001>,9.7,"1,1,0","0,0,1"
1816,189.85,40.375,179.45,16111.21,231.844,2079.0,51.45,(110),[001],Goss {110}<001>,10.52,"1,1,0","0,0,1"
1817,138.642,48.23,260.27,16716.81,232.233,3438.0,66.16,(-10-9-12),[-2-34],Other/Random,42.63,"-10,-9,-12","-2,-3,4"
1818,199.859,48.495,133.52,16877.36,234.922,2430.0,55.62,(-64-27-72),[-14216],Other/Random,35.91,"-64,-27,-72","-14,21,6"
1819,63.469,23.106,278.61,2321.87,246.185,4086.0,72.13,(-15-8-40),[-63-1828],Other/Random,29.17,"-15,-8,-40","-63,-18,28"
1820,29.606,50.702,331.67,3734.84,247.174,3771.0,69.29,(-56-36-63),[2-51],Other/Random,23.96,"-56,-36,-63","2,-5,1"
1821,219.837,25.116,125.71,4012.85,238.631,1341.0,41.32,(211656),[-8-4015],Other/Random,28.92,"21,16,56","-8,-40,15"
1822,54.355,36.939,281.0,5833.17,255.514,4572.0,76.3,(-27-20-45),[-45-1835],Other/Random,29.33,"-27,-20,-45","-45,-18,35"
1823,142.367,47.276,230.15,5944.6,227.081,1116.0,37.7,(-18-14-21),[0-32],Other/Random,35.69,"-18,-14,-21","0,-3,2"
1824,47.701,49.043,332.74,6597.96,259.035,7515.0,97.82,(-54-49-63),[-633527],Other/Random,35.18,"-54,-49,-63","-63,35,27"
1825,317.217,52.901,51.97,8435.28,219.621,261.0,18.23,(-9-8-9),[-545-36],Other/Random,36.41,"-9,-8,-9","-5,45,-36"
1826,197.123,31.285,144.58,10542.86,251.385,7938.0,100.53,(24742),[-3-124],Other/Random,27.73,"24,7,42","-3,-12,4"
1827,350.421,10.045,45.16,10732.61,244.508,3294.0,64.76,(001),[110],Rotated Cube {001}<110>,13.76,"0,0,1","1,1,0"
1828,158.166,45.615,220.06,11611.5,216.0,72.0,9.57,(-8-3-8),[-2-147],Other/Random,29.01,"-8,-3,-8","-2,-14,7"
1829,188.668,38.967,168.72,12006.89,222.507,639.0,28.52,(110),[001],Goss {110}<001>,9.65,"1,1,0","0,0,1"
1830,265.818,14.385,83.65,12576.94,230.102,1323.0,41.04,(-10-4),[204-5],Other/Random,17.81,"-1,0,-4","20,4,-5"
1831,48.327,33.246,309.25,13334.3,219.0,306.0,19.74,(-7-6-14),[-904],Other/Random,28.9,"-7,-6,-14","-9,0,4"
1832,146.214,47.56,219.81,13775.73,252.33,5886.0,86.57,(-40-27-45),[1-95],Other/Random,29.14,"-40,-27,-45","1,-9,5"
1833,349.555,10.622,32.74,15296.63,235.805,3546.0,67.19,(-10-5),[1845-5],Other/Random,24.67,"-1,0,-5","18,45,-5"
1834,323.419,51.665,51.63,15604.42,234.965,1566.0,44.65,(434),[7-90],Other/Random,38.48,"4,3,4","7,-9,0"
1835,11.002,17.678,318.08,15704.37,228.434,684.0,29.51,(319),[1628-7],Other/Random,22.57,"3,1,9","16,28,-7"
1836,202.234,43.892,133.04,925.54,230.709,927.0,34.36,(642772),[-10-3521],Other/Random,34.59,"64,27,72","-10,-35,21"
1837,355.903,43.967,40.45,1274.54,242.268,3060.0,62.42,(-9-1-9),[714-8],Other/Random,37.65,"-9,-1,-9","7,14,-8"
1838,200.666,29.33,155.24,3170.85,223.769,351.0,21.14,(5210),[0-51],Other/Random,21.42,"5,2,10","0,-5,1"
1839,143.96,23.212,237.63,3488.48,251.574,4500.0,75.69,(-4-3-12),[-8-249],Other/Random,31.6,"-4,-3,-12","-8,-24,9"
1840,329.26,51.534,56.13,4052.85,240.808,1638.0,45.67,(402745),[63-72-16],Other/Random,42.35,"40,27,45","63,-72,-16"
1841,31.987,53.52,318.99,5610.99,230.391,576.0,27.08,(-7-5-8),[45-728],Other/Random,32.16,"-7,-5,-8","45,-72,8"
1842,210.065,43.469,131.27,6272.22,254.129,5796.0,85.91,(536),[-4-2415],Other/Random,33.98,"5,3,6","-4,-24,15"
1843,165.777,24.73,202.44,7268.14,227.87,1035.0,36.3,(-4-1-9),[-2-183],Other/Random,24.13,"-4,-1,-9","-2,-18,3"
1844,173.851,21.453,188.52,7643.15,222.321,252.0,17.91,(-20-5),[0-10],Other/Random,21.58,"-2,0,-5","0,-1,0"
1845,130.818,53.956,223.01,8303.52,230.11,1062.0,36.77,(-7-6-7),[4021-56],Other/Random,37.39,"-7,-6,-7","40,21,-56"
1846,225.091,4.053,153.2,8395.82,229.744,387.0,22.2,(00-1),[3-10],Other/Random,18.73,"0,0,-1","3,-1,0"
1847,82.672,45.889,318.21,9423.47,245.258,1746.0,47.15,(818),[-25-3528],Other/Random,43.37,"8,1,8","-25,-35,28"
1848,355.263,17.657,38.04,11314.11,231.37,657.0,28.92,(-10-3),[4572-16],Other/Random,21.15,"-1,0,-3","45,72,-16"
1849,171.535,43.38,223.74,11801.89,255.079,7857.0,100.02,(-56-9-63),[-5-106],Other/Random,38.14,"-56,-9,-63","-5,-10,6"
1850,167.544,33.496,219.53,11928.66,253.632,7398.0,97.05,(-14-3-21),[-2-52],Other/Random,32.83,"-14,-3,-21","-2,-5,2"
1851,234.063,7.525,144.27,13009.89,227.686,774.0,31.39,(-1-1-9),[9-3-1],Other/Random,19.81,"-1,-1,-9","9,-3,-1"
1852,26.326,38.683,316.71,13657.87,256.083,7281.0,96.28,(402156),[16-3],Other/Random,29.85,"40,21,56","1,6,-3"
1853,12.76,12.021,336.4,13847.93,256.778,4464.0,75.39,(105),[318-2],Other/Random,16.17,"1,0,5","3,18,-2"
1854,184.459,21.336,159.06,14042.64,256.645,4842.0,78.52,(205),[-2-71],Other/Random,26.9,"2,0,5","-2,-7,1"
1855,341.488,22.157,42.58,14644.62,229.978,819.0,32.29,(-3-1-8),[1435-10],Other/Random,30.39,"-3,-1,-8","14,35,-10"
1856,38.564,49.785,327.22,14835.57,236.498,2583.0,57.35,(322736),[-414-7],Other/Random,29.14,"32,27,36","-4,14,-7"
1857,214.504,48.991,126.3,16782.3,239.247,2403.0,55.31,(323),[-9-7256],Other/Random,38.91,"3,2,3","-9,-72,56"
1858,13.354,40.206,323.24,16929.33,225.545,594.0,27.5,(25630),[27-3],Other/Random,28.74,"25,6,30","2,7,-3"
1859,84.73,12.053,300.78,17248.28,236.22,1557.0,44.52,(-20-9),[-1052],Other/Random,22.89,"-2,0,-9","-10,5,2"
1860,338.664,35.092,45.06,1691.56,242.665,2097.0,51.67,(-8-3-12),[39-4],Other/Random,33.08,"-8,-3,-12","3,9,-4"
1861,346.559,8.334,356.15,1955.89,239.28,2025.0,50.78,(-10-7),[-130],Other/Random,19.18,"-1,0,-7","-1,3,0"
1862,161.935,42.937,209.95,3609.65,245.268,3798.0,69.54,(-56-18-63),[-8-7227],Other/Random,21.1,"-56,-18,-63","-8,-72,27"
1863,47.468,24.455,320.25,3804.41,248.566,3357.0,65.38,(-7-6-21),[-42712],Other/Random,25.63,"-7,-6,-21","-42,7,12"
1864,244.81,14.229,87.03,4083.96,231.04,675.0,29.32,(-2-1-9),[6335-18],Other/Random,22.01,"-2,-1,-9","63,35,-18"
1865,139.766,34.055,243.88,4859.81,249.409,3303.0,64.85,(-9-8-18),[-8-2415],Other/Random,35.27,"-9,-8,-18","-8,-24,15"
1866,26.744,29.808,313.93,6854.64,242.549,2097.0,51.67,(214),[1035-14],Other/Random,32.79,"2,1,4","10,35,-14"
1867,319.678,53.566,39.92,7305.0,219.0,27.0,5.86,(767),[5-82],Other/Random,33.87,"7,6,7","5,-8,2"
1868,200.306,40.238,179.89,7348.98,223.339,504.0,25.33,(281035),[3-80],Other/Random,20.77,"28,10,35","3,-8,0"
1869,21.835,45.361,318.53,7725.1,254.156,3168.0,63.51,(642772),[318-10],Other/Random,30.16,"64,27,72","3,18,-10"
1870,183.167,17.268,184.35,7750.66,234.168,963.0,35.02,(103),[1-80],Other/Random,18.82,"1,0,3","1,-8,0"
1871,196.792,27.208,136.07,8852.21,236.474,1026.0,36.14,(7214),[-32-7227],Other/Random,32.45,"7,2,14","-32,-72,27"
1872,202.546,34.394,179.75,8950.67,238.031,1440.0,42.82,(528),[2-50],Other/Random,24.71,"5,2,8","2,-5,0"
1873,10.237,4.71,24.18,9121.21,249.957,3555.0,67.28,(001),[110],Rotated Cube {001}<110>,11.58,"0,0,1","1,1,0"
1874,324.442,57.773,47.7,10694.06,232.971,918.0,34.19,(494563),[36-455],Other/Random,39.02,"49,45,63","36,-45,5"
1875,349.002,13.542,32.08,11038.2,241.484,1692.0,46.41,(-10-4),[38-1],Other/Random,25.02,"-1,0,-4","3,8,-1"
1876,352.972,14.705,11.66,11985.66,226.317,369.0,21.68,(-10-4),[190],Other/Random,15.41,"-1,0,-4","1,9,0"
1877,326.542,39.589,52.18,12284.47,253.141,3123.0,63.06,(-6-4-9),[15-3],Other/Random,35.36,"-6,-4,-9","1,5,-3"
1878,47.232,45.828,312.99,13055.74,243.75,2196.0,52.88,(-21-20-28),[-40825],Other/Random,32.46,"-21,-20,-28","-40,8,25"
1879,318.957,57.708,41.17,13123.61,258.743,6903.0,93.75,(-21-20-24),[7-5-2],Other/Random,37.0,"-21,-20,-24","7,-5,-2"
1880,188.513,17.767,198.58,14496.46,239.193,2376.0,55.0,(103),[9-18-2],Other/Random,25.17,"1,0,3","9,-18,-2"
1881,34.257,49.392,320.99,14592.69,238.62,3051.0,62.33,(323),[-19-5],Other/Random,29.54,"3,2,3","-1,9,-5"
1882,180.625,25.673,193.44,14938.1,235.967,2169.0,52.55,(102),[2-9-1],Other/Random,23.8,"1,0,2","2,-9,-1"
1883,316.477,9.276,60.09,15079.06,238.891,2070.0,51.34,(-9-8-72),[27-1],Other/Random,18.97,"-9,-8,-72","2,7,-1"
1884,7.373,36.665,324.91,15428.65,239.263,2052.0,51.11,(27436),[25-2],Other/Random,30.99,"27,4,36","2,5,-2"
1885,7.553,16.428,316.07,15534.52,233.8,1350.0,41.46,(207),[2028-7],Other/Random,18.54,"2,0,7","20,28,-7"
1886,145.186,42.093,213.16,15723.34,224.167,324.0,20.31,(-3-2-4),[5-3012],Other/Random,25.1,"-3,-2,-4","5,-30,12"
1887,7.706,37.304,7.83,16068.47,230.077,936.0,34.52,(27436),[-9364],Other/Random,16.45,"27,4,36","-9,36,4"
1888,177.824,20.293,199.15,16289.94,236.27,2034.0,50.89,(-30-8),[-16-567],Other/Random,26.4,"-3,0,-8","-16,-56,7"
1889,28.359,46.694,320.22,17162.11,234.707,1107.0,37.54,(16918),[02-1],Other/Random,28.3,"16,9,18","0,2,-1"
1890,16.793,15.676,335.95,40.7,227.609,207.0,16.23,(18763),[19-1],Other/Random,17.26,"18,7,63","1,9,-1"
1891,180.372,25.001,190.33,210.0,220.5,18.0,4.79,(409),[3-18-2],Other/Random,22.63,"4,0,9","3,-18,-2"
1892,61.011,18.816,308.58,246.85,233.935,414.0,22.96,(-12-7-42),[-2045],Other/Random,21.1,"-12,-7,-42","-20,4,5"
1893,334.435,52.669,44.33,696.58,244.347,1584.0,44.91,(12714),[6-9-1],Other/Random,34.09,"12,7,14","6,-9,-1"
1894,164.298,48.026,219.57,809.0,239.111,2520.0,56.64,(561863),[-592],Other/Random,30.99,"56,18,63","-5,9,2"
1895,108.269,43.782,224.65,882.92,231.033,819.0,32.29,(561863),[12-9-8],Other/Random,34.63,"56,18,63","12,-9,-8"
1896,117.543,52.749,215.66,1120.71,234.221,855.0,32.99,(-12-7-14),[1012-15],Other/Random,41.99,"-12,-7,-14","10,12,-15"
1897,41.43,34.694,303.26,1440.65,242.899,2133.0,52.11,(9818),[318-10],Other/Random,32.43,"9,8,18","3,18,-10"
1898,188.724,35.268,146.1,3922.7,228.652,207.0,16.23,(45763),[-3-83],Other/Random,29.38,"45,7,63","-3,-8,3"
1899,37.699,29.749,358.98,5697.53,260.676,5589.0,84.36,(439),[-340],Other/Random,30.87,"4,3,9","-3,4,0"
1900,2.015,9.185,345.54,6681.62,262.555,5157.0,81.03,(106),[290],Other/Random,15.46,"1,0,6","2,9,0"
1901,7.329,10.91,15.05,11117.64,248.01,1854.0,48.59,(105),[-250],Other/Random,24.87,"1,0,5","-2,5,0"
1902,353.82,18.885,32.29,11132.03,227.595,333.0,20.59,(-10-3),[2045-9],Other/Random,26.65,"-1,0,-3","20,45,-9"
1903,298.533,10.326,83.1,12965.57,222.857,63.0,8.96,(3218),[-5-21],Other/Random,23.94,"3,2,18","-5,-2,1"
1904,195.585,43.892,136.23,14731.95,239.188,2493.0,56.34,(32936),[-7-2112],Other/Random,34.35,"32,9,36","-7,-21,12"
1905,19.649,23.972,315.49,15680.19,242.868,1224.0,39.48,(317),[615-5],Other/Random,31.21,"3,1,7","6,15,-5"
1906,201.005,7.123,115.69,16949.25,219.75,36.0,6.77,(001),[110],Rotated Cube {001}<110>,7.32,"0,0,1","1,1,0"
1907,315.044,50.765,45.01,1039.42,230.921,342.0,20.87,(-49-48-56),[-29-6],Other/Random,36.12,"-49,-48,-56","-2,9,-6"
1908,173.876,29.712,167.9,1500.0,243.298,1449.0,42.95,(-36-7-63),[18-63-7],Other/Random,23.12,"-36,-7,-63","18,-63,-7"
1909,185.101,14.008,194.76,3557.83,254.981,2790.0,59.6,(104),[3-9-1],Other/Random,24.26,"1,0,4","3,-9,-1"
1910,210.414,12.049,136.17,4326.32,255.102,3186.0,63.69,(9545),[-14-639],Other/Random,18.01,"9,5,45","-14,-63,9"
1911,218.573,47.697,125.14,4797.0,229.5,126.0,12.67,(181421),[-4-3627],Other/Random,36.71,"18,14,21","-4,-36,27"
1912,356.117,28.495,46.97,7369.62,228.231,117.0,12.21,(-50-9),[56-3],Other/Random,28.56,"-5,0,-9","5,6,-3"
1913,205.105,29.674,135.49,7853.29,244.108,2241.0,53.42,(214),[-16-5621],Other/Random,32.21,"2,1,4","-16,-56,21"
1914,161.691,17.628,211.7,8364.47,243.62,1872.0,48.82,(-18-7-63),[-4-183],Other/Random,22.11,"-18,-7,-63","-4,-18,3"
1915,136.486,51.435,227.78,8679.1,252.314,3006.0,61.87,(-56-54-63),[7-4230],Other/Random,36.2,"-56,-54,-63","7,-42,30"
1916,212.436,34.449,139.16,10126.59,242.617,1341.0,41.32,(322156),[0-52],Other/Random,27.66,"32,21,56","0,-5,2"
1917,1.553,32.965,16.88,11077.43,243.974,1386.0,42.01,(203),[-12427],Other/Random,21.72,"2,0,3","-12,42,7"
1918,303.897,46.07,47.78,12983.1,238.949,1233.0,39.62,(647),[-312],Other/Random,30.02,"6,4,7","-3,1,2"
1919,185.233,21.471,217.88,13891.93,239.09,1305.0,40.76,(205),[49-56-16],Other/Random,21.55,"2,0,5","49,-56,-16"
1920,67.18,51.447,310.38,16961.04,242.522,1242.0,39.77,(637),[-30-2135],Other/Random,30.83,"6,3,7","-30,-21,35"
1921,286.889,48.758,42.34,17054.34,241.611,1944.0,49.75,(-56-18-63),[-36-4045],Other/Random,38.22,"-56,-18,-63","-36,-40,45"
1922,180.781,25.076,189.94,180.81,243.854,1233.0,39.62,(409),[3-18-2],Other/Random,22.54,"4,0,9","3,-18,-2"
1923,168.588,44.011,202.49,276.58,246.288,1593.0,45.04,(-5-1-5),[-7-6318],Other/Random,16.43,"-5,-1,-5","-7,-63,18"
1924,288.328,19.944,97.46,1472.36,243.338,720.0,30.28,(319),[-10-54],Other/Random,27.62,"3,1,9","-10,-5,4"
1925,187.279,6.249,130.21,2962.07,233.786,126.0,12.67,(001),[110],Rotated Cube {001}<110>,6.73,"0,0,1","1,1,0"
1926,174.584,24.9,166.55,4431.49,241.442,936.0,34.52,(-40-9),[3-9-1],Other/Random,27.06,"-4,0,-9","3,-9,-1"
1927,58.244,50.593,321.37,6589.29,227.357,126.0,12.67,(858),[-25-2440],Other/Random,38.03,"8,5,8","-25,-24,40"
1928,353.995,31.759,47.39,7645.56,264.763,3645.0,68.12,(-45-8-72),[34-2],Other/Random,31.96,"-45,-8,-72","3,4,-2"
1929,151.6,37.256,223.48,8806.21,253.29,3348.0,65.29,(-16-9-24),[-9-6328],Other/Random,29.58,"-16,-9,-24","-9,-63,28"
1930,37.985,39.459,309.35,9243.05,254.793,2610.0,57.65,(436),[763-36],Other/Random,33.82,"4,3,6","7,63,-36"
1931,354.177,13.761,36.63,10779.36,249.699,1854.0,48.59,(-10-4),[2442-7],Other/Random,19.74,"-1,0,-4","24,42,-7"
1932,26.985,30.904,306.94,11694.5,257.677,3339.0,65.2,(351863),[410-5],Other/Random,36.12,"35,18,63","4,10,-5"
1933,342.069,3.659,339.47,12497.8,230.6,135.0,13.11,(001),[110],Rotated Cube {001}<110>,7.49,"0,0,1","1,1,0"
1934,37.702,38.969,309.22,12827.7,237.039,693.0,29.7,(548),[19-5],Other/Random,33.82,"5,4,8","1,9,-5"
1935,14.383,6.289,7.11,13335.0,236.442,387.0,22.2,(109),[-250],Other/Random,22.38,"1,0,9","-2,5,0"
1936,182.606,24.226,208.21,739.5,246.702,1692.0,46.41,(409),[5-9-2],Other/Random,28.02,"4,0,9","5,-9,-2"
1937,119.182,48.234,235.23,1169.6,246.917,2268.0,53.74,(959),[35-10-28],Other/Random,25.74,"9,5,9","35,-10,-28"
1938,27.167,40.425,313.1,2407.37,244.899,711.0,30.09,(15820),[29-5],Other/Random,32.64,"15,8,20","2,9,-5"
1939,337.359,44.502,34.31,3528.75,231.45,180.0,15.14,(-64-27-72),[763-27],Other/Random,24.06,"-64,-27,-72","7,63,-27"
1940,191.797,31.508,134.28,3977.54,257.205,2106.0,51.78,(24540),[-5-94],Other/Random,33.35,"24,5,40","-5,-9,4"
1941,54.6,2.075,288.85,4176.19,256.477,2979.0,61.59,(00-1),[-7-20],Other/Random,16.68,"0,0,-1","-7,-2,0"
1942,62.108,40.291,278.21,5639.24,259.735,2070.0,51.34,(-15-8-20),[-56-1649],Other/Random,23.01,"-15,-8,-20","-56,-16,49"
1943,207.269,47.987,132.81,6132.81,262.307,4257.0,73.62,(212),[-3-2114],Other/Random,34.42,"2,1,2","-3,-21,14"
1944,170.975,13.49,226.95,6192.72,255.03,1809.0,47.99,(-10-4),[-27-368],Other/Random,15.23,"-1,0,-4","-27,-36,8"
1945,15.502,21.394,315.74,7320.71,235.418,495.0,25.1,(27872),[714-4],Other/Random,26.8,"27,8,72","7,14,-4"
1946,222.783,36.841,130.04,8257.5,264.348,4428.0,75.09,(10918),[0-21],Other/Random,31.54,"10,9,18","0,-2,1"
1947,238.514,50.121,117.7,8548.31,253.614,3195.0,63.78,(535),[569-63],Other/Random,24.41,"5,3,5","56,9,-63"
1948,199.708,43.365,168.91,9455.96,250.236,1485.0,43.48,(110),[001],Goss {110}<001>,14.14,"1,1,0","0,0,1"
1949,145.002,45.524,221.81,9797.87,233.87,207.0,16.23,(-35-24-42),[0-95],Other/Random,29.77,"-35,-24,-42","0,-9,5"
1950,211.788,31.863,145.37,10381.87,256.118,1836.0,48.35,(539),[0-31],Other/Random,25.15,"5,3,9","0,-3,1"
1951,3.747,17.58,13.92,11335.05,235.304,207.0,16.23,(103),[-18637],Other/Random,24.87,"1,0,3","-18,63,7"
1952,195.021,19.226,121.27,11528.29,256.409,2970.0,61.49,(319),[-40-4518],Other/Random,19.27,"3,1,9","-40,-45,18"
1953,33.521,51.292,325.43,12525.72,250.341,2556.0,57.05,(-3-2-3),[3-61],Other/Random,28.11,"-3,-2,-3","3,-6,1"
1954,34.205,47.706,323.12,13212.28,249.042,1953.0,49.87,(644572),[-18-4],Other/Random,27.83,"64,45,72","-1,8,-4"
1955,44.441,43.42,323.58,13447.5,236.679,252.0,17.91,(223),[-1863-28],Other/Random,30.84,"2,2,3","-18,63,-28"
1956,303.398,1.188,90.23,14165.22,248.83,1269.0,40.2,(001),[110],Rotated Cube {001}<110>,11.43,"0,0,1","1,1,0"
1957,185.848,38.601,199.12,15234.23,244.047,954.0,34.85,(36545),[27-72-16],Other/Random,24.64,"36,5,45","27,-72,-16"
1958,157.777,43.025,218.77,15252.0,230.4,45.0,7.57,(-18-7-21),[-2-147],Other/Random,27.43,"-18,-7,-21","-2,-14,7"
1959,10.292,20.368,3.05,16187.46,232.091,99.0,11.23,(27872),[-290],Other/Random,24.31,"27,8,72","-2,9,0"
1960,35.397,47.484,325.09,17186.05,243.711,873.0,33.34,(644572),[-16-3],Other/Random,27.35,"64,45,72","-1,6,-3"
1961,185.753,15.997,186.9,216.48,248.661,1116.0,37.7,(207),[2-90],Other/Random,20.37,"2,0,7","2,-9,0"
1962,327.968,48.252,52.8,855.92,251.143,1323.0,41.04,(-5-3-5),[212-9],Other/Random,38.24,"-5,-3,-5","2,12,-9"
1963,349.89,15.622,349.68,2540.44,248.531,1152.0,38.3,(-20-7),[-380],Other/Random,25.67,"-2,0,-7","-3,8,0"
1964,30.257,9.748,313.39,2583.91,250.125,1368.0,41.73,(9763),[1656-7],Other/Random,19.02,"9,7,63","16,56,-7"
1965,325.548,26.501,39.94,2807.65,246.07,387.0,22.2,(-14-10-35),[07-2],Other/Random,27.05,"-14,-10,-35","0,7,-2"
1966,256.102,9.017,95.1,3167.33,255.453,2205.0,52.99,(001),[100],Cube {001}<100>,12.59,"0,0,1","1,0,0"
1967,196.555,12.135,174.0,3652.9,256.585,954.0,34.85,(9545),[1-50],Other/Random,16.07,"9,5,45","1,-5,0"
1968,170.757,31.85,193.5,3699.94,241.594,288.0,19.15,(-45-8-72),[0-81],Other/Random,15.6,"-45,-8,-72","0,-8,1"
1969,154.967,36.398,191.77,3996.22,246.732,369.0,21.68,(-2-1-3),[16-567],Other/Random,19.74,"-2,-1,-3","16,-56,7"
1970,203.71,43.081,132.92,4788.9,234.6,90.0,10.7,(482156),[-5-2012],Other/Random,34.09,"48,21,56","-5,-20,12"
1971,191.979,33.903,163.77,5597.25,250.417,324.0,20.31,(14321),[0-61],Other/Random,15.09,"14,3,21","0,-6,1"
1972,342.802,31.029,51.9,5770.22,266.52,3825.0,69.79,(-24-7-42),[814-7],Other/Random,32.65,"-24,-7,-42","8,14,-7"
1973,192.908,47.077,130.45,6492.95,244.519,711.0,30.09,(-9-2-9),[-342],Other/Random,41.62,"-9,-2,-9","-3,4,2"
1974,175.232,42.181,219.84,6711.0,238.044,207.0,16.23,(-8-1-9),[-9-1810],Other/Random,36.63,"-8,-1,-9","-9,-18,10"
1975,24.124,10.758,6.62,7293.77,266.312,2862.0,60.37,(3218),[-350],Other/Random,17.84,"3,2,18","-3,5,0"
1976,246.801,21.364,95.54,7396.17,265.425,5058.0,80.25,(-21-8-56),[155-6],Other/Random,27.65,"-21,-8,-56","15,5,-6"
1977,197.641,42.463,127.91,7431.0,234.692,117.0,12.21,(491656),[-7-1410],Other/Random,41.14,"49,16,56","-7,-14,10"
1978,74.16,7.064,268.64,7568.8,269.198,5220.0,81.52,(-10-8),[-24-83],Other/Random,18.58,"-1,0,-8","-24,-8,3"
1979,349.115,36.249,43.97,7690.76,265.081,2223.0,53.2,(-5-1-7),[12-1],Other/Random,37.35,"-5,-1,-7","1,2,-1"
1980,44.449,39.498,314.63,8744.98,258.332,2925.0,61.03,(212035),[-218-9],Other/Random,32.07,"21,20,35","-2,18,-9"
1981,195.847,37.311,161.25,10310.24,257.995,5031.0,80.04,(110),[001],Goss {110}<001>,14.57,"1,1,0","0,0,1"
1982,174.856,42.56,218.15,11560.25,248.6,540.0,26.22,(-8-1-9),[-8-189],Other/Random,34.7,"-8,-1,-9","-8,-18,9"
1983,359.256,21.254,23.53,11631.24,263.254,3582.0,67.53,(-20-5),[1230-5],Other/Random,30.65,"-2,0,-5","12,30,-5"
1984,55.925,46.906,301.07,13027.0,232.0,27.0,5.86,(-40-27-45),[-40532],Other/Random,25.36,"-40,-27,-45","-40,5,32"
1985,187.722,20.844,146.98,13920.27,256.568,999.0,35.66,(308),[-27-6314],Other/Random,28.61,"3,0,8","-27,-63,14"
1986,299.226,8.505,92.67,14227.97,247.114,315.0,20.03,(9872),[-24-154],Other/Random,15.61,"9,8,72","-24,-15,4"
1987,279.583,21.326,104.28,15184.42,246.154,1053.0,36.62,(27872),[-63-2827],Other/Random,29.94,"27,8,72","-63,-28,27"
1988,218.464,38.623,127.64,15764.28,246.149,1089.0,37.24,(548),[-7-5632],Other/Random,34.27,"5,4,8","-7,-56,32"
1989,147.266,35.358,227.83,16170.79,247.533,1233.0,39.62,(-24-15-40),[-1-63],Other/Random,31.99,"-24,-15,-40","-1,-6,3"
1990,150.627,27.083,230.53,16840.5,231.0,18.0,4.79,(-16-9-36),[-5-156],Other/Random,34.25,"-16,-9,-36","-5,-15,6"
1991,174.4,20.846,207.01,16840.5,237.214,126.0,12.67,(-30-8),[-9-244],Other/Random,29.8,"-3,0,-8","-9,-24,4"
1992,199.522,40.701,143.15,16920.07,246.833,810.0,32.11,(281035),[-7-4218],Other/Random,26.37,"28,10,35","-7,-42,18"
1993,125.151,50.939,216.16,17094.33,244.696,414.0,22.96,(-7-5-7),[2120-35],Other/Random,39.76,"-7,-5,-7","21,20,-35"
1994,324.175,53.706,45.01,49.5,252.344,1098.0,37.39,(564563),[45-637],Other/Random,35.19,"56,45,63","45,-63,7"
1995,207.242,45.625,135.25,906.35,252.546,1386.0,42.01,(849),[-5-4024],Other/Random,31.8,"8,4,9","-5,-40,24"
1996,326.329,51.383,50.02,1222.57,247.478,1224.0,39.48,(323),[3-40],Other/Random,37.23,"3,2,3","3,-4,0"
1997,293.057,22.788,46.26,2443.28,248.836,1314.0,40.9,(9424),[-2197],Other/Random,30.68,"9,4,24","-21,9,7"
1998,197.955,41.857,136.16,3207.89,257.25,1548.0,44.4,(627),[-3-95],Other/Random,33.21,"6,2,7","-3,-9,5"
1999,189.482,13.021,166.1,3940.22,245.906,576.0,27.08,(001),[100],Cube {001}<100>,13.75,"0,0,1","1,0,0"
2000,221.843,41.141,119.71,4914.85,260.754,2745.0,59.12,(141221),[-7-3525],Other/Random,33.18,"14,12,21","-7,-35,25"
2001,129.931,27.196,265.12,6066.36,268.868,3960.0,71.01,(6515),[2416-15],Other/Random,28.93,"6,5,15","24,16,-15"
2002,185.831,27.064,194.48,7345.47,241.465,387.0,22.2,(102),[8-24-3],Other/Random,26.47,"1,0,2","8,-24,-3"
2003,207.68,45.014,129.32,8452.68,253.138,1566.0,44.65,(849),[-2-96],Other/Random,36.42,"8,4,9","-2,-9,6"
2004,37.731,42.0,320.71,8929.44,249.955,396.0,22.45,(453563),[-19-4],Other/Random,28.26,"45,35,63","-1,9,-4"
2005,92.313,34.996,299.31,8999.01,253.856,1251.0,39.91,(507),[2821-20],Other/Random,32.65,"5,0,7","28,21,-20"
2006,328.921,47.951,43.32,9775.68,258.506,1548.0,44.4,(-7-4-7),[05-3],Other/Random,31.18,"-7,-4,-7","0,5,-3"
2007,25.948,9.065,294.05,9824.65,260.762,2493.0,56.34,(001),[110],Rotated Cube {001}<110>,10.35,"0,0,1","1,1,0"
2008,191.52,20.844,156.92,12055.2,236.4,45.0,7.57,(27872),[-7-426],Other/Random,23.8,"27,8,72","-7,-42,6"
2009,227.563,48.378,123.71,12326.11,247.568,396.0,22.45,(-10-9-12),[50-4],Other/Random,30.95,"-10,-9,-12","5,0,-4"
2010,233.173,18.159,111.0,12465.43,244.56,450.0,23.94,(-5-4-20),[123-4],Other/Random,24.04,"-5,-4,-20","12,3,-4"
2011,53.046,46.743,303.43,13278.75,240.321,504.0,25.33,(-48-35-56),[-72956],Other/Random,27.31,"-48,-35,-56","-72,9,56"
2012,326.611,50.049,41.88,14782.17,246.623,693.0,29.7,(-3-2-3),[-545-27],Other/Random,31.25,"-3,-2,-3","-5,45,-27"
2013,49.027,58.625,317.33,17026.0,235.0,27.0,5.86,(-35-32-40),[2749-63],Other/Random,40.31,"-35,-32,-40","27,49,-63"
2014,337.754,51.432,47.98,81.73,249.663,855.0,32.99,(301435),[45-63-14],Other/Random,37.37,"30,14,35","45,-63,-14"
2015,23.227,17.239,307.66,2169.73,253.707,1629.0,45.54,(16756),[3563-18],Other/Random,23.4,"16,7,56","35,63,-18"
2016,224.456,29.053,120.29,4381.12,260.286,2079.0,51.45,(225),[-9-4520],Other/Random,31.63,"2,2,5","-9,-45,20"
2017,184.731,39.356,134.71,5442.55,266.78,3312.0,64.94,(15218),[-10-159],Other/Random,39.6,"15,2,18","-10,-15,9"
2018,21.045,36.72,327.47,6010.72,267.503,1773.0,47.51,(527),[19-3],Other/Random,22.93,"5,2,7","1,9,-3"
2019,311.903,58.126,46.02,6473.48,267.91,3114.0,62.97,(161518),[25-6],Other/Random,38.7,"16,15,18","2,5,-6"
2020,24.668,31.71,315.67,7193.28,268.981,3789.0,69.46,(20936),[1035-14],Other/Random,31.76,"20,9,36","10,35,-14"
2021,315.249,28.8,31.21,7465.34,270.029,2808.0,59.79,(-16-15-40),[-27-2],Other/Random,31.0,"-16,-15,-40","-2,7,-2"
2022,197.284,12.42,155.71,8200.65,269.58,2187.0,52.77,(001),[100],Cube {001}<100>,14.25,"0,0,1","1,0,0"
2023,27.579,42.374,320.71,9303.96,261.414,1044.0,36.46,(281535),[218-9],Other/Random,27.01,"28,15,35","2,18,-9"
2024,181.222,3.958,214.56,10300.5,238.5,36.0,6.77,(001),[110],Rotated Cube {001}<110>,10.03,"0,0,1","1,1,0"
2025,211.877,42.082,132.35,10436.23,259.855,2736.0,59.02,(14918),[-7-5632],Other/Random,32.63,"14,9,18","-7,-56,32"
2026,213.569,30.557,122.0,12006.44,254.308,1053.0,36.62,(326),[-3-84],Other/Random,36.7,"3,2,6","-3,-8,4"
2027,163.803,40.181,228.77,12429.76,265.038,3069.0,62.51,(-36-10-45),[-20-4527],Other/Random,38.62,"-36,-10,-45","-20,-45,27"
2028,194.169,10.353,174.5,12929.94,258.017,1575.0,44.78,(001),[100],Cube {001}<100>,13.5,"0,0,1","1,0,0"
2029,45.485,44.476,311.35,13312.77,252.155,873.0,33.34,(-15-14-21),[-72845],Other/Random,32.16,"-15,-14,-21","-72,8,45"
2030,201.714,45.995,132.53,16534.61,248.014,657.0,28.92,(838),[-6-2114],Other/Random,35.6,"8,3,8","-6,-21,14"
2031,326.895,49.414,48.93,17215.19,247.585,477.0,24.64,(-8-5-8),[763-45],Other/Random,35.65,"-8,-5,-8","7,63,-45"
2032,79.765,22.091,262.03,1032.37,255.175,1386.0,42.01,(-18-5-45),[-21-79],Other/Random,28.55,"-18,-5,-45","-21,-7,9"
2033,123.257,56.361,220.46,1089.3,254.73,801.0,31.94,(-12-10-15),[1512-20],Other/Random,39.31,"-12,-10,-15","15,12,-20"
2034,11.299,34.933,328.87,2201.36,249.107,252.0,17.91,(14321),[621-7],Other/Random,25.58,"14,3,21","6,21,-7"
2035,23.399,12.923,312.67,2392.75,251.583,324.0,20.31,(9545),[1842-7],Other/Random,24.68,"9,5,45","18,42,-7"
2036,130.535,45.671,213.76,2976.4,253.467,405.0,22.71,(769),[18-8-9],Other/Random,34.69,"7,6,9","18,-8,-9"
2037,178.9,22.026,179.1,3914.73,263.113,2313.0,54.27,(-20-5),[0-10],Other/Random,22.12,"-2,0,-5","0,-1,0"
2038,160.81,49.6,228.38,4800.71,264.63,2016.0,50.66,(839),[-572],Other/Random,38.17,"8,3,9","-5,7,2"
2039,161.56,47.237,221.05,5375.94,269.629,801.0,31.94,(313),[-592],Other/Random,31.19,"3,1,3","-5,9,2"
2040,278.497,7.397,64.81,5970.89,268.479,2610.0,57.65,(108),[-56167],Other/Random,18.25,"1,0,8","-56,16,7"
2041,31.755,20.673,310.85,7249.98,267.996,2034.0,50.89,(5315),[27-2],Other/Random,26.96,"5,3,15","2,7,-2"
2042,10.8,15.848,325.82,7773.99,267.701,1773.0,47.51,(207),[1230-5],Other/Random,26.75,"2,0,7","12,30,-5"
2043,276.207,13.736,73.91,7901.32,269.53,2700.0,58.63,(104),[-1223],Other/Random,16.91,"1,0,4","-12,2,3"
2044,216.496,47.077,125.32,8492.23,259.674,1323.0,41.04,(483556),[-1-86],Other/Random,37.99,"48,35,56","-1,-8,6"
2045,51.448,54.067,321.59,8598.19,262.569,1170.0,38.6,(403645),[-4-36],Other/Random,39.64,"40,36,45","-4,-3,6"
2046,133.98,39.395,229.2,8635.65,262.866,1404.0,42.28,(212035),[9-1-5],Other/Random,30.52,"21,20,35","9,-1,-5"
2047,136.508,53.05,223.89,11314.12,264.717,2070.0,51.34,(-9-8-9),[3-128],Other/Random,36.32,"-9,-8,-9","3,-12,8"
2048,346.708,19.663,30.08,11586.56,257.516,1116.0,37.7,(-3-1-9),[1242-7],Other/Random,25.8,"-3,-1,-9","12,42,-7"
2049,167.038,31.355,229.55,12572.6,257.649,1152.0,38.3,(-21-5-35),[-5-84],Other/Random,32.44,"-21,-5,-35","-5,-8,4"
2050,253.523,16.168,86.41,12611.08,245.539,117.0,12.21,(-18-7-63),[5621-16],Other/Random,25.72,"-18,-7,-63","56,21,-16"
2051,43.473,47.157,319.31,13349.75,260.06,1350.0,41.46,(282736),[-29-5],Other/Random,32.48,"28,27,36","-2,9,-5"
2052,357.088,10.88,14.85,13457.37,268.039,3429.0,66.08,(-10-5),[150],Other/Random,16.14,"-1,0,-5","1,5,0"
2053,340.915,17.727,13.44,13580.82,247.5,450.0,23.94,(-18-7-63),[-19-1],Other/Random,18.6,"-18,-7,-63","-1,9,-1"
2054,328.707,46.937,41.71,14131.48,269.926,2187.0,52.77,(-8-5-9),[09-5],Other/Random,29.76,"-8,-5,-9","0,9,-5"
2055,168.385,43.162,213.63,14665.94,248.929,765.0,31.21,(-40-9-45),[-7-2812],Other/Random,26.57,"-40,-9,-45","-7,-28,12"
2056,31.386,42.367,314.82,15208.5,241.5,54.0,8.29,(14918),[19-5],Other/Random,30.94,"14,9,18","1,9,-5"
2057,149.005,8.026,196.46,16050.77,249.766,423.0,23.21,(-9-8-72),[1-40],Other/Random,16.59,"-9,-8,-72","1,-4,0"
2058,27.673,46.729,323.48,16833.75,249.563,288.0,19.15,(16918),[02-1],Other/Random,26.11,"16,9,18","0,2,-1"
2059,48.921,44.535,323.97,17137.15,244.154,117.0,12.21,(-9-8-12),[-1045],Other/Random,33.91,"-9,-8,-12","-10,4,5"
2060,193.929,43.666,135.39,116.54,253.957,828.0,32.47,(829),[-2-53],Other/Random,35.94,"8,2,9","-2,-5,3"
2061,272.494,4.421,99.77,158.46,255.164,495.0,25.1,(001),[100],Cube {001}<100>,13.03,"0,0,1","1,0,0"
2062,168.754,30.211,198.17,420.8,255.275,981.0,35.34,(-36-7-63),[-2-183],Other/Random,18.65,"-36,-7,-63","-2,-18,3"
2063,214.949,53.476,130.92,778.62,256.816,684.0,29.51,(-56-45-63),[-790],Other/Random,37.57,"-56,-45,-63","-7,9,0"
2064,173.795,29.044,203.36,2486.69,256.511,1215.0,39.33,(-5-1-9),[-5-204],Other/Random,24.55,"-5,-1,-9","-5,-20,4"
2065,193.403,27.123,131.22,2943.77,269.011,2484.0,56.24,(418),[-35-5624],Other/Random,28.75,"4,1,8","-35,-56,24"
2066,330.306,44.636,49.65,3682.04,262.5,1224.0,39.48,(-12-7-14),[424-15],Other/Random,35.04,"-12,-7,-14","4,24,-15"
2067,236.03,11.739,133.5,3771.53,265.967,810.0,32.11,(-3-2-18),[42-7-6],Other/Random,15.11,"-3,-2,-18","42,-7,-6"
2068,131.855,13.354,213.12,4235.1,264.151,1071.0,36.93,(116),[56-16-7],Other/Random,20.08,"1,1,6","56,-16,-7"
2069,217.645,12.214,122.03,4516.52,266.515,1170.0,38.6,(4324),[-15-408],Other/Random,23.68,"4,3,24","-15,-40,8"
2070,161.903,42.972,215.95,5211.04,264.489,1602.0,45.16,(-56-18-63),[-3-188],Other/Random,26.12,"-56,-18,-63","-3,-18,8"
2071,23.41,31.847,335.18,5484.13,259.109,414.0,22.96,(16728),[09-2],Other/Random,20.4,"16,7,28","0,9,-2"
2072,202.01,48.347,135.44,10686.28,266.43,1467.0,43.22,(-5-2-5),[-25408],Other/Random,33.49,"-5,-2,-5","-25,40,8"
2073,31.362,55.327,321.17,11987.74,267.8,405.0,22.71,(-4-3-5),[24-405],Other/Random,31.73,"-4,-3,-5","24,-40,5"
2074,336.007,51.95,43.35,12047.49,260.526,684.0,29.51,(542863),[6-9-1],Other/Random,33.24,"54,28,63","6,-9,-1"
2075,4.882,36.688,329.34,12642.85,265.634,1206.0,39.19,(27436),[924-8],Other/Random,28.36,"27,4,36","9,24,-8"
2076,171.268,32.879,143.68,12676.66,251.684,342.0,20.87,(-45-8-72),[54-63-28],Other/Random,32.88,"-45,-8,-72","54,-63,-28"
2077,49.61,13.228,280.73,12961.21,270.063,1710.0,46.66,(-7-6-42),[-36-209],Other/Random,20.23,"-7,-6,-42","-36,-20,9"
2078,54.972,26.807,288.86,15564.96,250.217,621.0,28.12,(-14-10-35),[-4-12],Other/Random,28.67,"-14,-10,-35","-4,-1,2"
2079,313.197,59.317,46.78,16083.93,250.467,405.0,22.71,(403645),[718-21],Other/Random,39.61,"40,36,45","7,18,-21"
2080,207.703,21.251,140.5,17004.51,250.417,324.0,20.31,(216),[-2-123],Other/Random,24.27,"2,1,6","-2,-12,3"
2081,134.815,57.466,224.01,140.9,257.1,270.0,18.54,(989),[-4-912],Other/Random,39.53,"9,8,9","-4,-9,12"
2082,357.692,9.113,330.07,244.93,257.39,531.0,26.0,(-10-6),[-45728],Other/Random,15.67,"-1,0,-6","-45,72,8"
2083,182.524,33.123,185.59,458.86,257.016,576.0,27.08,(110),[001],Goss {110}<001>,14.16,"1,1,0","0,0,1"
2084,212.607,53.262,142.31,1125.08,256.644,657.0,28.92,(-64-45-72),[-47-1],Other/Random,30.27,"-64,-45,-72","-4,7,-1"
2085,30.426,44.657,327.52,2119.56,257.425,657.0,28.92,(12714),[-545-18],Other/Random,23.81,"12,7,14","-5,45,-18"
2086,340.408,30.902,56.81,2247.88,255.903,1017.0,35.98,(-20-7-35),[1421-12],Other/Random,31.84,"-20,-7,-35","14,21,-12"
2087,233.113,19.182,101.5,4080.16,265.345,1566.0,44.65,(-10-7-35),[7232-27],Other/Random,27.37,"-10,-7,-35","72,32,-27"
2088,174.734,8.863,151.68,5176.12,271.38,1233.0,39.62,(001),[110],Rotated Cube {001}<110>,14.44,"0,0,1","1,1,0"
2089,194.267,18.526,197.37,7038.13,271.849,1899.0,49.17,(319),[27-45-5],Other/Random,22.81,"3,1,9","27,-45,-5"
2090,163.183,32.133,223.04,7339.25,258.814,630.0,28.32,(-18-5-30),[-14-3515],Other/Random,33.95,"-18,-5,-30","-14,-35,15"
2091,45.735,14.473,295.89,7811.65,274.308,2043.0,51.0,(-6-5-30),[-12-43],Other/Random,23.35,"-6,-5,-30","-12,-4,3"
2092,165.525,38.741,229.07,8324.43,273.07,3087.0,62.69,(-35-9-45),[-5-106],Other/Random,39.87,"-35,-9,-45","-5,-10,6"
2093,30.99,49.707,327.49,9337.55,258.375,576.0,27.08,(-5-3-5),[28-639],Other/Random,25.67,"-5,-3,-5","28,-63,9"
2094,184.871,17.749,201.89,11489.9,274.04,1350.0,41.46,(103),[4-8-1],Other/Random,25.4,"1,0,3","4,-8,-1"
2095,309.719,58.949,41.42,12830.69,258.079,684.0,29.51,(151418),[914-18],Other/Random,40.89,"15,14,18","9,14,-18"
2096,312.812,56.481,40.95,13016.17,270.758,2493.0,56.34,(889),[1425-35],Other/Random,38.94,"8,8,9","14,25,-35"
2097,301.563,23.103,73.06,13247.21,264.993,1224.0,39.48,(271672),[-63-1427],Other/Random,27.29,"27,16,72","-63,-14,27"
2098,92.681,24.365,279.49,13284.36,252.5,378.0,21.94,(409),[92-4],Other/Random,23.75,"4,0,9","9,2,-4"
2099,186.939,28.727,137.73,13558.52,270.584,1386.0,42.01,(519),[-25-4016],Other/Random,30.28,"5,1,9","-25,-40,16"
2100,191.778,9.727,180.22,14248.06,251.189,333.0,20.59,(106),[2-90],Other/Random,15.43,"1,0,6","2,-9,0"
2101,214.196,34.316,126.13,15717.78,251.419,279.0,18.85,(322156),[-9-3620],Other/Random,36.04,"32,21,56","-9,-36,20"
2102,324.357,53.754,48.5,17123.25,251.125,432.0,23.45,(564563),[3-40],Other/Random,37.36,"56,45,63","3,-4,0"
2103,193.199,26.653,171.63,1975.35,258.825,360.0,21.41,(9218),[1-91],Other/Random,19.97,"9,2,18","1,-9,1"
2104,172.89,17.306,180.75,4426.8,250.2,45.0,7.57,(-20-7),[1-90],Other/Random,18.43,"-2,0,-7","1,-9,0"
2105,166.717,13.016,185.73,4478.15,266.891,1233.0,39.62,(-20-9),[1-70],Other/Random,15.04,"-2,0,-9","1,-7,0"
2106,152.562,49.818,217.9,5615.03,274.63,1143.0,38.15,(212),[-590],Other/Random,28.08,"2,1,2","-5,9,0"
2107,350.151,21.581,325.5,8384.88,275.355,1548.0,44.4,(-18-5-45),[-566318],Other/Random,21.59,"-18,-5,-45","-56,63,18"
2108,167.291,7.408,212.96,8400.0,250.5,18.0,4.79,(-10-8),[-27-728],Other/Random,21.55,"-1,0,-8","-27,-72,8"
2109,344.89,41.5,47.37,8861.79,267.097,1116.0,37.7,(-54-14-63),[2045-27],Other/Random,37.88,"-54,-14,-63","20,45,-27"
2110,0.939,7.583,24.74,10832.06,256.875,144.0,13.54,(108),[-9182],Other/Random,20.74,"1,0,8","-9,18,2"
2111,23.369,37.645,316.15,11007.32,267.473,1314.0,40.9,(527),[14-2],Other/Random,31.11,"5,2,7","1,4,-2"
2112,332.631,8.125,65.78,12234.99,270.16,1863.0,48.7,(001),[110],Rotated Cube {001}<110>,10.46,"0,0,1","1,1,0"
2113,30.801,51.642,323.1,12317.57,258.214,126.0,12.67,(-40-27-45),[5-91],Other/Random,28.66,"-40,-27,-45","5,-9,1"
2114,18.269,45.954,325.72,12604.5,249.0,18.0,4.79,(313),[972-32],Other/Random,25.03,"3,1,3","9,72,-32"
2115,188.078,22.847,180.67,14272.5,249.0,18.0,4.79,(27763),[1-70],Other/Random,23.76,"27,7,63","1,-7,0"
2116,198.022,13.346,183.96,16506.32,252.632,171.0,14.76,(219),[2-50],Other/Random,25.67,"2,1,9","2,-5,0"
2117,313.518,55.779,49.12,479.4,254.8,135.0,13.11,(989),[310-12],Other/Random,36.77,"9,8,9","3,10,-12"
2118,187.539,38.654,181.7,499.43,259.432,396.0,22.45,(110),[001],Goss {110}<001>,10.91,"1,1,0","0,0,1"
2119,354.692,7.744,346.63,1826.83,259.457,315.0,20.03,(-10-7),[-130],Other/Random,20.21,"-1,0,-7","-1,3,0"
2120,79.555,11.562,241.6,2824.92,271.312,1503.0,43.75,(001),[110],Rotated Cube {001}<110>,13.09,"0,0,1","1,1,0"
2121,191.081,8.285,182.4,3083.34,271.077,1179.0,38.74,(107),[1-40],Other/Random,15.81,"1,0,7","1,-4,0"
2122,201.361,15.264,140.45,4428.43,265.685,1458.0,43.09,(9436),[-12-427],Other/Random,23.7,"9,4,36","-12,-42,7"
2123,184.325,12.694,214.98,5580.66,264.382,495.0,25.1,(001),[110],Rotated Cube {001}<110>,13.91,"0,0,1","1,1,0"
2124,167.574,12.817,219.72,6220.57,277.368,1224.0,39.48,(-20-9),[-3-61],Other/Random,21.83,"-2,0,-9","-3,-6,1"
2125,194.302,20.727,149.42,6437.75,258.5,108.0,11.73,(27872),[-5-204],Other/Random,26.3,"27,8,72","-5,-20,4"
2126,312.736,43.153,47.63,8907.86,267.646,1422.0,42.55,(161524),[-35521],Other/Random,31.35,"16,15,24","-35,5,21"
2127,316.213,9.603,67.08,10815.16,267.933,1071.0,36.93,(-9-8-72),[1842-7],Other/Random,23.71,"-9,-8,-72","18,42,-7"
2128,147.077,32.921,245.94,12487.17,261.261,207.0,16.23,(-5-3-9),[-5-96],Other/Random,34.98,"-5,-3,-9","-5,-9,6"
2129,196.36,40.884,137.3,12612.94,271.234,1269.0,40.2,(10312),[-2-63],Other/Random,32.84,"10,3,12","-2,-6,3"
2130,203.249,53.238,127.75,12855.0,272.938,1296.0,40.62,(-28-15-35),[-24287],Other/Random,41.47,"-28,-15,-35","-24,28,7"
2131,186.606,31.662,132.88,13499.86,256.364,198.0,15.88,(45872),[-10-147],Other/Random,31.97,"45,8,72","-10,-14,7"
2132,339.908,5.049,25.37,13520.43,271.232,1512.0,43.88,(001),[100],Cube {001}<100>,7.3,"0,0,1","1,0,0"
2133,188.052,10.923,183.99,13591.02,270.738,1062.0,36.77,(105),[2-90],Other/Random,16.24,"1,0,5","2,-9,0"
2134,138.627,39.339,229.32,14190.11,274.136,1521.0,44.01,(-45-40-72),[0-95],Other/Random,32.72,"-45,-40,-72","0,-9,5"
2135,175.66,21.946,209.28,14545.8,254.4,45.0,7.57,(-20-5),[-15-357],Other/Random,29.65,"-2,0,-5","-15,-35,7"
2136,356.046,33.332,16.68,953.93,259.705,396.0,22.45,(-20-3),[16-1],Other/Random,18.07,"-2,0,-3","1,6,-1"
2137,212.548,51.057,122.74,981.9,259.8,270.0,18.54,(-8-5-8),[-40459],Other/Random,42.76,"-8,-5,-8","-40,45,9"
2138,193.87,40.651,141.17,1401.81,260.0,432.0,23.45,(25630),[-3-94],Other/Random,30.41,"25,6,30","-3,-9,4"
2139,117.886,12.419,255.64,1514.9,261.871,279.0,18.85,(9545),[92-2],Other/Random,18.34,"9,5,45","9,2,-2"
2140,214.824,2.324,149.71,2090.0,260.0,135.0,13.11,(001),[100],Cube {001}<100>,5.09,"0,0,1","1,0,0"
2141,176.039,4.029,164.22,2563.0,261.0,189.0,15.51,(-10-9),[3-80],Other/Random,20.14,"-1,0,-9","3,-8,0"
2142,331.299,26.326,49.19,3132.94,269.611,693.0,29.7,(-12-7-28),[824-9],Other/Random,33.25,"-12,-7,-28","8,24,-9"
2143,129.979,39.996,224.27,5530.3,272.593,2385.0,55.11,(454072),[18-4-9],Other/Random,31.26,"45,40,72","18,-4,-9"
2144,164.056,27.721,224.27,6824.31,277.96,2232.0,53.31,(-7-2-14),[-32-7227],Other/Random,32.26,"-7,-2,-14","-32,-72,27"
2145,24.875,39.057,351.34,9388.43,269.794,1179.0,38.74,(9412),[-39-1],Other/Random,20.19,"9,4,12","-3,9,-1"
2146,36.989,49.735,321.54,10842.0,258.0,63.0,8.96,(564563),[-318-10],Other/Random,30.22,"56,45,63","-3,18,-10"
2147,346.805,25.256,52.55,11095.5,258.5,54.0,8.29,(-4-1-9),[2736-16],Other/Random,25.87,"-4,-1,-9","27,36,-16"
2148,163.134,39.314,218.34,12474.12,274.71,900.0,33.85,(-28-9-36),[-9-3616],Other/Random,28.66,"-28,-9,-36","-9,-36,16"
2149,4.314,25.054,337.21,15636.0,255.0,63.0,8.96,(409),[1242-7],Other/Random,27.72,"4,0,9","12,42,-7"
2150,87.249,9.984,263.43,15801.0,255.0,27.0,5.86,(001),[100],Cube {001}<100>,13.65,"0,0,1","1,0,0"
2151,84.241,18.11,272.15,15861.0,255.0,27.0,5.86,(-10-3),[-9-13],Other/Random,18.46,"-1,0,-3","-9,-1,3"
2152,224.282,8.815,119.0,16021.5,255.0,54.0,8.29,(119),[-2-71],Other/Random,18.89,"1,1,9","-2,-7,1"
2153,176.325,21.854,221.89,16216.5,255.0,54.0,8.29,(-20-5),[-15-217],Other/Random,22.87,"-2,0,-5","-15,-21,7"
2154,149.16,10.767,226.64,16347.0,255.0,45.0,7.57,(-3-2-18),[-2-71],Other/Random,19.1,"-3,-2,-18","-2,-7,1"
2155,63.281,46.402,298.93,3112.69,265.219,288.0,19.15,(-8-4-9),[-18415],Other/Random,21.57,"-8,-4,-9","-18,4,15"
2156,191.476,30.358,152.65,4213.59,271.677,306.0,19.74,(36763),[-8-369],Other/Random,24.29,"36,7,63","-8,-36,9"
2157,330.832,49.997,39.5,8427.53,271.971,918.0,34.19,(959),[5-90],Other/Random,29.31,"9,5,9","5,-9,0"
2158,19.632,42.913,340.35,8957.27,270.567,810.0,32.11,(110),[001],Goss {110}<001>,14.78,"1,1,0","0,0,1"
2159,13.325,34.482,348.26,12328.82,276.091,1188.0,38.89,(110),[001],Goss {110}<001>,13.56,"1,1,0","0,0,1"
2160,214.479,33.283,151.4,12670.73,272.909,891.0,33.68,(402772),[7-4212],Other/Random,24.4,"40,27,72","7,-42,12"
2161,189.34,26.673,127.39,13727.14,276.455,594.0,27.5,(9218),[-5-63],Other/Random,26.73,"9,2,18","-5,-6,3"
2162,230.01,26.461,129.09,14225.26,274.54,684.0,29.51,(-9-8-24),[80-3],Other/Random,26.48,"-9,-8,-24","8,0,-3"
2163,151.298,49.725,213.35,716.0,263.0,27.0,5.86,(959),[-49-1],Other/Random,25.45,"9,5,9","-4,9,-1"
2164,211.821,20.957,114.95,1212.0,263.0,81.0,10.16,(5315),[-25-4016],Other/Random,24.0,"5,3,15","-25,-40,16"
2165,156.077,10.454,219.21,2787.71,262.588,153.0,13.96,(-3-2-18),[-2-81],Other/Random,18.5,"-3,-2,-18","-2,-8,1"
2166,345.002,42.092,48.83,4038.92,271.692,351.0,21.14,(-63-16-72),[36-4],Other/Random,39.36,"-63,-16,-72","3,6,-4"
2167,178.346,7.658,158.74,4845.3,273.211,639.0,28.52,(-10-7),[3-70],Other/Random,23.36,"-1,0,-7","3,-7,0"
2168,181.93,31.304,160.97,6422.18,280.382,1602.0,45.16,(305),[-3-122],Other/Random,22.22,"3,0,5","-3,-12,2"
2169,199.249,35.607,133.93,7332.75,281.518,1008.0,35.82,(629),[-3-84],Other/Random,34.83,"6,2,9","-3,-8,4"
2170,172.844,16.317,223.08,8512.06,271.235,153.0,13.96,(-20-7),[-20-287],Other/Random,18.66,"-2,0,-7","-20,-28,7"
2171,11.603,45.115,331.24,10865.14,272.278,972.0,35.18,(515),[424-9],Other/Random,22.11,"5,1,5","4,24,-9"
2172,160.879,47.37,212.16,11092.7,271.699,747.0,30.84,(313),[-27637],Other/Random,23.43,"3,1,3","-27,63,7"
2173,23.919,40.871,319.7,11428.5,272.25,108.0,11.73,(12515),[214-7],Other/Random,28.1,"12,5,15","2,14,-7"
2174,345.711,30.694,46.0,11734.29,266.143,63.0,8.96,(-4-1-7),[918-8],Other/Random,33.38,"-4,-1,-7","9,18,-8"
2175,45.797,57.591,318.67,11853.6,262.2,45.0,7.57,(-9-8-9),[2140-56],Other/Random,39.02,"-9,-8,-9","21,40,-56"
2176,206.777,40.325,165.06,12704.36,277.991,1044.0,36.46,(638),[12-427],Other/Random,19.27,"6,3,8","12,-42,7"
2177,209.15,34.391,129.05,12802.26,278.168,1395.0,42.14,(9515),[-4-147],Other/Random,35.17,"9,5,15","-4,-14,7"
2178,194.824,22.032,170.95,12893.72,276.626,1035.0,36.3,(18545),[1-91],Other/Random,22.77,"18,5,45","1,-9,1"
2179,171.04,37.525,222.45,13276.86,276.259,1044.0,36.46,(-6-1-8),[-1-21],Other/Random,36.9,"-6,-1,-8","-1,-2,1"
2180,349.731,28.926,34.05,196.5,264.0,36.0,6.77,(-5-1-9),[2156-16],Other/Random,30.87,"-5,-1,-9","21,56,-16"
2181,200.79,24.777,118.34,3002.85,275.56,1044.0,36.46,(18742),[-8-105],Other/Random,25.11,"18,7,42","-8,-10,5"
2182,179.623,7.246,167.94,4019.17,273.333,324.0,20.31,(001),[100],Cube {001}<100>,14.39,"0,0,1","1,0,0"
2183,356.758,28.514,46.86,7353.94,273.563,144.0,13.54,(-50-9),[56-3],Other/Random,28.55,"-5,0,-9","5,6,-3"
2184,68.059,8.153,269.16,7853.49,280.015,1170.0,38.6,(-10-8),[-42-187],Other/Random,23.65,"-1,0,-8","-42,-18,7"
2185,36.366,39.773,306.4,9322.31,273.793,477.0,24.64,(436),[530-18],Other/Random,36.0,"4,3,6","5,30,-18"
2186,303.814,26.015,79.56,9352.51,273.322,252.0,17.91,(141035),[-10-45],Other/Random,31.98,"14,10,35","-10,-4,5"
2187,26.997,45.444,319.0,11043.0,271.5,378.0,21.94,(849),[19-5],Other/Random,28.9,"8,4,9","1,9,-5"
2188,323.832,52.733,47.88,13902.55,278.257,945.0,34.69,(564563),[5-70],Other/Random,36.5,"56,45,63","5,-7,0"
2189,61.354,27.143,271.41,3041.8,275.921,684.0,29.51,(-16-9-36),[-14-78],Other/Random,32.35,"-16,-9,-36","-14,-7,8"
2190,187.958,9.058,176.33,3868.27,274.364,297.0,19.45,(001),[100],Cube {001}<100>,10.02,"0,0,1","1,0,0"
2191,205.943,10.555,120.24,5242.62,277.92,450.0,23.94,(3218),[-10-153],Other/Random,15.37,"3,2,18","-10,-15,3"
2192,16.019,41.72,313.75,5592.88,277.829,369.0,21.68,(24728),[25-3],Other/Random,36.36,"24,7,28","2,5,-3"
2193,286.511,32.859,62.77,6522.85,282.346,702.0,29.9,(25840),[-28716],Other/Random,21.33,"25,8,40","-28,7,16"
2194,118.516,47.148,216.22,8575.51,274.773,198.0,15.88,(212),[35-25-21],Other/Random,39.38,"2,1,2","35,-25,-21"
2195,115.913,51.211,215.34,8708.08,275.077,117.0,12.21,(-16-9-18),[45-6],Other/Random,42.11,"-16,-9,-18","4,5,-6"
2196,174.938,21.557,225.54,9004.91,273.429,693.0,29.7,(-20-5),[-12-155],Other/Random,22.02,"-2,0,-5","-12,-15,5"
2197,330.381,41.814,58.37,9208.5,275.4,180.0,15.14,(-7-4-9),[38-6],Other/Random,41.78,"-7,-4,-9","3,8,-6"
2198,31.343,29.546,310.8,9473.95,274.616,468.0,24.41,(7414),[728-12],Other/Random,33.74,"7,4,14","7,28,-12"
2199,146.098,45.851,217.91,10767.43,275.429,378.0,21.94,(-6-4-7),[2-189],Other/Random,27.6,"-6,-4,-7","2,-18,9"
2200,21.738,43.36,320.24,10921.39,274.611,486.0,24.88,(21824),[16-3],Other/Random,28.41,"21,8,24","1,6,-3"
2201,16.757,44.044,314.94,11062.04,273.808,234.0,17.26,(561863),[515-9],Other/Random,35.05,"56,18,63","5,15,-9"
2202,181.39,33.058,222.02,11567.97,279.556,729.0,30.47,(203),[8-10-5],Other/Random,33.1,"2,0,3","8,-10,-5"
2203,176.729,39.533,223.88,12027.32,279.179,603.0,27.71,(-50-6),[-10-159],Other/Random,39.77,"-5,0,-6","-10,-15,9"
2204,146.534,30.838,236.22,12517.51,279.557,1116.0,37.7,(-3-2-6),[-2-63],Other/Random,37.87,"-3,-2,-6","-2,-6,3"
2205,348.641,7.469,330.54,12580.31,279.452,657.0,28.92,(001),[110],Rotated Cube {001}<110>,8.56,"0,0,1","1,1,0"
2206,147.407,32.754,227.93,13198.99,279.217,747.0,30.84,(-5-3-9),[-3-188],Other/Random,32.19,"-5,-3,-9","-3,-18,8"
2207,159.868,44.247,221.66,13307.3,277.313,576.0,27.08,(-8-3-9),[-2-95],Other/Random,30.64,"-8,-3,-9","-2,-9,5"
2208,42.794,35.426,308.4,13381.07,279.393,756.0,31.03,(112),[02-1],Other/Random,31.31,"1,1,2","0,2,-1"
2209,219.55,38.483,115.82,3840.96,275.88,225.0,16.93,(548),[-7-2115],Other/Random,35.87,"5,4,8","-7,-21,15"
2210,175.026,10.273,166.04,4435.93,277.071,126.0,12.67,(-10-6),[1-30],Other/Random,21.52,"-1,0,-6","1,-3,0"
2211,159.25,10.974,220.04,5276.31,279.563,432.0,23.45,(-3-2-18),[-8-243],Other/Random,22.17,"-3,-2,-18","-8,-24,3"
2212,120.156,42.971,227.42,6179.92,285.592,639.0,28.52,(362045),[40-16-25],Other/Random,29.3,"36,20,45","40,-16,-25"
2213,180.294,35.982,174.39,6378.29,283.5,864.0,33.17,(110),[001],Goss {110}<001>,10.5,"1,1,0","0,0,1"
2214,182.15,13.56,209.54,6772.36,283.529,936.0,34.52,(104),[21-35-5],Other/Random,18.98,"1,0,4","21,-35,-5"
2215,194.004,37.822,187.11,6865.75,284.75,432.0,23.45,(15420),[27-72-8],Other/Random,21.15,"15,4,20","27,-72,-8"
2216,172.359,16.358,223.81,8473.93,276.214,126.0,12.67,(-20-7),[-20-287],Other/Random,18.58,"-2,0,-7","-20,-28,7"
2217,37.991,42.715,318.26,9263.91,275.25,288.0,19.15,(547),[-218-9],Other/Random,29.55,"5,4,7","-2,18,-9"
2218,303.436,21.111,62.99,9435.32,276.214,252.0,17.91,(329),[-9-13],Other/Random,22.06,"3,2,9","-9,-1,3"
2219,342.375,6.904,5.92,9609.0,273.857,63.0,8.96,(001),[100],Cube {001}<100>,13.58,"0,0,1","1,0,0"
2220,327.462,54.513,42.03,9753.75,274.5,72.0,9.57,(483556),[6-91],Other/Random,33.36,"48,35,56","6,-9,1"
2221,23.678,46.936,320.68,10471.11,275.526,171.0,14.76,(737),[218-9],Other/Random,28.37,"7,3,7","2,18,-9"
2222,20.849,50.197,324.17,10963.47,275.595,333.0,20.59,(-64-27-72),[9-18-2],Other/Random,27.0,"-64,-27,-72","9,-18,-2"
2223,138.521,56.751,226.64,11142.0,274.5,90.0,10.7,(-64-63-72),[-45359],Other/Random,38.96,"-64,-63,-72","-45,35,9"
2224,336.148,46.036,36.27,12059.38,281.226,558.0,26.65,(-7-3-7),[09-4],Other/Random,25.76,"-7,-3,-7","0,9,-4"
2225,211.428,4.528,128.71,12168.7,280.339,504.0,25.33,(109),[-27-728],Other/Random,20.37,"1,0,9","-27,-72,8"
2226,299.983,48.072,48.53,12196.5,279.546,594.0,27.5,(959),[-735],Other/Random,29.94,"9,5,9","-7,3,5"
2227,165.533,11.768,219.13,12750.77,280.269,702.0,29.9,(-10-5),[-28-639],Other/Random,23.47,"-1,0,-5","-28,-63,9"
2228,185.898,27.097,133.83,3330.0,275.25,36.0,6.77,(102),[-21-2812],Other/Random,27.5,"1,0,2","-21,-28,12"
2229,213.47,19.046,157.56,9621.92,276.391,207.0,16.23,(10735),[16-729],Other/Random,21.98,"10,7,35","16,-72,9"
2230,227.61,18.67,145.7,9744.69,277.154,117.0,12.21,(-9-8-36),[20-5-4],Other/Random,22.89,"-9,-8,-36","20,-5,-4"
2231,160.249,23.961,216.14,9892.14,276.17,477.0,24.64,(-3-1-7),[-1-41],Other/Random,28.96,"-3,-1,-7","-1,-4,1"
2232,3.212,22.375,327.66,11257.29,277.072,126.0,12.67,(205),[918-4],Other/Random,27.37,"2,0,5","9,18,-4"
2233,215.821,51.754,136.25,11730.96,281.864,396.0,22.45,(-7-5-7),[-69-1],Other/Random,33.49,"-7,-5,-7","-6,9,-1"
2234,233.805,54.89,130.35,11865.79,283.304,207.0,16.23,(494056),[4821-56],Other/Random,33.4,"49,40,56","48,21,-56"
2235,169.086,40.01,222.46,12002.11,281.919,333.0,20.59,(-5-1-6),[-4-95],Other/Random,35.49,"-5,-1,-6","-4,-9,5"
2236,222.034,40.321,121.16,12552.0,276.0,45.0,7.57,(353256),[-1-64],Other/Random,32.67,"35,32,56","-1,-6,4"
2237,160.409,16.754,227.79,13323.75,276.375,72.0,9.57,(-18-7-63),[-2-41],Other/Random,23.68,"-18,-7,-63","-2,-4,1"
2238,271.206,5.288,128.83,3105.0,278.25,36.0,6.77,(001),[110],Rotated Cube {001}<110>,7.25,"0,0,1","1,1,0"
2239,172.269,36.662,169.64,4356.75,280.125,72.0,9.57,(-27-4-36),[18-63-7],Other/Random,18.91,"-27,-4,-36","18,-63,-7"
2240,222.185,18.51,120.67,4450.25,278.5,108.0,11.73,(9836),[-2-72],Other/Random,25.18,"9,8,36","-2,-7,2"
2241,4.159,42.105,321.24,4948.42,282.316,171.0,14.76,(819),[12-1],Other/Random,35.97,"8,1,9","1,2,-1"
2242,16.218,41.986,313.11,5116.13,281.321,477.0,24.64,(24728),[25-3],Other/Random,36.87,"24,7,28","2,5,-3"
2243,208.254,49.941,128.43,8520.0,277.875,72.0,9.57,(-9-5-9),[-15204],Other/Random,38.48,"-9,-5,-9","-15,20,4"
2244,315.473,13.46,63.88,9686.15,278.571,189.0,15.51,(-1-1-6),[39-2],Other/Random,23.54,"-1,-1,-6","3,9,-2"
2245,47.919,14.818,310.94,9791.14,277.714,63.0,8.96,(001),[100],Cube {001}<100>,14.86,"0,0,1","1,0,0"
2246,36.276,47.71,311.14,11127.8,277.6,135.0,13.11,(869),[03-2],Other/Random,34.95,"8,6,9","0,3,-2"
2247,30.837,33.239,313.83,11243.5,278.0,54.0,8.29,(539),[318-8],Other/Random,31.26,"5,3,9","3,18,-8"
2248,207.173,46.821,135.53,13341.28,282.703,576.0,27.08,(212),[-5-4527],Other/Random,31.91,"2,1,2","-5,-45,27"
2249,24.858,46.865,316.61,13408.5,282.0,234.0,17.26,(949),[17-4],Other/Random,31.44,"9,4,9","1,7,-4"
2250,48.231,17.192,289.91,3447.0,279.0,27.0,5.86,(-10-9-45),[-24-98],Other/Random,27.74,"-10,-9,-45","-24,-9,8"
2251,330.812,30.527,43.22,9637.5,279.0,18.0,4.79,(-7-4-14),[424-9],Other/Random,30.01,"-7,-4,-14","4,24,-9"
2252,297.933,26.0,75.99,9850.5,279.0,54.0,8.29,(271463),[-18-49],Other/Random,26.21,"27,14,63","-18,-4,9"
2253,187.595,20.943,132.94,11444.64,284.273,297.0,19.45,(308),[-7-93],Other/Random,21.65,"3,0,8","-7,-9,3"
2254,158.652,30.312,227.34,11672.41,284.7,180.0,15.14,(-5-2-9),[-14-3515],Other/Random,35.66,"-5,-2,-9","-14,-35,15"
2255,320.522,53.995,42.71,12555.65,284.572,126.0,12.67,(161518),[10-153],Other/Random,34.97,"16,15,18","10,-15,3"
2256,125.037,52.774,222.9,13057.15,284.308,117.0,12.21,(-56-45-63),[107-14],Other/Random,35.92,"-56,-45,-63","10,7,-14"
2257,152.4,41.332,232.41,13221.86,283.929,126.0,12.67,(-35-18-45),[-16-5635],Other/Random,37.22,"-35,-18,-45","-16,-56,35"
2258,359.822,16.055,28.97,4420.5,282.0,18.0,4.79,(-20-7),[3563-9],Other/Random,22.78,"-2,0,-7","35,63,-9"
2259,274.631,31.577,90.24,4456.5,282.0,18.0,4.79,(110),[1-10],Rotated Goss {110}<1-10>,14.26,"1,1,0","1,-1,0"
2260,175.889,27.903,181.12,6503.29,288.53,153.0,13.96,(-50-9),[0-10],Other/Random,17.4,"-5,0,-9","0,-1,0"
2261,16.062,40.673,317.39,7502.1,290.4,180.0,15.14,(10312),[26-3],Other/Random,32.89,"10,3,12","2,6,-3"
2262,16.257,40.344,328.85,7752.0,289.385,117.0,12.21,(16520),[856-21],Other/Random,22.53,"16,5,20","8,56,-21"
2263,208.562,27.702,148.1,11979.38,285.375,144.0,13.54,(16936),[0-41],Other/Random,25.27,"16,9,36","0,-4,1"
2264,155.612,23.232,232.24,12271.42,285.632,171.0,14.76,(-12-5-30),[-4-83],Other/Random,28.81,"-12,-5,-30","-4,-8,3"
2265,196.866,19.263,121.7,13240.83,286.0,162.0,14.36,(319),[-20-249],Other/Random,19.59,"3,1,9","-20,-24,9"
2266,330.724,19.935,58.31,13931.5,285.5,54.0,8.29,(-2-1-6),[36-2],Other/Random,25.49,"-2,-1,-6","3,6,-2"
2267,134.256,44.391,182.35,3157.5,285.0,18.0,4.79,(151421),[1-10],Other/Random,44.11,"15,14,21","1,-1,0"
2268,68.803,29.712,296.29,3205.5,285.0,18.0,4.79,(-25-9-45),[-1427],Other/Random,21.82,"-25,-9,-45","-14,2,7"
2269,89.016,36.675,267.01,3214.5,285.0,36.0,6.77,(110),[1-10],Rotated Goss {110}<1-10>,9.15,"1,1,0","1,-1,0"
2270,93.909,35.937,259.52,3229.5,285.0,18.0,4.79,(110),[1-10],Rotated Goss {110}<1-10>,12.02,"1,1,0","1,-1,0"
2271,313.408,40.006,7.78,3250.5,285.0,18.0,4.79,(212035),[-63547],Other/Random,40.46,"21,20,35","-63,54,7"
2272,113.882,33.347,240.53,3262.5,285.0,18.0,4.79,(12520),[18-3-10],Other/Random,21.72,"12,5,20","18,-3,-10"
2273,72.395,3.362,302.96,3319.5,285.0,18.0,4.79,(-10-9),[-720],Other/Random,15.72,"-1,0,-9","-7,2,0"
2274,153.715,45.945,194.54,3373.5,285.0,18.0,4.79,(-8-4-9),[10-357],Other/Random,19.11,"-8,-4,-9","10,-35,7"
2275,68.921,38.078,257.05,3385.5,285.0,18.0,4.79,(-5-2-7),[-4-34],Other/Random,32.67,"-5,-2,-7","-4,-3,4"
2276,128.539,11.764,228.88,3610.5,285.0,18.0,4.79,(001),[100],Cube {001}<100>,12.04,"0,0,1","1,0,0"
2277,3.6,39.21,24.4,3678.0,285.0,27.0,5.86,(405),[-372],Other/Random,27.78,"4,0,5","-3,7,2"
2278,323.987,40.408,45.28,5146.5,285.0,18.0,4.79,(-4-3-6),[02-1],Other/Random,30.63,"-4,-3,-6","0,2,-1"
2279,35.889,25.825,336.83,11593.0,287.0,27.0,5.86,(141035),[-312-2],Other/Random,28.43,"14,10,35","-3,12,-2"
2280,46.074,57.537,318.56,11853.0,286.5,36.0,6.77,(-9-8-9),[2140-56],Other/Random,39.15,"-9,-8,-9","21,40,-56"
2281,152.143,48.105,214.88,12298.5,286.5,36.0,6.77,(-2-1-2),[0-94],Other/Random,25.55,"-2,-1,-2","0,-9,4"
2282,160.962,38.279,219.31,12924.0,286.5,90.0,10.7,(-3-1-4),[-9-3616],Other/Random,28.73,"-3,-1,-4","-9,-36,16"
2283,214.29,27.722,110.56,6024.9,292.2,90.0,10.7,(327),[-35-5632],Other/Random,29.39,"3,2,7","-35,-56,32"
2284,196.143,44.652,141.92,6304.58,291.79,171.0,14.76,(727),[-4-189],Other/Random,28.88,"7,2,7","-4,-18,9"
2285,231.54,33.093,112.83,12289.5,288.0,36.0,6.77,(-5-4-10),[51-3],Other/Random,27.59,"-5,-4,-10","5,1,-3"
2286,208.148,5.827,187.3,13939.5,288.0,36.0,6.77,(001),[110],Rotated Cube {001}<110>,11.19,"0,0,1","1,1,0"
2287,318.798,58.608,45.89,6735.82,292.364,99.0,11.23,(-35-32-40),[45-36-10],Other/Random,39.65,"-35,-32,-40","45,-36,-10"
2288,16.755,45.831,327.72,7738.0,293.333,81.0,10.16,(727),[756-24],Other/Random,23.67,"7,2,7","7,56,-24"
2289,316.298,55.484,43.23,6772.5,294.0,36.0,6.77,(-1-1-1),[7-5-2],Other/Random,37.49,"-1,-1,-1","7,-5,-2"
2290,215.557,13.903,182.1,7060.5,294.0,18.0,4.79,(7535),[7-90],Other/Random,15.71,"7,5,35","7,-9,0"
