grain_id,phi1,Phi,phi2,x,y,area,diameter,misorientation_cube_deg,misorientation_goss_deg,misorientation_rotated_cube_deg,misorientation_rotated_goss_deg,misorientation_alpha_deg,misorientation_gamma_deg,misorientation_eta_deg,misorientation_lambda_deg,is_relevant,nearest_component,angle_to_nearest_component_deg
1,163.633,14.317,185.96,4.09,2.727,99.0,11.23,17.6838,32.6487,37.3548,45.5201,34.4367,42.5544,10.6914,14.317,True,Other/Random,17.68
2,327.198,50.406,44.42,28.04,6.583,648.0,28.72,51.6422,32.9383,57.5606,42.0807,12.3775,10.5981,32.6477,49.6309,True,Other/Random,32.94
3,204.891,50.42,126.88,74.1,2.2,270.0,18.54,57.3302,40.7902,52.3071,45.6514,13.4525,16.5035,40.6322,45.6418,True,Other/Random,40.79
4,52.316,35.578,278.13,94.5,0.0,18.0,4.79,45.9441,52.695,38.6865,33.2067,23.2255,19.8218,43.644,35.578,False,Other/Random,33.21
5,344.395,22.665,31.33,102.0,1.5,54.0,8.29,27.5271,29.8208,36.871,43.9653,33.1442,36.207,17.8669,22.665,False,Other/Random,27.53
6,5.582,34.521,15.64,128.92,15.565,1386.0,42.01,40.3526,22.7846,41.7113,57.4015,27.7519,33.576,20.4787,34.521,False,Other/Random,22.78
7,16.221,23.702,354.51,193.1,40.047,7659.0,98.75,25.9864,24.4034,41.4639,47.581,33.8716,35.2814,11.4039,23.702,True,Other/Random,24.4
8,129.517,41.809,224.39,249.0,4.0,297.0,19.45,42.231,34.8127,56.5108,31.5163,20.6575,13.5497,31.0252,41.809,True,Other/Random,31.52
9,303.108,48.137,60.51,273.16,35.987,4239.0,73.47,48.2647,44.8997,54.5116,24.8961,6.9835,11.3844,40.9338,48.137,True,Other/Random,24.9
10,354.364,15.874,22.74,312.63,8.704,639.0,28.52,23.2949,34.0857,32.0182,46.7848,29.2611,43.2812,17.3838,15.874,False,Other/Random,23.29
11,2.126,23.07,12.05,417.36,38.544,14980.0,138.09,27.027,25.9139,38.3329,50.3748,32.0715,40.0349,14.0304,23.07,True,Other/Random,25.91
12,10.414,43.469,308.08,366.49,6.07,387.0,22.2,59.3983,45.0317,43.6024,47.4779,27.7646,28.1811,44.7761,43.469,False,Other/Random,43.6
13,10.781,35.449,310.49,535.07,10.554,504.0,25.33,52.0389,42.8215,35.9819,54.5673,28.6644,30.469,41.0843,35.449,False,Other/Random,35.98
14,306.464,49.633,48.14,600.84,32.701,6588.0,91.59,49.907,40.2087,60.2172,31.619,17.0589,8.4494,38.3219,49.633,True,Other/Random,31.62
15,336.787,33.324,2.54,649.74,8.163,387.0,22.2,39.0605,24.2509,41.0544,52.9378,23.9481,25.9808,21.1342,33.324,False,Other/Random,24.25
16,159.023,32.683,189.0,676.91,13.86,1089.0,37.24,34.7522,19.3836,46.139,49.1093,31.9473,27.296,14.2189,32.683,True,Other/Random,19.38
17,159.682,45.118,188.81,729.71,18.799,3042.0,62.23,46.4882,15.3999,53.244,55.2979,31.4837,21.0784,15.3681,45.118,False,Other/Random,15.4
18,212.01,52.329,146.65,787.54,9.943,630.0,28.32,52.3449,27.575,54.1653,46.0696,20.8558,10.7104,27.5749,47.8414,True,Other/Random,27.57
19,350.443,8.334,339.47,805.5,0.0,36.0,6.77,31.1942,46.8623,17.0722,53.6174,15.3839,48.1126,30.0167,8.334,True,Other/Random,17.07
20,32.632,45.207,323.75,835.95,9.99,900.0,33.85,45.344,26.2936,60.5443,41.3256,20.6416,13.405,25.3379,45.207,True,Other/Random,26.29
21,138.869,39.602,199.61,884.03,10.624,1197.0,39.04,44.8647,30.0484,45.7974,46.2901,22.72,15.3918,28.4039,39.602,False,Other/Random,30.05
22,18.099,9.927,327.28,937.96,20.376,2466.0,56.03,17.6574,38.9317,31.9235,44.0134,31.187,46.0338,15.1812,9.927,True,Other/Random,17.66
23,155.375,37.146,200.66,985.06,10.437,1071.0,36.93,37.3496,17.9671,54.8069,45.5111,33.3871,22.7208,14.5845,37.146,True,Other/Random,17.97
24,104.607,21.091,261.61,1028.61,23.744,2853.0,60.27,21.9783,45.8839,43.9522,25.3813,24.5871,37.6166,21.5671,21.091,False,Other/Random,21.98
25,193.407,37.861,144.34,1081.81,15.619,1701.0,46.54,43.7088,27.9386,43.953,49.2557,27.4611,28.0337,26.2248,37.861,False,Other/Random,27.94
26,161.404,26.739,208.71,1162.53,14.26,2115.0,51.89,28.5553,24.9465,43.7001,42.8665,33.1371,32.3653,14.5157,26.739,True,Other/Random,24.95
27,86.04,3.587,285.7,1218.52,15.284,1521.0,44.01,12.2739,45.9634,33.4474,43.0098,33.3891,52.0663,12.2585,3.587,True,cube,12.27
28,211.294,9.046,162.92,1270.29,17.924,2493.0,56.34,16.8359,39.4053,32.0566,44.2724,30.689,45.9816,14.6502,9.046,True,Other/Random,16.84
29,119.308,18.339,238.99,1342.58,17.028,2529.0,56.75,18.4171,39.0106,46.8492,30.5377,29.4669,37.3113,15.9293,18.339,False,Other/Random,18.42
30,346.685,2.52,22.82,1406.45,10.461,1035.0,36.3,9.8326,43.6016,35.5815,45.2357,35.5265,52.6025,9.5349,2.52,True,cube,9.83
31,160.304,14.271,216.04,1457.41,12.441,1593.0,45.04,21.6657,36.5953,31.9462,43.2439,30.5596,42.141,17.5469,14.271,True,Other/Random,21.67
32,173.101,20.209,199.63,1505.69,9.809,1035.0,36.3,23.8495,28.4723,37.9317,46.3384,33.9755,40.2028,13.3615,20.209,True,Other/Random,23.85
33,135.144,20.458,199.37,1548.5,59.991,8613.0,104.72,32.575,38.4051,28.2004,45.2844,19.505,34.2777,27.385,20.458,False,Other/Random,28.2
34,346.747,31.952,39.75,1574.9,2.4,270.0,18.54,41.2876,33.0008,36.8016,48.5572,30.0118,30.9826,29.2205,31.952,False,Other/Random,33.0
35,223.192,15.223,105.34,1634.83,8.134,1278.0,40.34,34.8728,49.6512,20.3415,44.7109,20.2125,39.5222,33.9248,15.223,False,Other/Random,20.34
36,65.957,45.252,320.62,1695.6,38.876,5877.0,86.5,52.1234,46.3751,48.6754,37.4735,28.1668,18.5632,43.7121,45.252,False,Other/Random,37.47
37,39.562,11.416,298.69,1738.65,13.784,999.0,35.66,24.5302,44.0456,25.8686,42.4601,25.644,43.3803,23.398,11.416,True,Other/Random,24.53
38,327.721,47.633,38.32,1778.07,8.546,1071.0,36.93,47.9924,28.0689,60.8079,42.0811,18.0548,12.1721,27.5687,47.633,True,Other/Random,28.07
39,169.444,17.122,209.68,1833.2,10.442,693.0,29.7,25.6156,34.7449,30.9471,46.0053,28.1588,41.4096,19.8151,17.122,False,Other/Random,25.62
40,140.005,48.791,219.76,1860.63,7.742,558.0,26.65,48.7915,31.4013,58.1024,38.9694,18.53,7.1239,30.7127,48.791,True,Other/Random,31.4
41,343.02,4.491,351.53,1892.31,10.121,819.0,32.29,25.8368,47.461,20.0543,51.2595,19.5863,50.8009,25.4324,4.491,True,Other/Random,20.05
42,243.067,20.292,96.81,1930.2,1.8,225.0,16.93,28.5035,47.5856,32.002,32.5382,29.7047,35.8335,27.8694,20.292,False,Other/Random,28.5
43,173.021,23.066,202.5,1954.41,20.51,2313.0,54.27,27.743,27.6988,37.2724,47.1889,32.174,38.4452,16.298,23.066,False,Other/Random,27.7
44,171.007,25.33,191.08,2011.84,17.387,2115.0,51.89,25.4144,20.6095,49.5254,47.3399,40.2942,36.4451,4.8302,25.33,True,Other/Random,20.61
45,319.547,52.106,41.03,2062.3,19.206,1836.0,48.35,52.109,33.5933,56.5644,40.0022,16.826,4.4988,33.3186,52.106,True,Other/Random,33.59
46,28.805,53.045,313.69,2121.96,24.234,3582.0,67.53,55.6593,35.4637,54.7097,45.7991,10.0375,13.1763,35.4381,45.5545,True,Other/Random,35.46
47,263.094,33.045,75.22,2121.0,0.0,45.0,7.57,39.3588,57.3419,40.2532,23.8092,23.0604,33.4509,39.2899,33.045,False,Other/Random,23.81
48,190.624,22.278,150.68,2153.4,0.6,45.0,7.57,29.0074,30.875,34.343,46.2388,29.97,37.8398,19.8654,22.278,False,Other/Random,29.01
49,195.528,25.49,138.17,2180.64,7.598,828.0,32.47,36.4698,35.816,31.5208,46.7293,27.0381,34.2018,28.467,25.49,False,Other/Random,31.52
50,155.195,33.15,180.83,2301.31,25.833,6363.0,90.01,40.713,26.8732,39.0966,54.1533,20.8946,25.5219,24.1141,33.15,False,Other/Random,26.87
51,178.768,30.673,162.43,2362.73,5.55,360.0,21.41,35.8587,23.4124,40.1328,53.394,29.7662,37.1206,18.6399,30.673,False,Other/Random,23.41
52,331.094,10.353,50.14,2391.31,38.84,5400.0,82.92,23.5974,42.8197,25.8933,44.2597,25.4192,44.8517,22.17,10.353,True,Other/Random,23.6
53,315.861,31.1,56.87,2433.0,6.769,351.0,21.14,33.5453,36.4543,44.5272,30.9526,20.5578,23.6424,26.926,31.1,False,Other/Random,30.95
54,318.607,57.096,44.03,2459.49,22.718,2169.0,52.55,57.1517,37.9309,55.2607,41.4184,13.94,3.8068,37.9056,50.9611,True,Other/Random,37.93
55,191.311,45.548,138.12,2521.85,21.818,3267.0,64.5,54.3978,34.8219,47.6632,46.1955,23.3576,27.2161,34.7368,45.548,False,Other/Random,34.82
56,154.443,50.36,220.42,2559.0,0.0,27.0,5.86,52.37,30.129,58.1796,46.8114,15.2255,16.0068,30.0861,45.9949,False,Other/Random,30.13
57,311.881,53.417,39.73,2585.43,42.137,4329.0,74.24,54.0239,37.4831,52.8426,39.0788,22.1024,2.849,37.1519,53.2835,True,Other/Random,37.48
58,169.572,28.343,174.09,2612.66,8.614,1188.0,38.89,32.631,22.7879,40.0992,54.1611,29.4878,34.1757,15.8766,28.343,False,Other/Random,22.79
59,183.141,34.877,153.54,2655.0,1.5,72.0,9.57,41.7521,26.133,40.888,53.6151,29.5823,34.7769,23.9458,34.877,False,Other/Random,26.13
60,174.775,29.782,159.07,2669.18,1.364,99.0,11.23,39.4402,29.4683,35.1291,55.955,23.6218,35.6307,25.5908,29.782,False,Other/Random,29.47
61,197.997,14.428,130.79,2727.22,24.414,3519.0,66.94,34.3109,45.3224,19.9309,49.163,18.2108,42.2342,32.0193,14.428,True,Other/Random,19.93
62,147.458,39.227,241.42,2777.62,15.994,1575.0,44.78,48.3707,42.9979,42.2898,40.9896,20.5137,17.9301,39.718,39.227,False,Other/Random,40.99
63,217.714,24.243,123.88,2805.33,2.333,81.0,10.16,30.355,37.6377,35.8377,36.263,28.3203,30.7969,25.3035,24.243,False,Other/Random,30.35
64,239.556,8.714,104.24,2817.81,22.309,1341.0,41.32,18.3847,45.2429,30.0589,40.2631,30.0589,46.3369,18.0792,8.714,True,Other/Random,18.38
65,78.204,8.419,285.4,2841.4,7.8,405.0,22.71,9.1567,43.8922,42.2066,37.0322,37.0292,47.8438,8.9397,8.419,True,cube,9.16
66,95.49,17.898,263.73,2868.34,5.321,477.0,24.64,17.9148,46.5234,47.5359,27.265,27.2281,42.012,17.82,17.898,False,Other/Random,17.91
67,230.583,18.978,110.53,2898.27,3.0,198.0,15.88,26.7135,43.003,32.1836,35.0674,31.0655,35.8809,24.9287,18.978,False,Other/Random,26.71
68,241.098,8.638,95.04,2913.0,6.692,117.0,12.21,25.356,49.0538,22.8163,43.4662,22.8007,46.4788,25.2264,8.638,True,Other/Random,22.82
69,237.927,16.616,99.18,2945.4,20.52,2871.0,60.46,28.2222,47.4519,27.593,37.2058,27.5875,38.6655,27.5878,16.616,False,Other/Random,27.59
70,197.409,14.839,143.14,2996.38,5.491,477.0,24.64,24.4216,37.4908,29.4836,44.5075,27.8117,41.9762,20.456,14.839,True,Other/Random,24.42
71,346.256,8.243,356.94,3028.75,25.48,4122.0,72.45,18.7038,40.2365,29.3528,47.8263,28.2307,47.8204,16.778,8.243,True,Other/Random,18.7
72,311.476,18.108,62.28,3087.3,3.6,90.0,10.7,22.7057,39.8979,35.9987,34.363,30.8906,36.6737,20.2041,18.108,False,Other/Random,22.71
73,211.529,4.096,135.66,3100.82,24.139,2520.0,56.64,13.4473,43.6537,32.4417,44.3811,32.3752,50.7584,13.05,4.096,True,cube,13.45
74,114.857,4.337,230.74,3162.13,5.125,648.0,28.72,15.0385,45.0774,30.8956,43.6859,30.6828,50.6789,14.8593,4.337,True,Other/Random,15.04
75,6.673,39.022,4.95,3213.23,9.0,1062.0,36.77,40.6515,12.4016,50.9225,59.4826,34.6006,31.5882,10.9687,39.022,True,goss,12.4
76,40.256,49.812,313.32,3253.77,5.353,459.0,24.17,50.1983,35.0425,57.3587,37.292,12.1088,6.1882,34.212,49.812,True,Other/Random,35.04
77,232.999,46.704,117.13,3308.5,31.196,3996.0,71.33,47.6785,44.4862,52.9049,26.3878,4.6317,10.1306,40.3721,46.704,True,Other/Random,26.39
78,352.624,30.798,4.61,3382.41,14.475,2367.0,54.9,30.919,14.9384,51.8525,51.4039,41.6408,34.2035,4.1485,30.798,True,goss,14.94
79,192.754,10.036,167.77,3435.79,23.191,1836.0,48.35,10.0496,35.2687,45.5382,43.882,42.8889,46.4602,2.2301,10.036,True,cube,10.05
80,129.776,16.449,249.36,3453.43,0.857,63.0,8.96,25.184,43.3786,30.5761,36.7668,30.4931,38.3753,23.7506,16.449,False,Other/Random,25.18
81,206.469,8.482,141.06,3479.12,33.44,2331.0,54.48,15.0727,39.9933,33.5877,42.7579,33.217,46.7468,13.2595,8.482,True,Other/Random,15.07
82,188.793,10.82,147.31,3510.2,31.805,2349.0,54.69,26.1999,42.0007,23.6872,48.2616,22.3034,46.3095,24.1038,10.82,True,Other/Random,23.69
83,307.428,38.033,39.52,3558.73,24.553,3420.0,65.99,40.1317,34.7593,49.2873,33.5023,27.1024,17.556,29.9041,38.033,False,Other/Random,33.5
84,159.745,23.094,223.68,3617.78,34.466,2358.0,54.79,32.781,35.9024,31.5036,44.0898,28.397,34.7206,26.0487,23.094,False,Other/Random,31.5
85,132.937,21.193,253.99,3648.27,12.07,1917.0,49.4,34.1451,46.7892,27.7856,38.3805,27.6628,33.5624,32.436,21.193,False,Other/Random,27.79
86,196.87,17.755,161.02,3742.81,26.846,7533.0,97.94,17.8789,28.6781,46.2592,42.8699,39.3236,39.6974,5.8307,17.755,True,Other/Random,17.88
87,144.007,53.635,216.73,3838.13,10.849,1314.0,40.9,53.6397,31.0433,53.9573,44.1,18.8425,7.3835,31.0357,49.3434,True,Other/Random,31.04
88,168.228,36.66,221.41,3879.51,17.171,1107.0,37.54,46.8194,34.3325,39.6463,51.2343,28.9582,29.432,32.5977,36.66,False,Other/Random,34.33
89,18.689,36.565,318.35,3913.5,0.0,126.0,12.67,42.9668,31.0648,42.498,46.1409,25.6575,25.8761,28.4951,36.565,False,Other/Random,31.06
90,187.956,30.862,187.41,3974.99,12.949,2133.0,52.11,34.3923,20.2655,42.5348,55.9712,30.8849,33.9108,14.8096,30.862,True,Other/Random,20.27
91,7.943,43.785,316.44,4022.14,33.744,2286.0,53.95,55.8835,38.2882,44.7307,46.9749,26.712,29.8091,38.1451,43.785,False,Other/Random,38.29
92,321.841,52.009,46.81,4058.78,19.252,1854.0,48.59,52.6741,35.7551,55.5569,39.4578,10.6098,6.1276,35.3695,51.7066,True,Other/Random,35.76
93,146.386,53.124,219.84,4096.13,23.14,1224.0,39.48,53.4612,31.5656,57.4782,43.91,15.1992,9.3373,31.5407,48.2274,True,Other/Random,31.57
94,189.082,40.105,136.57,4107.75,4.705,396.0,22.45,52.3387,37.5273,41.4391,50.8078,28.4885,29.8233,36.8594,40.105,False,Other/Random,37.53
95,187.481,46.934,136.92,4156.51,25.865,3591.0,67.62,58.2922,38.2884,47.814,43.8439,24.7897,29.847,38.2879,43.5853,False,Other/Random,38.29
96,328.192,13.587,56.59,4197.45,9.278,486.0,24.88,28.2111,43.6028,24.3198,43.8781,23.7032,41.5874,26.4149,13.587,True,Other/Random,24.32
97,329.109,52.605,40.94,4207.07,2.571,126.0,12.67,53.489,31.5327,58.7206,44.8097,13.8428,11.5528,31.51,47.018,True,Other/Random,31.53
98,136.18,55.447,227.22,4225.83,1.667,162.0,14.36,55.5429,39.1524,54.2087,38.3633,12.104,1.201,38.8969,53.5412,True,Other/Random,38.36
99,206.752,40.207,166.95,4273.93,25.392,3123.0,63.06,42.386,19.8225,50.5513,50.0374,29.4035,19.6924,18.6437,40.207,False,Other/Random,19.82
100,117.138,4.773,258.82,4295.57,2.929,378.0,21.94,16.6521,46.3312,29.4233,43.3809,29.4219,50.2072,16.5772,4.773,True,Other/Random,16.65
101,322.866,42.113,44.0,4323.66,6.469,288.0,19.15,42.6439,30.3686,56.2242,36.3681,17.2781,13.909,27.8024,42.113,True,Other/Random,30.37
102,211.097,17.034,165.56,4347.75,0.375,72.0,9.57,23.7816,33.9959,32.9778,44.364,28.0241,38.3533,17.7515,17.034,False,Other/Random,23.78
103,217.957,33.84,117.73,4383.57,9.389,1179.0,38.74,41.46,41.3859,39.5039,36.5633,21.9172,21.44,35.0071,33.84,False,Other/Random,36.56
104,68.882,48.733,308.11,4426.4,31.345,3213.0,63.96,51.4392,47.7406,55.779,28.3229,23.4013,19.6147,45.0512,45.4795,False,Other/Random,28.32
105,54.654,58.369,322.74,4468.9,9.077,1053.0,36.62,60.6863,44.0409,47.3546,42.6736,29.1651,8.8312,43.9928,46.0126,True,Other/Random,42.67
106,325.562,25.249,25.39,4505.1,2.4,90.0,10.7,26.7964,27.5535,43.6914,39.747,35.2126,30.1664,15.3361,25.249,False,Other/Random,26.8
107,118.992,44.426,223.98,4540.63,18.922,1845.0,48.47,47.4229,41.8747,52.1186,32.2508,26.2271,15.9102,38.506,44.426,False,Other/Random,32.25
108,53.177,52.266,316.34,4613.97,17.627,3618.0,67.87,53.0654,40.4163,55.5576,35.4014,21.2786,7.0187,39.4833,50.7225,True,Other/Random,35.4
109,153.015,37.699,231.33,4664.25,1.875,72.0,9.57,44.6351,36.1889,42.8055,42.2657,21.6373,21.3081,33.1628,37.699,False,Other/Random,36.19
110,147.955,48.51,224.75,4679.35,5.27,333.0,20.59,50.0487,32.3733,57.7305,41.6096,13.2088,11.8928,31.849,48.51,True,Other/Random,32.37
111,155.47,50.004,216.34,4730.74,42.489,8001.0,100.93,51.2923,27.0262,59.4203,47.6469,18.0123,16.8445,27.0087,45.8176,False,Other/Random,27.03
112,200.736,34.355,133.79,4781.05,12.683,1701.0,46.54,42.539,34.4213,39.3703,45.178,26.5057,26.2728,30.8855,34.355,False,Other/Random,34.42
113,165.201,43.687,223.72,4888.89,60.102,17770.0,150.4,51.9989,34.6616,46.4158,48.6691,22.792,25.1881,34.2684,43.687,False,Other/Random,34.66
114,157.569,21.993,222.25,4979.75,22.846,3042.0,62.23,29.5236,34.4849,33.3158,42.3647,30.7073,35.1456,22.7651,21.993,False,Other/Random,29.52
115,195.469,5.854,179.33,5055.59,26.614,5247.0,81.74,15.9088,41.757,30.7502,46.8061,30.1976,49.6994,14.8026,5.854,True,Other/Random,15.91
116,345.158,44.761,42.36,5151.82,42.811,7290.0,96.34,52.1702,33.4474,47.8899,47.883,21.9963,24.8974,33.1939,44.761,False,Other/Random,33.45
117,3.685,32.862,326.06,5155.0,4.3,270.0,18.54,44.3839,33.3669,35.935,54.1659,25.8468,35.1418,30.9017,32.862,False,Other/Random,33.37
118,123.856,43.834,243.72,5197.66,11.821,1512.0,43.88,44.4521,44.1168,55.9958,23.6076,6.6238,13.7623,38.3915,43.834,True,Other/Random,23.61
119,194.353,25.214,128.76,5236.27,10.818,594.0,27.5,44.4321,44.5103,26.467,51.5425,22.1691,34.756,38.6107,25.214,False,Other/Random,26.47
120,196.231,30.497,133.93,5264.34,13.649,1179.0,38.74,42.4172,37.3176,33.9774,48.0498,28.6148,30.605,32.9044,30.497,False,Other/Random,33.98
121,216.09,45.269,135.41,5341.77,52.012,14010.0,133.57,46.0188,31.425,57.5416,37.9321,15.1204,11.6549,29.9434,45.269,True,Other/Random,31.43
122,152.541,48.941,217.89,5334.0,0.0,45.0,7.57,49.9733,27.74,59.298,45.2662,17.4162,14.9252,27.589,48.0035,True,Other/Random,27.74
123,219.756,48.325,126.02,5346.0,0.0,27.0,5.86,50.2541,38.6888,53.5198,36.1077,8.0903,7.609,37.2489,48.325,True,Other/Random,36.11
124,220.047,54.533,124.64,5404.41,14.338,1305.0,40.76,56.4831,42.5388,48.3318,38.6766,2.9268,4.0437,42.0733,51.4296,True,Other/Random,38.68
125,27.432,52.812,315.03,5445.62,12.265,1224.0,39.48,55.4488,34.4499,55.7582,45.927,11.1015,14.2808,34.4395,45.0022,True,Other/Random,34.45
126,32.435,25.422,306.68,5493.85,8.977,1152.0,38.3,32.7913,37.1112,34.9029,38.6678,28.9978,30.2815,26.7921,25.422,False,Other/Random,32.79
127,222.581,47.134,134.03,5540.8,25.431,2736.0,59.02,47.2487,34.1186,60.0808,35.1716,14.4157,7.8292,32.5719,47.134,True,Other/Random,34.12
128,145.304,36.686,217.08,5586.33,30.772,2169.0,52.55,36.7607,26.027,55.6682,37.3519,24.0584,19.4519,21.3846,36.686,False,Other/Random,26.03
129,313.934,55.394,42.37,5606.63,2.625,72.0,9.57,55.5074,38.157,53.9553,39.3428,18.271,1.0941,37.9795,53.649,True,Other/Random,38.16
130,312.75,22.67,75.93,5640.71,14.926,1818.0,48.11,36.4097,48.0351,27.8708,38.6033,27.7703,32.0918,34.6861,22.67,False,Other/Random,27.87
131,351.349,22.349,47.81,5688.02,22.552,1809.0,47.99,44.8694,46.3528,23.0903,54.4952,18.198,38.3678,39.9125,22.349,False,Other/Random,23.09
132,336.699,24.894,58.39,5744.29,31.655,3915.0,70.6,42.7948,45.3833,26.7654,47.8312,24.2787,32.5364,38.0976,24.894,False,Other/Random,26.77
133,157.648,36.97,227.26,5746.25,1.25,108.0,11.73,44.3334,34.4225,41.9087,44.7079,23.9428,23.8726,31.6978,36.97,False,Other/Random,34.42
134,198.292,35.106,134.67,5757.5,5.0,54.0,8.29,44.0498,34.6879,39.3051,46.9333,27.0879,26.9015,31.7773,35.106,False,Other/Random,34.69
135,204.981,48.135,138.96,5771.7,3.6,270.0,18.54,50.5915,29.895,55.7181,46.0557,16.2497,16.9358,29.6868,47.542,False,Other/Random,29.89
136,47.154,50.547,313.3,5800.25,3.5,216.0,16.58,50.5489,37.4686,58.5192,34.5896,14.7846,4.5246,36.3467,50.547,True,Other/Random,34.59
137,35.308,46.834,320.71,5824.35,9.043,621.0,28.12,46.9935,28.9503,60.8749,40.0865,18.1503,10.8858,28.1188,46.834,True,Other/Random,28.95
138,174.604,45.294,213.97,5866.38,5.676,333.0,20.59,53.1496,30.4001,48.0327,46.7764,27.0295,31.4325,30.3881,44.9619,False,Other/Random,30.4
139,35.434,50.484,315.67,5886.97,6.088,306.0,19.74,51.2112,33.1793,57.842,40.6339,12.6841,8.7017,32.7943,50.484,True,Other/Random,33.18
140,319.578,50.156,36.47,5912.76,11.79,900.0,33.85,50.3014,31.131,54.7608,40.846,21.5321,5.8415,30.7797,50.156,True,Other/Random,31.13
141,165.113,44.295,220.41,5971.18,14.131,2673.0,58.34,50.7995,31.5362,48.19,48.7137,22.3706,24.9756,31.2322,44.295,False,Other/Random,31.54
142,28.085,50.473,323.03,6026.63,2.625,72.0,9.57,51.1986,27.7818,59.7606,45.8778,17.4757,14.0727,27.7402,47.1172,True,Other/Random,27.78
143,331.286,45.049,47.59,6049.41,2.719,288.0,19.15,48.6532,33.6747,51.7323,42.3724,15.2154,15.7287,32.6364,45.049,False,Other/Random,33.67
144,220.939,54.912,131.54,6082.73,15.455,1188.0,38.89,55.385,38.7146,53.0479,39.1645,9.3706,3.3238,38.4757,51.8205,True,Other/Random,38.71
145,219.927,54.872,124.91,6119.65,14.49,1377.0,41.87,56.7713,42.5332,48.2671,38.9398,2.8954,4.1474,42.1224,51.1567,True,Other/Random,38.94
146,43.97,52.341,312.95,6147.0,0.0,27.0,5.86,52.4252,37.4224,56.2789,36.6559,12.5713,2.5338,36.7883,52.341,True,Other/Random,36.66
147,322.907,35.943,46.87,6212.95,40.857,13180.0,129.52,37.2066,31.1077,49.9134,34.6674,19.8662,19.5869,25.6213,35.943,False,Other/Random,31.11
148,166.858,41.699,221.32,6330.62,11.547,2025.0,50.78,49.9731,33.1215,44.8237,50.4855,24.908,26.8229,32.4936,41.699,False,Other/Random,33.12
149,319.56,32.497,62.99,6395.65,24.53,1629.0,45.54,39.3804,41.1542,39.3248,34.9275,21.9484,22.4479,33.5859,32.497,False,Other/Random,34.93
150,191.514,28.122,141.97,6404.21,3.158,171.0,14.76,38.4672,33.8325,33.5501,48.6374,27.4077,33.8838,28.3224,28.122,False,Other/Random,33.55
151,176.146,43.201,215.14,6417.86,4.071,126.0,12.67,52.897,32.5279,45.2261,48.2382,28.8981,32.673,32.4244,43.201,False,Other/Random,32.53
152,168.47,46.387,220.63,6429.0,0.0,27.0,5.86,54.3287,33.5896,48.8936,45.6619,22.6803,26.9535,33.5509,44.8135,False,Other/Random,33.59
153,342.159,21.54,49.47,6441.44,16.452,1395.0,42.14,38.1116,42.2563,25.3109,48.1863,22.2313,36.5099,33.3635,21.54,False,Other/Random,25.31
154,46.171,50.786,318.54,6457.5,0.0,18.0,4.79,50.9896,35.525,56.1829,37.2849,19.3974,4.058,34.8197,50.786,True,Other/Random,35.52
155,154.029,31.106,223.72,6486.0,7.5,846.0,32.82,35.7047,31.0108,41.1315,40.5561,26.4718,26.734,24.6486,31.106,False,Other/Random,31.01
156,33.159,53.207,318.38,6518.57,4.286,189.0,15.51,53.8271,32.5313,58.0764,43.7877,13.4728,9.6908,32.4979,47.9022,True,Other/Random,32.53
157,143.987,48.448,225.86,6534.5,1.0,54.0,8.29,49.3794,33.314,58.0889,39.1162,12.583,9.431,32.5207,48.448,True,Other/Random,33.31
158,350.042,7.494,42.77,6572.02,31.918,4968.0,79.53,33.634,49.8728,14.3002,52.8611,13.4159,48.7302,32.9179,7.494,True,rotated_cube,14.3
159,308.575,22.4,75.89,6629.64,42.013,4221.0,73.31,33.055,46.5291,30.2993,35.5286,30.1751,32.5443,31.46,22.4,False,Other/Random,30.3
160,149.576,46.228,225.79,6683.06,6.798,1116.0,37.7,48.5817,32.3994,54.4686,41.6091,14.3693,14.0651,31.5286,46.228,True,Other/Random,32.4
161,350.634,41.093,39.26,6759.45,7.773,1386.0,42.01,50.4329,33.2348,43.6686,50.5072,27.2259,29.3903,32.693,41.093,False,Other/Random,33.23
162,195.066,31.792,146.03,6809.09,9.305,531.0,26.0,36.8627,27.2539,40.9159,46.1528,30.4905,30.2875,22.4412,31.792,False,Other/Random,27.25
163,30.775,32.125,311.95,6833.83,5.229,315.0,20.03,36.3672,32.7052,42.1944,38.1935,23.9832,24.5187,26.282,32.125,False,Other/Random,32.71
164,348.177,35.021,41.64,6857.92,10.824,666.0,29.12,45.6897,34.7978,38.0758,50.8356,30.0376,30.1172,32.545,35.021,False,Other/Random,34.8
165,351.588,40.135,40.45,6885.49,4.161,279.0,18.85,50.9384,35.0272,42.0939,51.0433,28.4394,30.232,34.3763,40.135,False,Other/Random,35.03
166,312.748,26.257,68.54,6944.48,37.341,5760.0,85.64,33.6843,42.9911,35.239,33.3768,25.8247,28.5121,30.5428,26.257,False,Other/Random,33.38
167,306.963,20.473,76.96,6977.49,9.329,738.0,30.65,31.39,46.6784,29.3025,35.9958,29.2884,34.547,30.126,20.473,False,Other/Random,29.3
168,315.458,21.291,60.1,7033.05,41.53,7416.0,97.17,26.3166,38.934,36.1953,34.2855,29.0223,33.4456,22.8008,21.291,False,Other/Random,26.32
169,198.084,10.866,185.14,7095.3,25.934,2052.0,51.11,25.6086,40.923,24.3072,50.3563,21.888,45.2314,23.1514,10.866,True,Other/Random,24.31
170,334.827,33.661,54.01,7119.19,13.438,432.0,23.45,44.0509,39.2749,37.2389,44.0354,26.3964,25.003,35.086,33.661,False,Other/Random,37.24
171,312.641,25.599,62.22,7138.62,17.264,954.0,34.85,29.5376,39.1379,39.3502,31.4282,24.6891,29.1718,25.4893,25.599,False,Other/Random,29.54
172,22.311,35.428,307.35,7210.41,30.196,7164.0,95.51,46.3244,39.2843,38.2516,46.0713,26.285,24.8884,36.1792,35.428,False,Other/Random,38.25
173,60.523,36.765,314.66,7309.26,31.742,4401.0,74.86,39.6764,39.2894,47.0092,30.2555,26.3147,21.0306,32.6555,36.765,False,Other/Random,30.26
174,128.778,47.693,216.08,7333.57,3.571,189.0,15.51,49.9048,36.5407,53.8682,38.3789,27.8221,8.5455,35.3927,47.693,True,Other/Random,36.54
175,127.68,37.983,221.77,7368.72,26.472,2763.0,59.31,39.3688,34.6035,50.8475,32.0935,25.0308,17.5483,29.3749,37.983,False,Other/Random,32.09
176,13.469,35.073,312.99,7434.72,18.521,3267.0,64.5,48.1619,38.8451,36.8415,51.2762,29.9046,29.2589,36.6253,35.073,False,Other/Random,36.84
177,65.172,49.421,304.04,7490.89,3.692,234.0,17.26,50.2192,47.5358,60.1804,25.2108,16.8326,16.7318,43.593,46.4245,False,Other/Random,25.21
178,129.82,45.771,214.91,7542.64,16.591,2070.0,51.34,48.1208,35.1762,54.14,38.4481,28.586,9.8042,33.7218,45.771,True,Other/Random,35.18
179,331.469,30.467,45.71,7596.12,20.595,2331.0,54.48,34.8763,31.861,41.0347,39.1851,25.9964,26.5373,24.7452,30.467,False,Other/Random,31.86
180,201.655,24.009,128.67,7621.75,2.75,108.0,11.73,38.0007,40.7179,28.4225,45.8901,25.5217,33.652,32.4435,24.009,False,Other/Random,28.42
181,11.619,23.197,318.98,7675.23,22.11,3915.0,70.6,37.2911,38.4082,27.8943,49.1267,23.2399,36.9432,30.6251,23.197,False,Other/Random,27.89
182,202.779,33.719,134.39,7719.62,7.676,306.0,19.74,40.5346,33.1363,40.1763,43.4241,25.9345,25.8663,28.9422,33.719,False,Other/Random,33.14
183,312.378,46.042,43.98,7737.08,6.167,324.0,20.31,46.178,34.813,60.7263,33.6611,18.5236,8.9238,32.7457,46.042,True,Other/Random,33.66
184,317.883,52.003,37.72,7762.22,9.321,756.0,31.03,52.1757,33.1587,53.7911,40.7576,20.8651,3.5801,32.9291,52.003,True,Other/Random,33.16
185,187.301,32.888,136.92,7802.64,19.674,1710.0,46.66,48.2306,39.4664,34.1218,54.4151,25.7807,33.3196,37.1206,32.888,False,Other/Random,34.12
186,32.973,25.298,317.58,7825.5,1.0,54.0,8.29,26.9774,30.5371,43.3967,36.5229,28.783,30.3185,17.9679,25.298,False,Other/Random,26.98
187,197.939,26.729,120.09,7839.36,20.292,1449.0,42.95,49.4333,49.2606,26.897,53.0304,23.6135,32.5748,44.3563,26.729,False,Other/Random,26.9
188,154.43,25.154,221.7,7880.05,10.184,1026.0,36.14,29.8111,31.6197,38.1145,40.2486,30.6882,31.8005,21.0279,25.154,False,Other/Random,29.81
189,29.434,36.822,314.81,7905.0,0.75,36.0,6.77,39.9437,30.6482,46.7045,39.3628,21.2489,21.0012,26.7633,36.822,False,Other/Random,30.65
190,151.243,43.738,222.39,7938.41,20.192,2574.0,57.25,45.7138,29.3964,53.3706,41.7824,17.6126,16.4428,28.1369,43.738,False,Other/Random,29.4
191,175.3,40.317,216.52,7966.5,3.0,54.0,8.29,50.9474,33.5276,42.3313,50.9015,30.0196,32.5286,33.0572,40.317,False,Other/Random,33.53
192,246.829,51.036,130.56,7979.19,4.385,234.0,17.26,53.7286,46.0743,57.5827,30.7608,24.6076,17.7501,45.9681,44.3715,False,Other/Random,30.76
193,219.34,31.983,127.63,8059.35,29.258,8811.0,105.92,34.4711,34.1895,44.9241,33.3112,21.3095,23.063,26.0978,31.983,False,Other/Random,33.31
194,126.614,36.909,261.1,8147.02,10.303,684.0,29.51,45.8638,52.2792,40.6283,31.4504,21.0692,18.783,43.4184,36.909,False,Other/Random,31.45
195,46.684,55.012,323.14,8217.29,26.532,5886.0,86.57,55.8148,37.0269,50.0482,41.8095,24.134,1.4048,36.951,53.4098,True,Other/Random,37.03
196,165.645,24.067,222.54,8300.24,43.049,6075.0,87.95,36.9033,37.6411,29.288,47.7618,24.9498,35.5479,29.9048,24.067,False,Other/Random,29.29
197,344.661,34.187,38.79,8346.58,8.579,513.0,25.56,41.2582,30.4917,40.2395,47.3551,28.6744,28.8056,27.2814,34.187,False,Other/Random,30.49
198,344.661,26.716,27.57,8371.99,46.827,5364.0,82.64,29.3363,25.1268,42.0466,44.3282,34.0094,33.4165,15.3707,26.716,False,Other/Random,25.13
199,202.321,30.384,150.41,8405.79,5.571,126.0,12.67,31.2215,22.975,48.0942,41.9646,30.7043,28.4659,14.938,30.384,True,Other/Random,22.97
200,195.425,24.351,144.64,8417.35,34.045,1809.0,47.99,31.3746,31.5318,34.8096,44.9409,30.5652,35.0366,22.1216,24.351,False,Other/Random,31.37
201,187.037,26.045,169.21,8416.5,0.0,18.0,4.79,26.3094,19.9878,48.4769,48.1542,40.3532,36.739,5.4216,26.045,True,Other/Random,19.99
202,333.055,10.471,32.17,8443.2,10.446,747.0,30.84,11.699,36.5932,41.0762,41.1233,39.6686,44.8612,7.3304,10.471,True,cube,11.7
203,172.344,44.995,222.16,8467.56,3.84,225.0,16.93,56.1506,37.1249,46.141,45.8883,25.8717,29.8603,37.0698,44.995,False,Other/Random,37.12
204,207.535,21.714,134.32,8485.12,22.529,2349.0,54.69,28.2273,34.9477,34.4094,40.2395,32.4643,34.4582,22.0583,21.714,False,Other/Random,28.23
205,154.388,43.506,218.1,8533.2,29.991,3105.0,62.88,45.1791,26.4583,53.8354,43.7949,20.1262,18.3813,25.4352,43.506,False,Other/Random,26.46
206,48.714,18.589,308.29,8585.13,16.851,1575.0,44.78,18.8268,36.024,45.7629,32.9547,30.5367,36.1997,14.5648,18.589,True,Other/Random,18.83
207,17.283,24.016,338.44,8615.4,8.4,450.0,23.94,24.3884,24.0149,47.0167,43.2835,36.466,34.76,8.9722,24.016,True,Other/Random,24.01
208,47.662,23.962,303.74,8649.76,13.0,1512.0,43.88,25.4366,36.3301,43.3565,30.9367,25.7751,30.8137,20.6446,23.962,False,Other/Random,25.44
209,191.292,45.582,149.64,8691.0,0.0,27.0,5.86,49.2127,23.7844,52.0982,49.2449,25.5012,27.2248,23.7331,45.5388,False,Other/Random,23.78
210,79.094,32.42,302.38,8746.15,24.195,4302.0,74.01,38.7271,48.7066,39.8703,27.7042,27.5285,31.8028,36.7422,32.42,False,Other/Random,27.7
211,203.913,29.256,136.6,8818.51,25.302,3006.0,61.87,35.0336,31.9083,38.6339,41.673,28.4877,28.8344,24.8799,29.256,False,Other/Random,31.91
212,214.347,22.81,126.75,8887.86,28.439,5274.0,81.95,29.5445,37.1305,34.5297,37.9299,30.2746,32.5119,24.3957,22.81,False,Other/Random,29.54
213,27.188,34.16,322.52,8970.11,39.933,6858.0,93.44,35.6325,25.9124,48.3264,40.0013,25.3904,23.903,20.6189,34.16,False,Other/Random,25.91
214,150.312,50.866,226.94,9030.68,9.961,927.0,34.36,53.527,34.9468,55.4806,44.1184,10.9925,12.777,34.7618,47.6348,True,Other/Random,34.95
215,237.287,34.461,116.58,9079.45,20.311,2196.0,52.88,34.9862,40.8188,51.498,23.1453,14.6446,21.9578,30.4323,34.461,True,Other/Random,23.15
216,169.67,33.952,219.56,9114.0,2.684,171.0,14.76,44.5183,33.9856,37.3377,51.1144,29.1844,31.3551,31.4391,33.952,False,Other/Random,33.99
217,1.461,20.905,15.83,9174.42,12.054,1998.0,50.44,27.0679,29.4728,34.5867,49.8371,29.1966,41.3628,17.2025,20.905,False,Other/Random,27.07
218,203.996,29.229,145.21,9234.75,8.412,873.0,33.34,31.1176,26.111,44.7074,40.7565,29.4585,28.8312,17.6809,29.229,False,Other/Random,26.11
219,335.696,27.562,55.02,9265.69,8.854,369.0,21.68,41.0461,41.4082,30.9797,45.1359,28.1036,30.0891,34.771,27.562,False,Other/Random,30.98
220,45.476,8.728,299.49,9295.34,20.569,1944.0,49.75,17.3713,42.8766,31.1832,41.0439,31.1027,46.008,16.5472,8.728,True,Other/Random,17.37
221,18.824,7.771,336.29,9332.37,17.669,1062.0,36.77,9.1774,38.1527,40.8293,43.0292,40.4078,47.8459,5.6309,7.771,True,cube,9.18
222,54.416,52.14,318.77,9350.66,9.0,234.0,17.26,53.6682,40.7901,53.8161,36.7456,24.4933,7.9916,39.9511,50.0528,True,Other/Random,36.75
223,27.797,52.643,317.5,9364.48,11.237,531.0,26.0,54.5162,32.5083,57.5205,46.4475,12.559,13.9994,32.5025,45.32,True,Other/Random,32.51
224,164.553,30.977,205.08,9398.77,32.198,3537.0,67.11,32.4052,21.1267,46.6861,45.3883,32.8578,30.6186,14.1176,30.977,True,Other/Random,21.13
225,16.924,7.456,338.76,9449.87,13.217,1953.0,49.87,8.6136,38.2572,41.3331,43.3154,40.921,48.2445,4.9486,7.456,True,cube,8.61
226,45.819,44.035,312.56,9490.29,2.571,63.0,8.96,44.0633,34.5334,61.0442,32.2315,15.4495,10.7185,31.6659,44.035,True,Other/Random,32.23
227,32.676,44.563,321.8,9521.81,34.977,4275.0,73.78,44.8868,27.1227,58.8578,40.5524,19.476,13.8136,25.9258,44.563,True,Other/Random,27.12
228,212.127,33.165,140.81,9537.0,0.75,36.0,6.77,33.8881,26.9299,49.9843,37.3172,24.8427,23.2576,20.3361,33.165,False,Other/Random,26.93
229,211.058,20.695,145.64,9562.19,10.817,981.0,35.34,20.9539,29.8278,46.3454,37.9642,33.5212,34.9011,11.6067,20.695,True,Other/Random,20.95
230,235.664,14.238,111.81,9598.02,14.632,954.0,34.85,18.9423,41.9924,35.3811,35.2222,33.3749,40.8027,17.7025,14.238,True,Other/Random,18.94
231,337.884,25.807,49.45,9633.76,8.514,999.0,35.66,37.4223,38.4,31.1895,44.6577,27.9907,32.0865,30.7043,25.807,False,Other/Random,31.19
232,354.701,44.373,46.75,9696.6,10.217,954.0,34.85,59.9972,43.1391,44.5076,45.8685,28.7645,31.569,43.0853,44.373,False,Other/Random,43.14
233,114.936,46.09,227.48,9739.37,16.569,1566.0,44.65,49.159,45.1611,53.2428,30.5159,25.2174,17.6479,41.5438,46.09,False,Other/Random,30.52
234,345.863,36.476,52.24,9775.06,10.117,846.0,32.82,52.2744,43.2441,37.1005,52.9921,30.4569,28.2473,41.4895,36.476,False,Other/Random,37.1
235,350.841,37.092,356.12,9806.94,18.269,1305.0,40.76,39.2409,14.6613,48.5923,57.7104,32.8185,30.7152,12.4735,37.092,True,goss,14.66
236,351.286,39.801,1.82,9840.28,10.069,783.0,31.57,40.3698,9.0988,54.5609,56.933,37.6998,30.1329,7.4072,39.801,True,goss,9.1
237,211.058,28.987,146.24,9875.01,24.684,1224.0,39.48,29.11,25.6327,50.8989,37.9852,29.3837,27.2456,15.6402,28.987,False,Other/Random,25.63
238,353.299,37.688,357.13,9910.42,11.076,1782.0,47.63,38.8415,11.6373,51.2809,57.8048,36.064,31.9367,9.1414,37.688,True,goss,11.64
239,1.513,36.492,346.85,9957.0,2.143,189.0,15.51,38.2423,14.7342,49.0577,54.7049,36.5977,35.2683,11.9669,36.492,True,goss,14.73
240,329.353,26.187,61.5,10013.06,10.859,1917.0,49.4,40.2611,43.8778,29.7052,43.1679,28.0808,29.8691,35.6586,26.187,False,Other/Random,29.71
241,101.268,19.937,243.45,10102.6,20.789,3717.0,68.79,25.0731,45.1673,35.6605,30.6152,30.6146,39.2593,24.2081,19.937,False,Other/Random,25.07
242,195.952,24.014,151.56,10223.74,35.724,12210.0,124.7,27.0246,27.1727,40.2256,43.6323,34.9741,35.1286,15.2008,24.014,False,Other/Random,27.02
243,204.407,28.821,135.69,10318.88,9.0,576.0,27.08,34.9052,32.5328,38.0412,41.512,28.6331,29.0383,25.2419,28.821,False,Other/Random,32.53
244,197.803,38.025,135.72,10346.88,13.135,666.0,29.12,46.0535,33.6939,42.1461,47.7152,25.1753,25.5563,31.8096,38.025,False,Other/Random,33.69
245,91.177,15.023,254.06,10372.01,9.333,729.0,30.47,21.033,47.3592,33.6853,33.397,32.7336,44.7396,20.9118,15.023,False,Other/Random,21.03
246,1.73,36.553,345.33,10399.14,4.138,261.0,18.23,38.702,15.8328,48.2565,54.5535,35.7845,35.1285,13.3193,36.553,True,Other/Random,15.83
247,64.601,15.296,273.84,10426.8,4.05,360.0,21.41,26.3816,48.3334,27.9316,36.8331,27.85,40.5523,26.0891,15.296,False,Other/Random,26.38
248,300.561,40.0,64.56,10546.34,40.763,16150.0,143.38,40.3132,43.5203,55.899,21.2466,9.5666,18.0969,35.5029,40.0,True,Other/Random,21.25
249,212.092,29.276,175.72,10682.4,23.139,3825.0,69.79,40.1699,32.6956,33.8533,52.2394,16.7702,26.7729,28.4276,29.276,False,Other/Random,32.7
250,215.213,13.936,178.61,10749.02,10.662,1413.0,42.42,36.5038,45.7147,17.8471,53.7547,11.1411,41.0499,33.8654,13.936,True,Other/Random,17.85
251,186.647,5.135,160.49,10813.4,10.07,1413.0,42.42,13.8461,41.9164,32.534,45.8479,32.25,50.7769,12.9029,5.135,True,cube,13.85
252,10.172,36.607,337.59,10864.61,6.09,603.0,27.71,38.5319,18.1402,48.749,50.1233,32.6057,30.3287,15.4217,36.607,False,Other/Random,18.14
253,254.049,20.731,122.65,10905.78,5.091,594.0,27.5,26.5627,43.9018,34.9561,31.7237,31.3507,37.5676,25.1214,20.731,False,Other/Random,26.56
254,203.109,42.845,164.18,10964.74,7.176,918.0,34.19,43.4318,16.1414,56.4841,50.3839,35.0925,20.1976,15.5554,42.845,False,Other/Random,16.14
255,56.121,5.994,334.57,11015.95,4.966,522.0,25.78,31.257,50.3874,15.5077,50.9456,14.4136,48.8635,30.9091,5.994,True,Other/Random,15.51
256,33.888,52.446,327.33,11071.15,15.992,2340.0,54.58,52.4591,28.0866,52.8476,45.6975,22.1131,9.2251,28.0856,48.8442,True,Other/Random,28.09
257,211.994,41.604,125.07,11133.48,11.127,1485.0,43.48,47.2607,38.1619,46.8624,39.9308,16.6401,16.2718,35.7518,41.604,False,Other/Random,38.16
258,172.296,26.597,222.23,11194.6,14.045,1611.0,45.29,43.334,40.4296,28.5504,52.7878,22.0652,36.1904,35.4784,26.597,False,Other/Random,28.55
259,236.773,30.188,128.47,11227.86,4.0,189.0,15.51,30.6295,36.5974,49.547,27.2555,23.1144,25.7129,24.9067,30.188,False,Other/Random,27.26
260,235.398,29.338,135.57,11249.98,15.059,1377.0,41.87,31.279,35.6193,44.6467,30.9197,27.8143,26.2616,24.7927,29.338,False,Other/Random,30.92
261,193.823,42.562,168.79,11298.87,25.281,3330.0,65.11,42.6384,9.9285,59.3637,54.0625,37.7491,26.1361,9.3468,42.562,True,goss,9.93
262,229.45,37.198,118.76,11363.29,1.429,189.0,15.51,38.9586,39.7615,49.4709,27.4725,13.8024,17.8184,32.5008,37.198,True,Other/Random,27.47
263,241.325,25.123,125.92,11388.0,0.0,45.0,7.57,26.1307,38.3801,45.0947,27.9908,26.2264,31.1949,22.3618,25.123,False,Other/Random,26.13
264,218.421,28.524,128.04,11397.0,1.5,18.0,4.79,31.5138,34.2736,42.223,34.1007,24.3025,26.5427,24.1045,28.524,False,Other/Random,31.51
265,174.578,32.817,170.1,11416.82,8.915,639.0,28.52,36.1284,18.9478,43.9707,56.0934,31.6423,34.2821,14.7494,32.817,True,Other/Random,18.95
266,148.336,52.009,220.38,11441.03,9.977,387.0,22.2,52.6841,30.9927,59.4544,44.1727,14.6427,11.0334,30.9404,47.8719,True,Other/Random,30.99
267,133.707,49.589,217.06,11455.5,3.0,180.0,15.14,50.3878,34.1737,54.0043,38.9789,23.9271,5.2467,33.5076,49.589,True,Other/Random,34.17
268,201.776,47.079,135.55,11484.32,32.138,3447.0,66.25,51.9732,33.1339,51.831,47.8815,16.9677,19.501,32.8771,47.079,False,Other/Random,33.13
269,138.984,49.233,225.75,11538.37,23.285,3096.0,62.78,49.446,34.4889,58.5242,36.8684,13.3554,6.3331,33.5441,49.233,True,Other/Random,34.49
270,175.992,31.215,211.95,11572.5,2.25,72.0,9.57,41.6611,31.9328,35.4698,52.9133,26.0798,35.5941,28.5899,31.215,False,Other/Random,31.93
271,279.848,47.191,48.34,11620.28,35.003,5445.0,83.26,56.3989,44.2744,48.8974,35.5788,33.3018,28.1031,52.1275,43.7128,False,Other/Random,35.58
272,215.021,48.818,137.31,11661.24,22.74,900.0,33.85,49.3802,31.4517,59.8948,40.3542,14.6143,9.8113,30.8897,48.818,True,Other/Random,31.45
273,221.316,58.613,131.0,11671.94,3.353,153.0,13.96,59.0702,41.248,50.5325,41.0097,9.0701,4.9498,41.2136,50.1206,True,Other/Random,41.01
274,333.656,49.784,48.88,11703.22,27.255,3393.0,65.73,54.3496,36.574,54.3217,46.0878,12.546,15.5264,36.3717,46.8185,True,Other/Random,36.57
275,43.898,54.798,308.61,11764.37,27.028,3807.0,69.62,55.2685,40.8475,51.5498,36.8906,7.987,0.9023,40.3606,53.9281,True,Other/Random,36.89
276,204.767,48.941,135.66,11829.4,18.176,1989.0,50.32,52.4852,32.8425,54.789,46.5665,14.5684,16.883,32.6759,46.7898,True,Other/Random,32.84
277,334.725,50.355,35.23,11861.37,5.636,297.0,19.45,51.2666,26.3976,60.0495,47.5958,18.6465,16.2217,26.3898,45.8692,False,Other/Random,26.4
278,215.102,51.384,139.84,11904.83,40.238,8352.0,103.12,51.6155,31.2171,58.3135,42.1758,15.8254,8.5857,31.0518,50.2646,True,Other/Random,31.22
279,31.865,56.06,313.55,11961.64,9.0,504.0,25.33,57.4873,36.9867,53.0429,45.4198,8.1104,10.8842,36.9862,45.2033,True,Other/Random,36.99
280,140.371,48.998,227.77,11979.11,10.448,261.0,18.23,49.6285,35.155,57.0211,37.0389,11.4003,7.1219,34.1571,48.998,True,Other/Random,35.16
281,211.528,42.875,139.28,11987.14,1.286,63.0,8.96,43.8038,28.0582,55.3145,40.0133,18.6579,15.557,26.36,42.875,False,Other/Random,28.06
282,339.778,51.313,47.87,11997.0,0.0,27.0,5.86,57.8399,37.8447,53.9786,43.1114,14.5927,20.0252,37.8424,42.9071,True,Other/Random,37.84
283,324.118,53.523,41.65,12000.57,18.6,810.0,32.11,53.8101,33.2365,57.6582,42.5753,14.1391,7.4845,33.1768,49.3453,True,Other/Random,33.24
284,323.498,49.352,50.7,12033.65,20.691,2097.0,51.67,51.2306,36.8372,54.4142,38.788,9.1741,8.5881,36.0025,49.352,True,Other/Random,36.84
285,28.404,49.294,313.39,12079.09,31.656,1647.0,45.79,52.3509,34.2238,55.703,44.2695,12.5194,14.1383,33.9316,48.1789,True,Other/Random,34.22
286,150.178,51.034,224.77,12090.0,17.53,747.0,30.84,53.037,33.4007,56.8194,44.1881,11.9136,12.6388,33.2617,47.5803,True,Other/Random,33.4
287,165.77,41.768,216.75,12117.55,8.553,846.0,32.82,47.2123,28.277,47.1941,50.2787,24.6908,26.1122,27.5799,41.768,False,Other/Random,28.28
288,189.2,9.325,149.92,12155.51,7.7,540.0,26.22,22.8466,41.584,25.8349,47.2941,24.8625,47.3884,21.0496,9.325,True,Other/Random,22.85
289,323.164,48.855,47.9,12177.82,4.5,198.0,15.88,50.0171,34.8212,56.5899,38.563,11.0471,8.6953,33.9767,48.855,True,Other/Random,34.82
290,103.072,47.661,225.81,12190.0,2.0,54.0,8.29,56.4193,44.3177,49.528,36.4429,32.1145,25.6996,51.092,43.944,False,Other/Random,36.44
291,223.676,52.132,127.74,12200.65,3.529,153.0,13.96,52.7852,39.84,52.6718,35.4674,7.4761,2.8123,38.9299,52.132,True,Other/Random,35.47
292,198.053,5.767,150.78,12221.0,5.5,216.0,16.58,12.564,41.2298,34.3068,44.3455,34.059,49.6418,11.3913,5.767,True,cube,12.56
293,150.402,50.252,225.74,12248.47,12.132,1224.0,39.48,52.6202,33.8077,56.6029,43.9119,11.9295,12.9939,33.5893,48.0458,True,Other/Random,33.81
294,215.457,48.901,135.08,12283.1,8.386,396.0,22.45,49.7529,32.8618,58.3729,39.7716,12.966,9.4934,32.2162,48.901,True,Other/Random,32.86
295,149.484,45.312,230.66,12321.58,20.645,2358.0,54.79,49.3715,35.8756,51.365,41.429,14.0118,14.5211,34.6853,45.312,True,Other/Random,35.88
296,328.237,45.659,53.16,12343.5,4.5,90.0,10.7,50.18,37.7448,51.1074,40.9119,13.2415,13.5994,36.4635,45.659,True,Other/Random,37.74
297,164.817,30.756,191.86,12363.41,4.773,396.0,22.45,30.9307,16.937,51.387,47.8279,39.2057,30.8609,7.7999,30.756,True,Other/Random,16.94
298,220.574,47.129,124.93,12417.0,27.955,4581.0,76.37,49.1862,38.9477,53.8774,35.1032,8.5302,8.3436,37.088,47.129,True,Other/Random,35.1
299,145.414,34.889,229.97,12469.43,12.738,1098.0,37.39,38.0334,33.1935,45.4638,36.1564,20.573,21.1067,27.6194,34.889,False,Other/Random,33.19
300,7.573,21.45,344.76,12503.55,11.38,828.0,32.47,22.7639,25.4082,42.8652,46.208,38.6784,39.2425,8.6366,21.45,True,Other/Random,22.76
301,35.39,48.108,304.92,12555.74,28.021,4338.0,74.32,51.7589,39.5361,52.5337,39.2284,9.6697,10.0065,38.3953,48.108,True,Other/Random,39.23
302,13.16,39.762,318.73,12599.37,1.895,171.0,14.76,48.3642,33.1131,43.0666,51.0696,26.1742,27.444,32.0796,39.762,False,Other/Random,33.11
303,212.793,36.143,128.99,12621.61,31.915,3159.0,63.42,40.3371,34.2812,44.717,37.6494,20.1928,20.4592,29.6732,36.143,False,Other/Random,34.28
304,148.584,34.939,231.38,12642.0,0.0,27.0,5.86,40.0854,34.8526,42.7543,38.567,21.7035,21.9025,29.945,34.939,False,Other/Random,34.85
305,65.086,33.639,304.65,12701.44,30.34,6678.0,92.21,34.9805,41.1647,48.363,24.4769,21.438,25.114,30.6091,33.639,False,Other/Random,24.48
306,192.689,25.163,141.92,12758.17,10.328,549.0,26.44,35.6013,34.5229,31.8037,47.4791,26.8061,35.3161,27.058,25.163,False,Other/Random,31.8
307,149.911,14.435,217.66,12799.97,15.072,1872.0,48.82,16.2907,34.7091,40.0228,39.4385,36.6976,40.904,11.0044,14.435,True,Other/Random,16.29
308,227.86,40.709,147.9,12848.12,15.831,1494.0,43.61,43.5322,32.517,49.7571,38.6916,29.9839,14.1826,29.8808,40.709,True,Other/Random,32.52
309,211.543,48.955,132.64,12880.08,4.32,225.0,16.93,51.2966,34.3988,56.3845,41.9936,11.7043,12.0384,33.9007,48.955,True,Other/Random,34.4
310,207.736,47.809,145.6,12901.24,4.676,306.0,19.74,48.2442,25.1415,60.1917,45.195,20.4035,15.1057,24.92,47.809,False,Other/Random,25.14
311,322.133,56.155,48.42,12930.43,20.488,2322.0,54.37,57.0586,38.8368,51.9197,41.5877,7.8602,6.0421,38.7712,49.0299,True,Other/Random,38.84
312,137.243,42.599,226.67,12958.5,1.5,36.0,6.77,42.77,32.9051,58.5121,33.3005,15.9587,12.2515,29.8478,42.599,True,Other/Random,32.91
313,134.558,37.297,232.61,13009.33,22.516,3402.0,65.81,37.9555,34.93,52.6409,29.9448,16.2303,17.4414,28.7872,37.297,False,Other/Random,29.94
314,208.514,39.362,123.05,13067.93,37.755,3231.0,64.14,48.2264,40.5865,42.5775,42.9064,21.0116,19.4506,37.9469,39.362,False,Other/Random,40.59
315,159.985,10.287,234.23,13104.31,17.565,1863.0,48.7,35.6837,49.8659,14.8938,51.6439,13.9481,45.5542,34.6672,10.287,True,rotated_cube,14.89
316,170.358,23.783,206.54,13153.84,15.55,1818.0,48.11,29.1042,28.5152,36.6597,46.5184,31.6614,37.1687,18.1087,23.783,False,Other/Random,28.52
317,301.212,46.604,55.96,13194.71,9.309,612.0,27.91,46.6849,43.1677,59.3059,25.2838,12.7949,13.3817,39.0148,46.604,True,Other/Random,25.28
318,326.234,8.085,50.44,13231.41,14.922,1737.0,47.03,18.5183,42.5474,29.4345,43.1523,29.2207,46.8237,17.5044,8.085,True,Other/Random,18.52
319,321.182,15.721,59.92,13307.94,15.385,2808.0,59.79,26.261,41.928,28.5424,40.0832,28.1049,39.1316,24.1258,15.721,False,Other/Random,26.26
320,136.76,48.838,211.7,13361.24,7.905,567.0,26.87,50.1014,31.4662,51.9456,42.1164,27.6819,6.0572,31.0473,48.838,True,Other/Random,31.47
321,148.509,45.006,221.07,13394.8,11.924,1071.0,36.93,45.9622,28.781,56.6975,40.8192,17.3158,14.1542,27.685,45.006,True,Other/Random,28.78
322,343.476,25.992,43.98,13454.43,13.424,2295.0,54.06,37.635,36.8137,31.2741,46.7708,26.9063,33.5411,29.8434,25.992,False,Other/Random,31.27
323,230.056,19.145,114.79,13498.5,1.0,54.0,8.29,24.3728,40.8502,35.3408,33.8005,30.0223,35.6931,22.0692,19.145,False,Other/Random,24.37
324,136.194,27.964,246.31,13505.58,10.26,450.0,23.94,35.7533,42.429,35.7483,34.481,25.2356,26.7822,31.8056,27.964,False,Other/Random,34.48
325,347.991,21.32,26.39,13533.27,23.118,1530.0,44.14,25.6702,29.2284,37.1641,44.9416,33.3779,38.1096,15.775,21.32,False,Other/Random,25.67
326,197.999,15.587,135.36,13554.9,3.75,360.0,21.41,30.7945,41.5272,24.04,46.8174,22.1686,41.2711,27.6439,15.587,False,Other/Random,24.04
327,344.955,29.536,39.36,13575.06,32.003,2655.0,58.14,38.0842,32.4864,35.9264,46.7531,30.2165,31.6726,27.139,29.536,False,Other/Random,32.49
328,1.733,16.235,318.68,13637.31,18.283,3249.0,64.32,42.6629,48.7529,17.1079,56.6154,12.4808,43.9002,39.6585,16.235,True,Other/Random,17.11
329,198.878,48.694,137.16,13743.03,18.326,3888.0,70.36,53.9463,33.0038,52.789,45.6156,17.3579,21.2832,32.9619,44.7009,False,Other/Random,33.0
330,222.056,13.7,135.84,13801.52,13.4,675.0,29.32,13.8599,36.2234,44.9322,37.0009,35.5201,41.0579,9.5819,13.7,True,cube,13.86
331,69.68,12.335,279.09,13838.43,16.978,2034.0,50.89,16.6667,44.7954,35.8905,34.9332,34.1457,43.7375,16.3669,12.335,True,Other/Random,16.67
332,211.56,51.672,138.06,13884.05,30.967,2709.0,58.73,52.6339,31.7959,58.5146,43.7779,13.5123,11.1781,31.7052,48.0529,True,Other/Random,31.8
333,31.148,20.568,314.44,13921.79,10.154,936.0,34.52,25.0701,34.34,36.7226,38.4437,32.2662,35.0096,19.0928,20.568,False,Other/Random,25.07
334,321.778,50.659,36.26,13970.9,9.497,1305.0,40.76,50.6945,30.2867,54.9686,41.8604,20.7047,6.7558,30.0651,50.659,True,Other/Random,30.29
335,24.968,28.96,311.45,14001.0,0.75,36.0,6.77,37.1869,35.5293,35.8829,42.2103,28.7524,28.7668,28.7262,28.96,False,Other/Random,35.53
336,171.045,15.813,217.44,14008.36,4.091,99.0,11.23,32.5003,41.429,22.8267,49.6198,19.9243,42.659,28.9123,15.813,False,Other/Random,22.83
337,21.084,15.006,329.5,14032.65,3.225,360.0,21.41,17.7012,33.3807,38.5241,41.666,37.1135,41.33,11.3916,15.006,True,Other/Random,17.7
338,299.237,21.288,82.96,14054.34,10.171,369.0,21.68,30.6625,48.1516,31.0989,33.2599,29.8072,34.5893,29.9112,21.288,False,Other/Random,30.66
339,210.701,32.222,154.24,14104.25,46.049,9090.0,107.58,32.5887,22.7643,50.9914,40.8919,32.4166,24.453,15.8226,32.222,False,Other/Random,22.76
340,24.069,35.15,317.38,14151.8,2.2,135.0,13.11,39.6079,30.0691,43.7369,42.2631,24.4373,24.3391,26.1449,35.15,False,Other/Random,30.07
341,158.89,17.037,239.82,14190.74,41.548,6930.0,93.93,42.1614,50.306,18.153,51.9887,16.404,39.5794,39.9452,17.037,False,Other/Random,18.15
342,354.729,37.315,22.46,14242.8,23.495,855.0,32.99,40.9553,20.2963,46.2409,53.0251,33.467,32.8773,18.5311,37.315,False,Other/Random,20.3
343,32.24,5.833,332.18,14272.16,13.521,1260.0,40.05,7.3173,40.28,40.9796,42.5843,40.533,49.0582,5.2925,5.833,True,cube,7.32
344,200.073,26.765,137.45,14298.09,5.471,306.0,19.74,34.8186,33.6353,34.8478,43.8761,30.9046,31.9039,25.9513,26.765,False,Other/Random,33.64
345,343.162,30.548,47.76,14367.69,35.321,9108.0,107.69,43.2028,38.459,33.5656,48.1925,28.433,30.3358,34.0957,30.548,False,Other/Random,33.57
346,191.266,17.592,165.67,14457.96,8.52,1125.0,37.85,17.8548,28.2562,45.3227,44.4668,40.7651,40.9245,4.9242,17.592,True,Other/Random,17.85
347,237.309,11.511,109.74,14489.49,28.281,2340.0,54.58,17.3109,43.0334,34.0024,37.1933,33.9938,43.5371,16.5384,11.511,True,Other/Random,17.31
348,152.421,25.756,207.28,14525.32,3.0,198.0,15.88,25.7577,24.9765,51.2586,39.9211,33.5895,30.8494,11.7894,25.756,True,Other/Random,24.98
349,233.839,20.253,107.1,14550.07,5.163,387.0,22.2,27.7436,44.0277,32.802,33.6946,29.7086,34.8209,26.1736,20.253,False,Other/Random,27.74
350,2.833,11.184,349.98,14588.78,37.466,8235.0,102.4,13.288,34.6116,39.3742,45.6042,38.0413,46.8613,7.2614,11.184,True,cube,13.29
351,196.629,34.451,154.24,14702.88,46.748,9054.0,107.37,35.605,19.6724,49.3377,45.9687,31.0666,28.0541,15.0908,34.451,False,Other/Random,19.67
352,245.491,4.769,90.18,14770.81,27.164,3285.0,64.67,24.7851,50.1491,21.2082,46.756,21.1911,50.2873,24.7635,4.769,True,Other/Random,21.21
353,199.936,43.333,143.43,14841.61,56.698,9639.0,110.78,46.2721,26.1717,51.415,47.173,21.9571,21.9515,25.4755,43.333,False,Other/Random,26.17
354,160.77,20.732,232.23,14889.76,15.066,2034.0,50.89,38.8181,43.9726,23.9215,48.5489,21.243,36.8454,34.7334,20.732,False,Other/Random,23.92
355,357.31,42.867,320.05,14970.75,24.613,6075.0,87.95,59.7442,41.9792,42.9289,47.3414,27.906,33.4952,41.9548,42.867,False,Other/Random,41.98
356,144.861,15.715,194.83,15072.54,31.366,5022.0,79.96,25.6285,37.012,29.2022,45.2726,24.4653,39.317,21.1994,15.715,False,Other/Random,25.63
357,148.595,11.559,200.42,15152.82,36.036,6849.0,93.38,15.9333,36.5271,35.8703,42.5646,33.8443,43.5591,12.0434,11.559,True,Other/Random,15.93
358,305.421,28.597,81.1,15228.72,14.816,1611.0,45.29,38.8129,49.8011,33.9431,32.9592,26.152,26.8386,37.1977,28.597,False,Other/Random,32.96
359,322.782,20.261,59.75,15288.47,42.046,5319.0,82.29,30.214,41.0346,30.1668,39.0995,29.4091,34.7373,26.9583,20.261,False,Other/Random,30.17
360,184.898,21.477,193.85,15312.75,3.107,252.0,17.91,28.4362,29.6706,33.7981,51.3824,27.6066,40.0109,18.4933,21.477,False,Other/Random,28.44
361,171.118,17.636,209.88,15329.13,14.798,801.0,31.94,27.3578,35.2667,29.7078,46.9763,26.5407,41.4058,21.5687,17.636,False,Other/Random,27.36
362,10.057,41.551,318.04,15372.8,16.795,2106.0,51.78,51.9525,35.446,43.479,49.7681,26.7336,28.8356,34.9589,41.551,False,Other/Random,35.45
363,333.534,26.72,47.85,15420.99,31.445,2709.0,58.73,34.1013,34.9895,35.5176,40.9968,29.6349,30.2564,26.379,26.72,False,Other/Random,34.1
364,174.949,14.271,213.14,15453.0,13.882,990.0,35.5,31.4413,41.7883,22.0944,50.3879,19.2959,44.4524,28.2692,14.271,True,Other/Random,22.09
365,191.347,11.572,185.95,15484.14,12.139,972.0,35.18,20.7865,37.383,29.9791,48.8405,27.8466,45.416,17.2169,11.572,True,Other/Random,20.79
366,305.926,48.035,54.38,15532.67,22.889,3087.0,62.69,48.0359,41.5629,57.3168,28.0165,11.3985,9.7447,38.5663,48.035,True,Other/Random,28.02
367,349.125,25.8,43.33,15592.5,41.33,5724.0,85.37,41.2433,39.6489,28.6417,50.7277,23.1466,35.5138,33.8079,25.8,False,Other/Random,28.64
368,320.84,20.662,62.34,15647.4,8.526,1368.0,41.73,30.9577,41.9326,29.9641,38.6991,29.3454,34.2262,27.9574,20.662,False,Other/Random,29.96
369,190.379,8.582,153.43,15733.99,28.595,6228.0,89.05,18.3114,40.1425,30.0342,45.8009,29.2953,47.8439,16.3754,8.582,True,Other/Random,18.31
370,350.405,33.025,39.75,15831.33,33.77,5121.0,80.75,44.4358,34.8453,36.1232,51.503,28.0649,32.1374,32.0647,33.025,False,Other/Random,34.85
371,185.989,15.325,191.52,15881.01,20.441,1062.0,36.77,23.229,34.1469,31.4019,49.6964,28.0408,43.5728,17.3673,15.325,False,Other/Random,23.23
372,246.592,4.067,129.82,15885.9,1.8,90.0,10.7,16.9051,45.8656,28.8699,44.54,28.6731,50.969,16.7682,4.067,True,Other/Random,16.91
373,31.031,21.946,304.96,15910.62,10.02,900.0,33.85,32.4187,39.7636,30.2793,40.9369,28.8358,33.7324,28.0098,21.946,False,Other/Random,30.28
374,26.269,37.421,315.61,15954.44,6.988,738.0,30.65,41.4358,30.7169,45.7914,41.5034,21.9423,21.8122,27.5407,37.421,False,Other/Random,30.72
375,10.137,3.407,14.26,16020.14,27.611,5256.0,81.81,24.6302,47.8748,20.8798,50.8816,20.6435,51.9649,24.3864,3.407,True,Other/Random,20.88
376,22.655,31.098,315.31,16074.51,8.667,486.0,24.88,37.9555,32.9136,38.4894,42.9621,27.7757,27.8182,27.374,31.098,False,Other/Random,32.91
377,160.191,10.007,227.12,16115.11,15.333,2430.0,55.62,29.0539,45.5043,20.3038,48.2244,19.5016,45.8168,27.7791,10.007,True,Other/Random,20.3
378,140.622,16.452,229.68,16176.0,1.636,99.0,11.23,19.3925,36.4942,38.2921,36.7264,33.4475,38.3864,15.4046,16.452,False,Other/Random,19.39
379,166.174,19.492,206.13,16190.79,2.143,126.0,12.67,23.0187,29.8851,37.9286,43.923,34.92,38.9801,13.8325,19.492,True,Other/Random,23.02
380,75.178,5.032,303.8,16203.42,11.394,846.0,32.82,19.6279,46.9379,26.4958,44.461,26.2315,50.4289,19.5162,5.032,True,Other/Random,19.63
381,165.339,46.122,205.16,16219.5,0.0,36.0,6.77,47.2382,18.1908,57.028,52.1984,27.3003,24.7531,18.1513,45.7854,False,Other/Random,18.19
382,322.117,6.458,54.99,16255.4,12.503,1503.0,43.75,18.2769,44.0537,28.6164,43.8196,28.5182,48.3319,17.718,6.458,True,Other/Random,18.28
383,335.07,8.885,49.39,16288.0,1.0,27.0,5.86,26.0006,45.017,22.3604,46.6989,21.8947,46.459,24.986,8.885,True,Other/Random,22.36
384,331.782,15.938,51.08,16305.6,46.791,8685.0,105.16,27.8084,40.6759,27.2202,42.9236,26.1498,39.6627,24.8649,15.938,False,Other/Random,27.22
385,161.342,47.257,217.08,16379.72,6.776,765.0,31.21,50.5282,27.6153,53.8421,48.2525,19.9228,21.6852,27.5284,45.9083,False,Other/Random,27.62
386,329.819,4.053,49.59,16428.96,13.228,1539.0,44.27,19.8237,46.0093,25.9047,46.507,25.8341,50.8246,19.5734,4.053,True,Other/Random,19.82
387,137.508,22.944,237.68,16466.12,7.176,459.0,24.17,27.4592,37.7179,37.4596,34.1741,27.9421,31.8248,23.087,22.944,False,Other/Random,27.46
388,127.827,26.84,264.14,16504.27,4.263,513.0,25.56,41.5141,52.4779,29.7846,37.7058,29.783,28.2469,40.208,26.84,False,Other/Random,29.78
389,34.807,51.847,328.35,16556.37,8.067,810.0,32.11,51.9364,27.8814,52.2719,45.4772,23.5302,8.6613,27.872,49.7843,True,Other/Random,27.88
390,157.616,41.898,225.57,16591.71,3.786,378.0,21.94,47.6319,33.0599,47.009,45.6559,20.2748,21.0807,31.8203,41.898,False,Other/Random,33.06
391,2.717,15.015,20.91,16613.0,2.0,27.0,5.86,27.937,37.8549,26.0698,50.4976,22.6269,44.4276,23.5443,15.015,False,Other/Random,26.07
392,52.979,13.065,331.05,16630.87,6.96,450.0,23.94,27.3052,42.9272,24.6691,44.2643,21.2477,41.8244,25.4,13.065,True,Other/Random,24.67
393,131.665,52.897,222.39,16673.16,28.352,3933.0,70.76,53.2061,37.8915,55.0321,37.3495,19.5732,3.2594,37.3633,52.897,True,Other/Random,37.35
394,79.292,39.151,292.22,16737.06,20.868,2664.0,58.24,40.7446,51.0414,51.0884,16.9723,15.8952,29.117,39.1351,39.151,False,Other/Random,16.97
395,111.005,20.56,273.54,16768.5,2.0,108.0,11.73,31.9166,52.0394,28.9242,34.2064,28.494,36.6267,31.7572,20.56,False,Other/Random,28.92
396,30.854,4.941,344.73,16815.04,34.932,6372.0,90.07,16.3439,43.2314,29.8191,45.8663,29.3881,49.9544,15.6907,4.941,True,Other/Random,16.34
397,7.35,12.829,2.37,16908.39,41.761,8703.0,105.27,16.0831,33.5251,37.4703,47.117,35.3425,45.0507,9.6751,12.829,True,Other/Random,16.08
398,31.91,12.135,343.3,16983.07,47.755,8145.0,101.84,19.4354,37.3008,32.1149,43.9731,29.6219,42.9768,15.9344,12.135,True,Other/Random,19.44
399,80.032,18.021,293.24,17065.04,15.897,1053.0,36.62,22.3483,45.116,36.374,30.9271,30.9259,40.8994,21.7367,18.021,False,Other/Random,22.35
400,179.23,21.151,201.49,17093.58,6.667,567.0,26.87,29.526,31.5681,32.096,49.8288,26.6372,41.4477,20.7736,21.151,False,Other/Random,29.53
401,321.298,15.059,23.3,17145.0,1.1,270.0,18.54,21.5087,36.1559,33.1322,42.032,29.4247,39.7914,17.139,15.059,False,Other/Random,21.51
402,338.699,18.001,33.79,17148.34,30.198,4905.0,79.03,21.8798,32.4502,37.0438,41.6161,35.0789,38.727,14.8839,18.001,True,Other/Random,21.88
403,235.708,8.566,105.72,17194.11,2.778,243.0,17.59,20.4365,45.7642,27.7581,41.5027,27.7554,46.3376,20.1069,8.566,True,Other/Random,20.44
404,25.325,44.68,347.81,17214.98,28.365,2097.0,51.67,46.4757,18.7363,52.4385,52.802,29.5603,17.9882,18.6054,44.68,False,Other/Random,18.74
405,256.042,15.986,90.57,17224.67,1.667,81.0,10.16,20.8237,47.4761,35.3319,31.9204,31.1203,41.6097,20.7238,15.986,False,Other/Random,20.82
406,57.918,33.657,293.48,17238.94,3.188,144.0,13.54,34.708,42.0375,49.1837,23.0462,14.8766,22.8337,30.8536,33.657,True,Other/Random,23.05
407,237.832,16.229,108.96,17251.5,0.0,54.0,8.29,20.8965,42.5436,35.5993,33.612,31.4887,39.0281,19.6701,16.229,False,Other/Random,20.9
408,70.554,9.634,285.24,17263.5,0.0,18.0,4.79,10.5101,43.2625,41.8689,36.1428,35.8743,46.1729,10.1089,9.634,True,cube,10.51
409,141.771,52.934,222.59,98.0,6.5,108.0,11.73,53.1004,33.9956,57.8992,40.8887,14.2425,5.754,33.8252,51.1842,True,Other/Random,34.0
410,263.235,10.226,84.35,820.79,31.776,1764.0,47.39,16.0715,47.5488,34.1104,36.7872,33.8831,46.997,16.0712,10.226,True,Other/Random,16.07
411,194.193,39.965,144.68,2669.31,46.774,6057.0,87.82,45.003,27.0338,46.3007,49.4548,26.0055,26.7533,25.8846,39.965,False,Other/Random,27.03
412,219.861,14.083,114.35,2909.0,5.0,27.0,5.86,29.3264,45.5058,23.7809,42.7753,23.5027,40.7228,28.0116,14.083,True,Other/Random,23.78
413,339.346,35.96,46.79,3918.08,18.844,1440.0,42.82,44.1991,34.794,40.4622,45.6824,25.4713,25.2911,31.9232,35.96,False,Other/Random,34.79
414,348.314,46.066,20.9,4229.44,14.604,477.0,24.64,46.9292,15.2165,57.7281,53.162,30.2317,26.8805,15.2092,45.1533,False,Other/Random,15.22
415,202.581,49.899,145.6,4343.95,12.526,513.0,25.56,51.1923,25.6329,59.3298,48.6921,19.4209,18.3346,25.6311,45.0677,False,Other/Random,25.63
416,207.033,28.899,137.45,5798.79,38.566,2241.0,53.42,32.723,30.4575,41.0586,39.5762,27.7049,28.2612,22.2897,28.899,False,Other/Random,30.46
417,174.607,45.081,206.31,5850.22,29.373,1980.0,50.21,49.4668,22.8151,50.8131,49.551,29.0994,31.4484,22.8011,45.081,False,Other/Random,22.82
418,173.417,40.471,217.05,6528.0,4.5,18.0,4.79,50.2697,32.8136,42.8981,50.9718,29.0365,31.3024,32.2858,40.471,False,Other/Random,32.81
419,198.486,31.563,144.06,8682.42,41.685,3600.0,67.7,35.9598,27.5108,41.6611,44.2524,29.2703,29.0291,22.1155,31.563,False,Other/Random,27.51
420,10.08,9.8,348.86,9664.96,37.149,3807.0,69.62,9.857,35.426,44.9667,44.2141,43.1228,46.931,2.089,9.8,True,cube,9.86
421,145.282,52.046,225.45,11369.34,62.394,11190.0,119.35,53.0653,34.4948,56.0835,41.645,11.0112,8.6751,34.2837,49.5997,True,Other/Random,34.49
422,321.103,5.701,54.2,16163.96,23.61,1107.0,37.54,16.3245,43.8698,30.2272,43.6461,30.1551,49.0695,15.8406,5.701,True,Other/Random,16.32
423,157.966,48.359,222.43,16531.24,11.118,153.0,13.96,52.2451,31.6496,53.921,47.384,16.4126,19.0124,31.5289,46.1527,False,Other/Random,31.65
424,29.367,46.152,352.94,17246.44,19.435,621.0,28.12,50.9936,24.955,47.818,56.5258,21.1305,14.7566,24.9544,46.152,True,Other/Random,24.95
425,18.339,40.464,3.12,17261.59,14.276,261.0,18.23,45.5903,21.2247,46.5642,59.2579,24.3654,24.1049,20.8081,40.464,False,Other/Random,21.22
426,208.477,23.638,128.44,51.66,90.679,16730.0,145.95,32.9239,37.8176,32.1288,41.0857,30.1491,32.5662,27.3018,23.638,False,Other/Random,32.13
427,205.686,29.077,143.69,1101.13,66.705,8613.0,104.72,30.9177,26.7875,44.7388,39.9205,28.8837,28.4711,18.101,29.077,False,Other/Random,26.79
428,135.63,52.581,217.59,1616.5,43.825,3654.0,68.21,52.9854,34.5751,52.7075,40.5565,22.1212,2.2135,34.3469,52.581,True,Other/Random,34.58
429,164.652,23.319,209.84,1793.04,39.524,3816.0,69.7,27.4023,28.6106,38.2305,43.9634,34.286,35.799,16.7791,23.319,False,Other/Random,27.4
430,164.684,19.387,224.51,1913.52,13.2,225.0,16.93,34.928,40.8448,24.9659,48.0334,21.9277,38.7322,30.4045,19.387,False,Other/Random,24.97
431,348.425,19.31,353.27,2221.16,96.471,26290.0,182.95,26.5474,31.132,32.8438,51.1794,27.1545,39.627,18.0621,19.31,False,Other/Random,26.55
432,341.243,12.27,15.77,3345.32,25.523,585.0,27.29,12.627,33.5951,43.6902,43.0013,41.7775,43.9622,4.6946,12.27,True,cube,12.63
433,129.636,19.567,229.96,4499.44,46.628,4428.0,75.09,19.5711,35.6126,48.4985,32.3687,30.195,35.2876,14.9999,19.567,True,Other/Random,19.57
434,198.067,35.253,134.9,5776.31,13.125,144.0,13.54,44.1619,34.5723,39.4376,47.0724,27.0686,26.9216,31.7384,35.253,False,Other/Random,34.57
435,12.714,7.89,331.9,6046.53,13.267,405.0,22.71,17.2802,40.5399,30.6243,45.389,30.0482,48.1919,15.5965,7.89,True,Other/Random,17.28
436,343.883,12.775,56.65,7530.08,37.143,1890.0,49.06,42.4176,52.8343,13.5304,55.1123,11.803,43.8508,41.0365,12.775,True,rotated_cube,13.53
437,292.427,10.99,53.95,9937.23,60.483,8226.0,102.34,17.487,42.8043,33.2003,38.1403,31.9978,44.725,16.6325,10.99,True,Other/Random,17.49
438,312.767,50.918,41.72,10053.7,21.231,468.0,24.41,51.1958,36.1771,56.0398,36.9535,19.7042,4.2115,35.4303,50.918,True,Other/Random,36.18
439,168.775,8.718,220.44,10926.98,61.282,8784.0,105.76,30.4609,46.8418,18.0191,50.5942,17.0479,47.6583,29.3858,8.718,True,Other/Random,18.02
440,150.45,51.964,220.26,12189.45,14.1,180.0,15.14,52.981,30.6815,59.4582,45.3187,14.487,12.6853,30.6564,46.7507,True,Other/Random,30.68
441,214.008,56.504,134.62,12210.0,21.366,738.0,30.65,57.3501,36.6817,53.6714,44.5088,9.3213,9.2373,36.6815,46.2677,True,Other/Random,36.68
442,12.739,19.358,333.86,14002.0,8.0,27.0,5.86,23.5076,30.3286,36.9278,44.3848,33.832,39.3241,14.6973,19.358,True,Other/Random,23.51
443,50.886,47.095,324.31,14519.39,20.949,531.0,26.0,49.3527,36.0953,54.1204,38.4128,28.0694,8.8968,34.8611,47.095,True,Other/Random,36.1
444,229.476,52.777,138.02,16607.29,35.186,2853.0,60.27,53.2688,38.3314,54.6026,37.25,20.6681,4.1064,37.76,52.7507,True,Other/Random,37.25
445,140.997,55.812,224.75,5.14,34.838,720.0,30.28,56.0834,36.835,55.0094,41.5508,12.0165,5.0441,36.7872,49.9971,True,Other/Random,36.83
446,205.4,30.227,121.97,2872.5,48.276,5670.0,84.97,44.1978,42.978,32.6055,45.4403,29.7582,27.615,37.5618,30.227,False,Other/Random,32.61
447,268.951,6.669,80.82,3084.0,9.0,27.0,5.86,12.2061,46.0831,35.3854,39.6117,35.2512,50.0806,12.1969,6.669,True,cube,12.21
448,147.976,41.884,238.03,3163.18,44.405,5040.0,80.11,48.9907,40.7619,45.8127,40.7319,17.3083,16.0482,38.3891,41.884,False,Other/Random,40.73
449,50.063,57.174,321.21,4572.65,33.814,630.0,28.32,58.1826,40.5312,49.5185,41.3802,24.4701,4.8513,40.4695,49.8855,True,Other/Random,40.53
450,332.152,26.824,58.74,5605.5,10.5,36.0,6.77,40.6972,42.8707,30.2475,44.0277,28.1218,29.8554,35.3959,26.824,False,Other/Random,30.25
451,333.864,41.061,44.08,6877.98,19.364,396.0,22.45,44.655,30.6655,48.8499,42.5656,19.5201,19.4647,28.8392,41.061,False,Other/Random,30.67
452,294.153,17.357,85.73,9116.26,28.839,1233.0,39.62,26.3356,47.9384,30.4513,34.2892,30.3441,38.8587,25.9789,17.357,False,Other/Random,26.34
453,339.395,17.06,44.17,9160.81,26.376,909.0,34.02,29.0212,39.1028,27.333,44.7196,25.4568,39.6373,25.0664,17.06,False,Other/Random,27.33
454,341.322,50.611,37.61,10374.5,56.888,11780.0,122.47,52.451,29.0273,56.534,45.0931,17.8486,21.2541,29.0158,42.9329,False,Other/Random,29.03
455,206.4,14.504,179.85,11002.08,42.18,4356.0,74.47,29.9288,40.043,23.6653,50.7185,18.7453,41.1701,26.2548,14.504,True,Other/Random,23.67
456,174.382,41.782,179.43,14023.04,29.303,1782.0,47.63,42.2175,6.8475,56.4292,59.57,38.9585,31.6772,6.0549,41.782,True,goss,6.85
457,66.212,7.674,307.4,16476.01,18.525,360.0,21.41,15.6173,43.6431,32.2896,40.7755,31.6701,47.6371,15.1157,7.674,True,Other/Random,15.62
458,69.109,19.775,299.22,16518.48,15.0,225.0,16.93,21.4414,41.355,41.5012,29.3934,29.0213,37.3023,19.7173,19.775,False,Other/Random,21.44
459,309.656,11.668,34.65,6010.56,42.983,3267.0,64.5,19.5344,40.1752,31.496,40.9693,29.4338,43.1278,17.508,11.668,True,Other/Random,19.53
460,83.814,44.446,300.87,6503.7,29.562,1233.0,39.62,50.535,48.68,48.6543,26.8272,26.5088,30.9442,48.3564,44.446,False,Other/Random,26.83
461,204.071,9.145,125.28,6716.4,13.2,45.0,7.57,31.9529,48.4977,17.0042,49.6602,16.4426,46.2733,31.1214,9.145,True,Other/Random,17.0
462,8.344,32.167,13.81,6784.64,37.333,1782.0,47.63,38.8912,24.5832,39.279,57.6171,25.8844,33.1279,21.3316,32.167,False,Other/Random,24.58
463,235.502,15.872,145.15,6826.44,29.143,1071.0,36.93,25.994,40.7424,28.9989,40.6668,24.8941,39.2039,23.3956,15.872,False,Other/Random,25.99
464,354.705,9.222,328.84,7501.54,47.584,2142.0,52.22,37.5649,50.4437,12.566,56.3363,10.0595,47.8899,36.3954,9.222,True,rotated_cube,12.57
465,46.697,45.939,322.3,9211.86,21.571,189.0,15.51,46.7649,33.0722,56.9641,37.002,24.0353,8.8925,31.5536,45.939,True,Other/Random,33.07
466,8.663,30.211,311.36,10778.26,35.215,1719.0,46.78,49.7329,44.439,30.6161,55.2395,23.9304,33.9124,41.3275,30.211,False,Other/Random,30.62
467,165.559,15.296,216.63,10827.39,60.815,5832.0,86.17,26.8958,38.3557,27.4082,46.0006,25.3661,42.0657,22.9754,15.296,False,Other/Random,26.9
468,184.585,20.201,195.33,10871.18,27.964,756.0,31.03,28.2942,31.4058,32.1058,51.1175,26.474,40.8432,19.6952,20.201,False,Other/Random,28.29
469,328.847,22.067,57.32,12134.03,44.835,3429.0,66.08,34.105,41.3053,28.935,41.7514,27.5513,33.603,30.047,22.067,False,Other/Random,28.93
470,187.221,24.369,155.95,12175.5,13.5,72.0,9.57,29.5428,27.6037,37.0865,47.5559,31.4775,37.6095,17.7098,24.369,False,Other/Random,27.6
471,316.543,6.702,82.07,12878.71,42.107,2025.0,50.78,39.1684,56.5533,9.2555,54.1726,9.2389,48.0363,39.0384,6.702,True,rotated_cube,9.26
472,25.641,49.316,316.79,16502.0,26.706,918.0,34.19,52.1672,31.9092,56.0118,46.1348,14.4599,16.153,31.7649,46.8713,True,Other/Random,31.91
473,141.695,27.577,225.84,865.06,28.941,765.0,31.21,28.5686,31.2607,46.2247,33.95,25.8266,27.4804,19.8061,27.577,False,Other/Random,28.57
474,186.007,14.94,164.34,1371.94,56.867,5058.0,80.25,17.7723,31.836,38.2816,45.5176,36.0434,43.8266,9.974,14.94,True,Other/Random,17.77
475,160.06,14.252,187.83,3255.12,58.365,5481.0,83.54,18.6819,33.4432,35.7667,45.2564,32.7021,42.1262,12.4945,14.252,True,Other/Random,18.68
476,351.803,33.094,42.65,3850.19,27.0,342.0,20.87,47.4219,38.4178,34.6892,53.576,26.4787,32.7904,36.0095,33.094,False,Other/Random,34.69
477,1.416,36.959,9.96,4325.2,51.93,3456.0,66.33,38.6116,13.6751,49.5665,56.4825,36.028,35.2203,11.1238,36.959,True,goss,13.68
478,334.435,18.726,42.23,4359.3,23.1,180.0,15.14,25.0181,35.035,33.8577,41.0006,32.1523,37.4408,19.4995,18.726,False,Other/Random,25.02
479,2.886,31.381,355.48,5618.06,41.943,1413.0,42.42,31.4224,13.9121,53.0818,52.7137,42.6567,36.0703,2.5459,31.381,True,goss,13.91
480,58.927,54.699,315.28,6348.12,40.68,2475.0,56.14,56.3759,45.2696,54.5645,35.4543,24.2654,11.3595,44.3561,45.6514,True,Other/Random,35.45
481,186.168,35.056,185.86,6696.81,52.854,6525.0,91.15,37.0007,15.0497,47.7678,57.5671,34.1753,33.0767,11.468,35.056,True,Other/Random,15.05
482,318.165,30.817,59.55,7630.99,38.663,801.0,31.94,35.4386,38.3704,40.9397,33.0385,21.8046,24.0086,29.3785,30.817,False,Other/Random,33.04
483,12.303,26.479,0.33,7731.17,24.771,315.0,20.03,29.2895,22.3561,41.5927,50.8881,32.4019,34.5988,12.5992,26.479,True,Other/Random,22.36
484,161.143,45.613,223.51,7903.34,34.66,927.0,34.36,51.5342,32.9595,49.7233,48.2872,19.3908,21.9273,32.6499,45.613,False,Other/Random,32.96
485,38.562,44.206,311.9,9262.83,25.043,207.0,16.23,45.1728,33.4248,56.1099,35.7124,13.7373,11.6014,31.2628,44.206,True,Other/Random,33.42
486,230.001,24.176,113.38,12359.67,24.667,324.0,20.31,29.267,41.2165,37.1204,31.649,25.8719,30.7028,26.2911,24.176,False,Other/Random,29.27
487,347.393,21.44,44.6,13703.37,55.196,4131.0,72.52,38.3561,41.5109,25.0375,49.8977,21.0424,37.8697,33.1221,21.44,False,Other/Random,25.04
488,350.945,31.826,44.14,15944.33,79.608,11210.0,119.49,47.0302,39.568,33.2965,53.2057,25.8027,32.9515,36.6956,31.826,False,Other/Random,33.3
489,334.047,18.173,67.71,16211.41,54.029,4698.0,77.34,45.3777,53.3084,18.4577,52.6064,17.2979,37.8832,43.4664,18.173,False,Other/Random,18.46
490,139.15,49.159,212.46,16556.31,44.487,2736.0,59.02,49.826,30.1386,52.8061,42.2041,25.7428,6.4616,29.7937,49.159,True,Other/Random,30.14
491,307.44,47.246,53.34,1876.15,47.406,1863.0,48.7,47.2521,40.2866,58.0345,28.6865,11.7881,9.5099,37.311,47.246,True,Other/Random,28.69
492,180.845,33.493,186.92,1915.03,31.702,603.0,27.71,34.3562,13.7811,49.6814,54.6269,38.5353,36.414,7.6389,33.493,True,goss,13.78
493,175.395,10.12,164.02,3213.79,32.925,720.0,30.28,22.914,40.2126,26.3998,49.3157,24.797,47.3412,20.5289,10.12,True,Other/Random,22.91
494,310.591,14.875,50.62,4213.71,54.593,3051.0,62.33,14.9239,37.1573,46.1287,34.888,33.5557,39.916,11.4476,14.875,True,cube,14.92
495,44.659,54.794,326.49,5882.88,28.68,450.0,23.94,55.8306,35.248,48.309,43.9344,26.2936,0.2846,35.2348,54.4654,True,Other/Random,35.25
496,324.9,21.066,62.31,6461.21,41.528,1602.0,45.16,34.2895,43.4438,27.5078,41.4194,26.6344,34.1186,31.2062,21.066,False,Other/Random,27.51
497,344.801,20.106,23.36,7769.13,38.936,1683.0,46.29,21.6834,27.9299,41.8009,43.3031,37.6416,38.2122,10.4106,20.106,True,Other/Random,21.68
498,293.485,51.119,49.46,9042.12,46.371,2304.0,54.16,53.707,46.1718,57.8046,30.7319,24.3786,17.4993,45.8505,44.4413,False,Other/Random,30.73
499,176.614,24.417,196.35,11131.7,59.709,6768.0,92.83,27.5989,24.6558,40.0853,48.6894,34.015,38.9173,13.3385,24.417,True,Other/Random,24.66
500,195.028,42.719,144.09,11427.13,53.471,612.0,27.91,47.3343,27.1762,48.7782,50.0532,24.0086,25.3094,26.6237,42.719,False,Other/Random,27.18
501,157.384,25.672,228.53,11860.29,21.857,63.0,8.96,36.3218,37.4725,31.8936,43.9601,28.7606,32.0669,29.424,25.672,False,Other/Random,31.89
502,34.032,44.248,315.22,12177.89,26.676,333.0,20.59,45.4709,31.0762,55.4243,38.675,15.5988,13.3724,29.4682,44.248,True,Other/Random,31.08
503,335.328,36.573,53.3,16422.98,64.184,11220.0,119.54,46.1412,38.7652,39.9556,44.5025,24.2343,23.0921,35.7229,36.573,False,Other/Random,38.77
504,163.251,44.587,224.85,793.77,72.089,7272.0,96.22,52.3188,34.9131,47.5289,48.2703,21.1776,23.6406,34.5508,44.587,False,Other/Random,34.91
505,158.659,44.833,226.0,1299.4,55.706,2880.0,60.56,50.8589,34.1899,49.0141,47.5101,18.6646,20.4927,33.6258,44.833,False,Other/Random,34.19
506,166.926,13.179,173.15,1439.2,57.166,3258.0,64.41,23.8516,37.1927,28.2791,49.996,25.2996,43.9339,19.8042,13.179,True,Other/Random,23.85
507,150.674,27.817,224.16,1765.0,23.0,81.0,10.16,31.4561,31.2693,40.8136,38.4206,27.6822,28.6599,21.9911,27.817,False,Other/Random,31.27
508,306.498,57.621,35.97,1846.81,53.883,1611.0,45.29,60.0097,42.7959,46.9344,43.1718,29.5487,7.6264,42.7573,47.2427,True,Other/Random,42.8
509,149.321,40.785,221.71,5493.42,52.933,3213.0,63.96,42.189,28.3366,52.6107,39.6567,19.4249,17.4594,25.9619,40.785,False,Other/Random,28.34
510,15.227,16.267,334.93,6069.98,54.58,3447.0,66.25,18.996,31.6735,38.6298,43.1728,36.5966,41.1701,11.2384,16.267,True,Other/Random,19.0
511,11.336,45.192,321.28,7270.77,32.318,198.0,15.88,52.4668,31.7115,48.3359,47.1446,23.6512,27.2502,31.6095,45.192,False,Other/Random,31.71
512,303.149,13.08,74.49,7402.46,43.895,684.0,29.51,21.9287,44.6718,30.2728,37.5711,30.2698,41.994,21.2428,13.08,True,Other/Random,21.93
513,164.414,35.116,212.3,7975.64,54.699,2394.0,55.21,38.7773,24.627,44.8099,46.6321,28.8241,28.1885,21.3111,35.116,False,Other/Random,24.63
514,41.879,48.203,320.25,9242.17,34.962,1197.0,39.04,48.2472,31.916,57.9241,38.065,19.4319,6.9726,31.0244,48.203,True,Other/Random,31.92
515,46.524,50.576,320.59,9469.59,50.087,2277.0,53.84,51.0413,35.1374,54.8271,38.128,21.6349,4.3323,34.4954,50.576,True,Other/Random,35.14
516,34.859,57.314,310.8,11443.54,36.205,792.0,31.76,58.933,39.6646,50.4719,43.9829,5.811,8.7912,39.6617,46.3208,True,Other/Random,39.66
517,1.52,22.871,24.67,11979.87,41.953,1152.0,38.3,34.6386,33.9937,29.5327,52.4112,22.48,40.3392,26.0768,22.871,False,Other/Random,29.53
518,13.868,22.507,313.0,12265.47,52.597,4734.0,77.64,39.8756,42.2183,25.4086,49.9928,21.4179,36.7826,34.5065,22.507,False,Other/Random,25.41
519,187.731,33.196,156.05,12790.8,50.565,2916.0,60.93,36.8459,21.9596,43.6683,49.9834,33.9197,32.978,17.9568,33.196,False,Other/Random,21.96
520,205.471,35.586,120.88,12976.41,44.223,1737.0,47.03,48.5981,43.5858,37.2966,45.9344,26.7421,23.461,40.2247,35.586,False,Other/Random,37.3
521,30.365,38.24,326.06,13278.61,63.997,8829.0,106.03,38.4005,23.7428,55.7997,40.1663,24.8694,19.5338,20.3653,38.24,False,Other/Random,23.74
522,134.969,41.488,235.76,13391.16,60.862,6894.0,93.69,42.7936,37.6142,53.3262,30.5668,11.9782,13.2476,33.3038,41.488,True,Other/Random,30.57
523,141.365,39.176,227.65,13511.66,50.279,2358.0,54.79,40.1601,31.9706,52.7115,34.3329,17.2257,16.2249,27.8807,39.176,False,Other/Random,31.97
524,359.187,41.848,6.21,13968.7,52.645,4365.0,74.55,42.1791,6.4665,56.9978,58.9971,40.9986,34.8463,5.6305,41.848,True,goss,6.47
525,15.579,40.077,316.58,15496.8,24.6,45.0,7.57,48.4696,33.8893,43.4566,49.8044,24.8357,25.887,32.7647,40.077,False,Other/Random,33.89
526,339.727,17.652,12.91,15657.34,32.375,648.0,28.72,19.1148,29.3728,41.4347,43.8043,37.2222,39.19,8.8445,17.652,True,Other/Random,19.11
527,28.716,18.666,347.29,316.0,32.8,135.0,13.11,24.5426,32.1831,34.3743,44.7474,28.6081,37.0777,17.1235,18.666,False,Other/Random,24.54
528,185.252,21.712,187.07,668.32,51.245,1872.0,48.82,24.9283,26.1013,39.069,50.8232,33.2658,39.769,12.1055,21.712,True,Other/Random,24.93
529,156.089,19.573,187.65,1486.84,55.064,2664.0,58.24,25.3957,30.8929,34.6547,46.447,28.4074,36.9462,16.8872,19.573,False,Other/Random,25.4
530,174.242,29.288,199.7,4375.17,37.516,837.0,32.65,32.3715,21.9988,42.4404,49.3811,34.5862,35.6198,14.9354,29.288,True,Other/Random,22.0
531,188.047,18.809,146.48,5917.77,28.923,351.0,21.14,31.5721,37.2972,27.0489,48.6501,23.2316,40.8092,26.0175,18.809,False,Other/Random,27.05
532,17.872,35.16,321.71,7863.54,61.983,4221.0,73.31,40.496,28.716,42.6774,45.7972,27.0685,27.067,25.5145,35.16,False,Other/Random,28.72
533,20.83,32.178,311.48,8133.15,61.541,3609.0,67.79,42.2116,36.7113,36.4298,45.4888,28.4406,27.7023,32.3758,32.178,False,Other/Random,36.43
534,220.354,44.614,135.19,8629.58,44.09,1098.0,37.39,44.8247,32.0896,59.5788,35.5062,15.8483,10.7185,30.0618,44.614,True,Other/Random,32.09
535,159.861,49.037,215.05,9579.59,47.629,2331.0,54.48,51.1196,26.0822,57.0419,47.9917,19.6459,20.2947,26.0745,44.8493,False,Other/Random,26.08
536,47.093,51.245,312.45,9849.19,50.868,3069.0,62.51,51.2469,38.1111,57.4299,34.6302,13.8252,3.8698,37.0764,51.245,True,Other/Random,34.63
537,200.919,14.793,159.56,10031.2,27.2,135.0,13.11,14.8007,31.5762,46.7955,41.9997,39.896,41.5356,5.2329,14.793,True,cube,14.8
538,157.824,3.016,223.46,10731.06,49.61,1962.0,49.98,21.4942,47.2643,23.9043,48.1162,23.8408,51.9647,21.3407,3.016,True,Other/Random,21.49
539,341.572,21.437,40.76,11239.74,53.382,2709.0,58.73,30.8613,35.474,31.1024,44.444,28.072,36.4573,24.395,21.437,False,Other/Random,30.86
540,324.6,53.613,52.42,12192.59,38.842,513.0,25.56,56.0585,39.9475,50.4507,41.477,5.6051,7.8608,39.6941,48.9892,True,Other/Random,39.95
541,208.874,51.932,134.52,12502.73,39.889,972.0,35.18,54.3463,34.3478,55.8519,45.2149,11.1285,13.2171,34.2808,46.4167,True,Other/Random,34.35
542,30.961,49.731,321.92,13180.94,47.967,2430.0,55.62,50.2059,28.5155,59.7427,43.8091,17.2383,12.1557,28.347,49.1333,True,Other/Random,28.52
543,327.652,53.001,53.05,13919.1,55.5,1782.0,47.63,56.6269,40.2831,50.3389,43.3948,7.0871,10.3566,40.0786,47.5686,True,Other/Random,40.28
544,36.555,32.468,297.33,15340.99,37.019,477.0,24.64,41.4458,42.0489,37.4326,37.9734,23.9835,22.9755,35.3921,32.468,False,Other/Random,37.43
545,237.334,5.599,145.73,16181.5,28.5,54.0,8.29,23.7249,46.9658,22.6308,46.8593,22.0238,49.2758,23.3925,5.599,True,Other/Random,22.63
546,165.157,46.279,220.71,841.2,28.2,45.0,7.57,52.6683,32.0852,49.8764,46.7657,21.0791,24.5968,31.983,45.6854,False,Other/Random,32.09
547,210.16,49.571,129.46,958.92,76.311,11220.0,119.54,53.3511,37.1856,54.0059,43.3122,10.8859,12.7845,36.7687,48.8402,True,Other/Random,37.19
548,160.536,15.131,220.92,977.46,31.286,252.0,17.91,26.2035,38.746,27.9291,44.6126,26.3288,41.4406,22.6116,15.131,False,Other/Random,26.2
549,201.924,18.283,147.0,1176.65,51.763,2619.0,57.75,21.3519,31.7608,38.4092,41.2436,36.1484,38.3852,13.8064,18.283,True,Other/Random,21.35
550,319.899,44.616,42.42,2787.22,51.984,1098.0,37.39,44.6732,30.9471,60.9789,36.259,17.6359,10.7814,29.0769,44.616,True,Other/Random,30.95
551,42.381,44.404,314.91,3935.65,35.382,306.0,19.74,44.4824,32.6735,60.5724,34.4644,16.1938,10.5205,30.3954,44.404,True,Other/Random,32.67
552,27.246,43.732,319.57,4242.66,43.56,450.0,23.94,45.5826,28.079,53.6178,42.7831,18.696,17.3052,26.9658,43.732,False,Other/Random,28.08
553,61.755,53.524,316.88,4639.45,33.111,243.0,17.59,56.4483,45.5038,54.0916,36.1587,27.6223,13.614,45.2999,44.8981,True,Other/Random,36.16
554,28.798,47.019,319.17,5438.52,33.429,504.0,25.33,48.4493,29.1333,56.8828,43.2307,16.4799,14.7106,28.6222,47.019,True,Other/Random,29.13
555,332.286,50.036,38.19,6122.19,52.008,1125.0,37.85,51.0517,28.3731,60.1526,45.6394,16.7296,14.4484,28.2994,47.2718,True,Other/Random,28.37
556,51.826,41.927,297.61,6552.38,74.975,3285.0,64.67,43.1792,42.0528,53.7588,26.1731,8.9986,13.7724,36.4172,41.927,True,Other/Random,26.17
557,168.907,38.484,213.22,6873.89,60.853,5193.0,81.31,44.1818,26.7584,44.5457,50.724,28.3683,29.116,25.3841,38.484,False,Other/Random,26.76
558,202.229,30.635,150.47,8435.54,39.231,117.0,12.21,31.4727,22.8373,48.223,42.0649,30.6199,28.3091,15.0128,30.635,False,Other/Random,22.84
559,45.773,57.821,318.59,9214.42,45.862,783.0,31.57,57.9712,39.1682,51.8378,41.3106,19.2202,3.1516,39.1452,52.6627,True,Other/Random,39.17
560,35.315,55.054,310.19,12059.7,32.7,90.0,10.7,56.7857,38.8729,51.3403,42.3842,6.2928,7.9265,38.7831,48.021,True,Other/Random,38.87
561,155.141,41.712,224.11,13462.86,54.219,2466.0,56.03,45.7597,31.0588,48.7161,43.6482,19.5066,19.7706,29.5521,41.712,False,Other/Random,31.06
562,2.443,12.015,13.17,14278.76,46.453,2025.0,50.78,19.6782,36.3286,31.6982,47.8621,29.7788,46.3777,15.5676,12.015,True,Other/Random,19.68
563,180.674,29.196,160.62,14650.98,55.973,657.0,28.92,34.5645,24.5461,39.0986,51.956,29.96,37.9148,18.7944,29.196,False,Other/Random,24.55
564,25.36,42.518,314.39,15493.39,41.619,567.0,26.87,46.8915,32.28,48.9069,43.7043,18.5608,19.0475,30.9389,42.518,False,Other/Random,32.28
565,330.685,24.973,56.62,15901.5,30.0,36.0,6.77,36.8419,40.8649,30.5251,42.2061,28.6548,31.2123,31.7499,24.973,False,Other/Random,30.53
566,51.659,14.705,320.52,17071.95,54.514,2574.0,57.25,19.0722,38.043,35.8818,37.8002,33.0754,40.155,16.0213,14.705,True,Other/Random,19.07
567,46.855,54.999,325.86,1991.63,43.849,657.0,28.92,56.3378,36.8187,48.1507,43.3769,26.954,1.5397,36.7866,53.297,True,Other/Random,36.82
568,310.975,53.086,47.94,2071.87,64.163,4527.0,75.92,53.0963,39.9579,56.5112,34.697,14.4362,3.6465,39.1088,52.8684,True,Other/Random,34.7
569,179.106,14.024,168.02,2980.98,48.42,450.0,23.94,19.0153,33.4539,34.9795,47.389,32.587,45.3949,12.8492,14.024,True,Other/Random,19.02
570,229.114,37.777,135.39,3385.46,60.02,4077.0,72.05,38.0348,33.2646,54.8333,30.904,21.4969,17.21,27.6709,37.777,False,Other/Random,30.9
571,161.342,20.345,221.76,3659.42,41.053,513.0,25.56,30.6918,36.6285,29.8057,44.6796,27.0493,37.2758,24.9718,20.345,False,Other/Random,29.81
572,173.308,33.105,162.52,3805.75,70.386,2961.0,61.4,40.7901,25.9313,38.9562,57.6225,25.2538,33.5336,23.3642,33.105,False,Other/Random,25.93
573,344.27,41.355,46.95,3896.73,71.4,5985.0,87.29,51.4007,37.1539,43.4948,50.7565,24.3305,25.3142,36.3143,41.355,False,Other/Random,37.15
574,320.309,4.328,40.39,3979.1,71.32,5679.0,85.03,4.3841,41.7801,44.5013,42.3442,42.2006,50.4273,2.8703,4.328,True,cube,4.38
575,331.302,41.5,51.76,5153.41,53.408,1368.0,41.73,47.2291,36.3798,46.7145,41.8402,17.8895,17.8831,34.3711,41.5,False,Other/Random,36.38
576,13.526,30.297,342.3,5910.11,73.772,7209.0,95.81,30.5765,18.1387,50.4512,46.7004,36.2137,31.8096,9.0193,30.297,True,Other/Random,18.14
577,225.132,13.57,97.7,7738.29,38.0,189.0,15.51,39.4854,54.3555,15.6588,48.9588,15.633,41.1657,38.9895,13.57,True,Other/Random,15.66
578,228.006,55.967,133.85,8447.78,45.873,711.0,30.09,55.9953,40.5511,55.7698,37.3877,15.7521,2.7623,40.2289,51.9817,True,Other/Random,37.39
579,135.218,54.794,226.86,9356.66,48.402,873.0,33.34,54.8303,38.9313,55.0937,37.685,13.0143,0.1874,38.586,54.5523,True,Other/Random,37.69
580,121.386,52.259,218.81,9742.0,53.835,2943.0,61.21,55.6379,43.6542,51.9607,38.6208,29.6591,11.209,42.8351,47.5399,True,Other/Random,38.62
581,53.755,46.231,307.73,9785.88,44.229,630.0,28.32,46.2535,39.8892,59.93,28.3097,13.6647,10.8468,36.5781,46.231,True,Other/Random,28.31
582,320.971,15.389,27.52,10016.38,47.896,1818.0,48.11,19.1958,34.9742,36.7652,40.2118,33.3116,39.4527,14.1963,15.389,True,Other/Random,19.2
583,32.161,42.128,317.85,11576.0,43.0,432.0,23.45,43.2436,28.8422,54.263,39.2388,18.2983,15.805,26.804,42.128,False,Other/Random,28.84
584,214.086,51.13,130.05,11800.32,73.207,4698.0,77.34,53.376,37.065,53.5385,41.2213,8.653,9.4175,36.6657,49.8485,True,Other/Random,37.06
585,149.195,51.728,217.65,12469.32,42.182,594.0,27.5,52.148,29.1214,58.0789,45.0374,16.8683,11.7486,29.0954,47.5989,True,Other/Random,29.12
586,320.404,48.091,43.97,12910.54,53.363,1017.0,35.98,48.2777,32.7794,60.1964,37.4787,14.8721,7.8696,31.772,48.091,True,Other/Random,32.78
587,337.499,41.294,48.38,14439.06,85.642,9603.0,110.58,48.4312,35.4524,45.3301,45.9043,20.8149,21.3151,34.0473,41.294,False,Other/Random,35.45
588,5.91,34.007,9.57,15466.74,45.032,855.0,32.99,37.2696,18.2853,44.7444,56.9516,31.5422,33.587,14.8385,34.007,True,Other/Random,18.29
589,302.844,51.823,57.82,16132.17,49.139,1944.0,49.75,51.827,45.8934,53.4194,27.178,9.769,10.1608,43.2506,48.6661,True,Other/Random,27.18
590,21.907,32.373,1.24,17251.51,57.544,1539.0,44.27,39.616,26.1041,38.8942,54.6661,22.0552,27.1565,22.9634,32.373,False,Other/Random,26.1
591,302.426,28.879,77.94,544.68,71.994,4446.0,75.24,35.2127,47.0964,37.7874,28.6414,22.439,27.0726,33.4012,28.879,False,Other/Random,28.64
592,178.273,40.91,146.72,1225.39,38.654,234.0,17.26,53.3506,34.798,42.0619,50.2407,26.7534,34.3466,34.6015,40.91,False,Other/Random,34.8
593,56.463,7.803,289.72,2485.59,55.608,1494.0,43.61,15.8588,44.1427,32.121,40.4565,32.1158,47.1058,15.464,7.803,True,Other/Random,15.86
594,49.308,34.148,300.89,3837.98,87.816,3078.0,62.6,35.4867,37.9564,48.6607,27.6299,16.6486,20.7976,29.1651,34.148,False,Other/Random,27.63
595,189.091,21.846,185.64,4097.42,84.983,10410.0,115.14,26.2985,27.1137,37.179,51.1981,30.7362,38.5582,14.4776,21.846,True,Other/Random,26.3
596,158.308,47.301,213.4,5448.05,55.182,1530.0,44.14,48.6475,24.0908,57.2863,48.1916,21.2262,19.5032,23.9771,46.9307,False,Other/Random,24.09
597,231.231,2.716,113.65,5670.02,70.569,3528.0,67.02,15.3596,46.0624,30.0014,45.1585,29.9984,52.0362,15.2942,2.716,True,Other/Random,15.36
598,25.982,23.042,343.38,7137.35,63.693,2493.0,56.34,24.8475,26.4616,42.2342,43.127,34.9001,33.5477,12.397,23.042,True,Other/Random,24.85
599,234.439,52.306,124.97,7728.43,63.249,2169.0,52.55,52.3091,44.1571,53.8472,29.5194,10.7598,7.9647,42.1896,49.931,True,Other/Random,29.52
600,2.308,26.245,21.67,8573.02,84.231,8406.0,103.45,35.4066,30.0676,33.5105,53.0503,24.8199,38.4439,23.7609,26.245,False,Other/Random,30.07
601,47.316,38.655,314.4,9151.69,60.747,4158.0,72.76,38.6916,32.9412,57.4059,31.0461,19.7805,16.1666,27.8113,38.655,False,Other/Random,31.05
602,61.247,49.436,312.51,9273.71,43.974,342.0,20.87,51.1984,44.2352,57.952,31.1621,22.6316,13.8432,41.8142,48.2399,True,Other/Random,31.16
603,150.714,52.841,225.17,10054.93,57.993,1359.0,41.6,55.0119,34.4971,55.5834,45.4224,10.6934,12.8042,34.4675,45.9647,True,Other/Random,34.5
604,154.106,14.244,224.33,11057.29,90.134,6642.0,91.96,23.2599,38.6265,30.0813,42.4385,29.0572,41.4586,20.0664,14.244,True,Other/Random,23.26
605,152.594,33.258,239.31,11196.51,67.287,2538.0,56.85,45.772,42.8874,35.6757,44.2576,27.3875,24.5478,38.3623,33.258,False,Other/Random,35.68
606,332.758,50.618,42.68,12046.93,50.231,351.0,21.14,52.7711,31.8139,58.1228,45.7434,13.6155,14.6816,31.7342,46.5911,True,Other/Random,31.81
607,202.073,22.678,135.82,13126.18,61.154,2574.0,57.25,31.5689,35.6285,32.117,43.0805,29.3539,34.6494,25.0099,22.678,False,Other/Random,31.57
608,359.946,28.208,17.61,13767.58,56.763,2052.0,51.11,33.1307,24.2555,39.1603,51.7228,30.4546,38.5616,17.5624,28.208,False,Other/Random,24.26
609,63.288,19.323,285.3,13822.37,90.911,8919.0,106.56,22.4137,43.3527,38.6103,29.8698,27.8111,36.7404,21.2997,19.323,False,Other/Random,22.41
610,37.153,48.755,322.77,15228.91,60.567,3429.0,66.08,48.7551,29.3679,57.3903,40.8958,19.8233,8.58,28.8957,48.755,True,Other/Random,29.37
611,148.352,47.609,225.9,15696.25,50.616,774.0,31.39,49.5772,32.8573,56.1851,41.3873,13.2022,12.5849,32.1718,47.609,True,Other/Random,32.86
612,226.549,53.401,145.91,16064.34,106.505,14770.0,137.13,54.731,35.8004,49.2964,42.5813,26.8159,1.8314,35.6935,53.401,True,Other/Random,35.8
613,238.889,48.429,155.79,1907.85,53.415,1062.0,36.77,58.95,45.6283,47.1839,49.4275,18.066,12.5548,45.2331,48.429,True,Other/Random,45.63
614,24.5,49.111,327.66,2954.35,63.707,2025.0,50.78,49.6945,23.9577,59.4835,47.8588,21.2079,17.0409,23.9317,46.535,False,Other/Random,23.96
615,7.504,43.23,353.39,3065.36,51.506,801.0,31.94,43.2388,5.6455,60.9926,57.6241,40.5459,30.1899,5.254,43.23,True,goss,5.65
616,177.897,37.027,193.47,4693.15,91.901,5013.0,79.89,38.674,14.3645,49.6217,54.6982,37.0422,34.8021,11.8576,37.027,True,goss,14.36
617,4.225,13.033,349.77,5974.07,56.7,630.0,28.32,14.3445,32.6283,41.0348,45.5256,39.3094,45.4191,6.1869,13.033,True,cube,14.34
618,321.739,56.525,44.75,6316.94,47.559,306.0,19.74,56.8657,37.0662,54.5242,42.3377,11.5985,5.8417,37.0511,49.0838,True,Other/Random,37.07
619,309.493,28.839,75.78,6407.65,71.896,4653.0,76.97,38.1684,47.26,34.8221,33.2814,25.2513,26.1341,35.7564,28.839,False,Other/Random,33.28
620,158.014,20.91,191.8,7472.14,88.232,8370.0,103.23,23.2342,27.4718,40.4435,44.6231,34.282,36.1435,11.7073,20.91,True,Other/Random,23.23
621,46.835,45.9,322.47,9197.0,38.0,27.0,5.86,46.7837,33.1208,56.857,37.0639,24.2729,8.9471,31.5999,45.9,True,Other/Random,33.12
622,84.952,42.575,314.2,9319.87,44.333,405.0,22.71,57.217,47.7188,42.9563,40.7667,29.139,31.9381,49.6084,42.575,False,Other/Random,40.77
623,44.947,58.879,317.83,9333.6,39.0,90.0,10.7,58.9386,39.6776,51.9972,41.8786,18.0786,4.1436,39.6745,52.7065,True,Other/Random,39.68
624,30.167,32.423,309.07,10653.86,53.964,756.0,31.03,38.3505,34.967,40.2849,39.1936,24.1436,24.4202,29.0453,32.423,False,Other/Random,34.97
625,39.805,20.87,321.95,12374.31,83.557,10590.0,116.14,20.9428,31.5177,47.7992,35.632,32.4637,33.9883,13.1838,20.87,True,Other/Random,20.94
626,203.593,27.699,124.09,13607.11,53.625,576.0,27.08,42.3213,42.4989,30.4129,46.1008,27.4713,30.1706,36.1846,27.699,False,Other/Random,30.41
627,138.139,47.595,224.67,136.34,69.639,1818.0,48.11,47.673,33.5214,60.5072,36.0552,15.1382,7.5461,32.2176,47.595,True,Other/Random,33.52
628,229.625,48.395,135.73,703.18,52.672,549.0,26.44,48.6726,36.8037,58.9413,33.9609,18.7823,7.2998,35.2191,48.395,True,Other/Random,33.96
629,181.783,23.606,160.79,1239.35,42.882,153.0,13.96,29.2682,27.7243,36.1481,49.4932,29.962,39.8865,17.5902,23.606,False,Other/Random,27.72
630,13.167,37.331,315.14,2765.77,47.077,117.0,12.21,48.6013,36.7085,39.5521,51.308,28.2546,28.3887,35.1189,37.331,False,Other/Random,36.71
631,146.081,46.333,224.89,2806.31,50.906,288.0,19.15,47.5444,31.767,56.9259,39.5391,14.3098,11.9706,30.7034,46.333,True,Other/Random,31.77
632,338.858,10.635,26.62,4615.6,76.918,4590.0,76.45,11.9593,35.9165,40.8726,42.1182,40.1516,45.1508,6.9477,10.635,True,cube,11.96
633,355.704,36.619,11.16,10072.09,44.182,99.0,11.23,37.2351,11.8458,52.3937,53.8248,38.588,33.6325,8.1214,36.619,True,goss,11.85
634,0.615,7.021,12.35,12058.18,55.957,414.0,22.96,14.7369,40.0445,32.7757,46.5423,32.156,49.8834,12.9606,7.021,True,cube,14.74
635,325.494,25.535,49.87,12214.2,63.799,1251.0,39.91,29.7349,34.2703,38.9317,36.4832,27.752,29.8847,22.7865,25.535,False,Other/Random,29.73
636,328.215,15.487,47.34,12842.42,82.404,4095.0,72.21,21.9164,37.5519,33.1896,39.939,32.3459,39.7686,18.3212,15.487,False,Other/Random,21.92
637,167.412,31.647,180.51,12844.5,39.0,36.0,6.77,33.8183,18.0611,45.3602,52.7673,32.8471,31.4428,12.1567,31.647,True,Other/Random,18.06
638,13.796,32.025,310.65,13651.0,45.2,135.0,13.11,47.5015,41.3596,33.354,51.4459,27.4165,30.7029,38.1836,32.025,False,Other/Random,33.35
639,147.755,36.523,223.05,15359.47,42.176,153.0,13.96,38.0354,28.8846,49.6299,37.5831,21.3665,20.2962,24.3914,36.523,False,Other/Random,28.88
640,345.579,42.256,43.66,15804.01,85.173,4536.0,76.0,51.0021,34.712,44.9733,49.9305,23.9797,25.8398,34.1151,42.256,False,Other/Random,34.71
641,149.137,47.051,215.65,16518.54,70.466,2745.0,59.12,47.2801,26.1454,60.1464,43.094,20.1271,13.3645,25.6786,47.051,True,Other/Random,26.15
642,37.273,52.979,323.45,734.04,79.442,2340.0,54.58,52.9836,31.1209,53.829,43.3221,19.6456,6.4803,31.0833,50.5544,True,Other/Random,31.12
643,208.253,53.385,124.34,862.27,58.394,639.0,28.52,59.5463,43.2047,48.7379,45.0193,9.9873,13.6086,43.1118,45.0056,True,Other/Random,43.2
644,45.054,48.592,323.0,1975.55,75.975,4266.0,73.7,49.215,33.0246,54.9697,38.7628,23.4623,6.1438,32.2296,48.592,True,Other/Random,33.02
645,331.543,53.619,45.49,3683.3,66.632,1197.0,39.04,56.0678,35.1309,54.9737,45.7958,10.164,13.4435,35.1261,44.9425,True,Other/Random,35.13
646,305.694,39.45,49.23,5560.63,56.314,630.0,28.32,39.7623,36.8474,55.554,28.0115,18.9996,16.7054,31.1348,39.45,False,Other/Random,28.01
647,318.64,35.726,61.98,6306.0,43.5,18.0,4.79,41.0808,40.5815,43.0266,33.6368,18.4363,19.1781,34.2933,35.726,False,Other/Random,33.64
648,128.803,47.594,229.78,6743.46,63.75,1728.0,46.91,47.6139,38.701,59.6693,30.6702,14.4069,8.6143,36.2996,47.594,True,Other/Random,30.67
649,40.626,43.155,310.91,8785.69,70.23,3798.0,69.54,43.9383,33.9023,55.9741,34.0956,13.8813,12.036,31.1291,43.155,True,Other/Random,33.9
650,45.238,54.178,324.13,9200.25,44.25,36.0,6.77,54.9215,35.5781,50.2208,42.1586,24.2697,0.5903,35.4999,54.178,True,Other/Random,35.58
651,188.161,42.691,135.1,9614.12,89.826,5274.0,81.95,55.7568,39.4644,43.4463,47.975,27.587,29.8375,39.2115,42.691,False,Other/Random,39.46
652,202.725,16.28,187.13,11577.6,84.638,4653.0,76.97,33.9165,40.7641,22.2005,53.9869,15.5533,40.0031,29.633,16.28,False,Other/Random,22.2
653,320.371,43.987,54.1,12003.53,65.679,2187.0,52.77,46.1938,37.1842,53.1077,34.7362,11.48,11.4883,34.5783,43.987,True,Other/Random,34.74
654,209.964,43.216,131.99,12597.0,43.5,18.0,4.79,46.6655,33.3834,50.589,40.8969,16.0524,16.1133,31.7749,43.216,False,Other/Random,33.38
655,196.988,50.015,134.43,12941.03,56.024,747.0,30.84,57.1461,36.5294,52.4756,43.2333,17.234,22.5841,36.5284,42.8801,False,Other/Random,36.53
656,336.189,40.172,50.96,15031.82,57.395,684.0,29.51,48.1695,37.1616,43.8094,45.189,21.3796,21.2101,35.328,40.172,False,Other/Random,37.16
657,159.438,2.106,158.18,15397.44,93.98,6174.0,88.66,42.4319,59.478,3.3598,61.0655,2.7452,52.8232,42.3745,2.106,True,rotated_cube,3.36
658,316.767,14.076,45.65,15652.84,62.971,1854.0,48.59,14.281,36.3194,44.7463,36.5563,35.0098,40.6679,10.1326,14.076,True,cube,14.28
659,40.354,19.063,299.78,15869.41,99.708,4806.0,78.23,27.4664,40.5778,31.4525,37.7545,30.9211,35.7586,24.5402,19.063,False,Other/Random,27.47
660,336.996,39.372,52.43,16731.98,86.492,5580.0,84.29,48.8012,38.7617,42.2264,46.0829,22.8236,22.0948,36.8038,39.372,False,Other/Random,38.76
661,3.809,16.432,324.3,16763.21,56.625,648.0,28.72,35.7775,42.9168,20.9923,52.2857,17.0587,43.3164,32.0623,16.432,False,Other/Random,20.99
662,179.487,21.738,169.13,1255.0,49.333,81.0,10.16,24.5062,25.8319,39.862,49.1697,34.5775,41.2336,11.3481,21.738,True,Other/Random,24.51
663,24.564,51.342,309.92,2020.13,63.375,576.0,27.08,56.9453,38.5427,53.5132,44.8888,12.3104,16.641,38.4823,44.7475,True,Other/Random,38.54
664,154.984,14.095,176.54,3099.58,62.339,981.0,35.34,31.7087,41.5894,21.6871,52.3334,16.6486,41.6829,28.3835,14.095,True,Other/Random,21.69
665,188.024,11.486,151.19,3462.22,63.181,747.0,30.84,23.7178,39.7309,26.7633,47.2297,25.2695,45.9188,21.0024,11.486,True,Other/Random,23.72
666,33.168,40.429,314.99,3585.98,75.259,2187.0,52.77,42.0579,30.4152,51.8431,37.9278,18.004,16.7171,27.5851,40.429,False,Other/Random,30.42
667,10.732,13.786,351.86,4392.55,60.091,594.0,27.5,14.0264,31.5766,44.4941,44.8148,42.2125,43.8206,3.4217,13.786,True,cube,14.03
668,351.318,16.099,8.16,4561.67,64.821,1557.0,44.52,16.1074,29.1694,47.1625,45.3772,42.7507,42.5117,2.4062,16.099,True,Other/Random,16.11
669,197.753,43.322,135.37,5009.5,48.5,54.0,8.29,50.6389,34.1334,46.7912,49.4612,21.522,23.3551,33.5287,43.322,False,Other/Random,34.13
670,183.539,38.688,172.9,5716.46,65.304,1242.0,39.77,38.8453,8.0777,56.1039,55.9739,40.6072,33.5778,4.8665,38.688,True,goss,8.08
671,13.299,29.603,348.5,5834.44,76.747,3060.0,62.42,29.6564,17.3223,51.967,47.8422,39.4513,32.312,6.5258,29.603,True,Other/Random,17.32
672,149.836,37.804,192.58,7600.03,66.342,2367.0,54.9,41.5575,23.3939,46.4027,49.2744,25.9217,19.9538,21.5176,37.804,False,Other/Random,23.39
673,27.712,31.568,311.01,7792.26,82.271,4779.0,78.01,37.9177,34.3551,39.3055,40.4477,25.6415,25.8357,28.3693,31.568,False,Other/Random,34.36
674,28.442,27.125,313.77,8184.81,67.065,1674.0,46.17,32.3456,33.06,38.2404,39.3066,28.4345,29.4622,23.8841,27.125,False,Other/Random,32.35
675,131.501,38.593,231.65,9324.19,97.493,6003.0,87.43,38.7165,35.3446,56.3334,28.7797,16.0039,16.3371,29.517,38.593,False,Other/Random,28.78
676,338.154,18.251,341.54,12162.72,78.908,3123.0,63.06,44.0885,47.0159,18.84,58.6365,7.9527,38.4253,39.7781,18.251,True,Other/Random,18.84
677,157.291,36.785,227.74,13627.58,58.385,702.0,29.9,44.2487,34.7041,41.6903,44.5131,23.9578,23.8249,31.8764,36.785,False,Other/Random,34.7
678,213.389,49.72,127.73,14932.98,71.129,1953.0,49.87,52.9705,38.2155,52.9507,41.1257,9.2767,10.4466,37.5951,49.72,True,Other/Random,38.22
679,310.828,46.381,49.69,313.83,70.169,1386.0,42.01,46.3837,37.3931,59.9292,30.9724,13.8574,8.9511,34.8144,46.381,True,Other/Random,30.97
680,148.652,26.583,218.26,1221.46,93.294,8352.0,103.12,27.4513,28.2628,46.1632,37.2198,29.0934,29.3816,16.5287,26.583,False,Other/Random,27.45
681,198.666,18.933,149.72,1267.76,57.31,261.0,18.23,22.1836,30.8811,38.2474,42.282,35.8519,38.4137,13.8812,18.933,True,Other/Random,22.18
682,348.104,19.61,5.01,2433.92,75.827,1404.0,42.28,20.7727,26.5882,42.6956,46.6363,37.8565,39.3387,7.3682,19.61,True,Other/Random,20.77
683,287.405,13.123,50.34,2521.29,63.912,918.0,34.19,25.7939,45.719,26.216,40.2344,24.0877,43.4009,24.9979,13.123,True,Other/Random,25.79
684,173.638,39.924,206.83,2913.23,54.462,117.0,12.21,44.6737,23.0938,46.5953,53.7811,30.7908,31.5624,22.3001,39.924,False,Other/Random,23.09
685,144.965,24.89,201.82,3440.6,53.3,270.0,18.54,28.1317,28.7443,40.1719,41.4019,31.1291,30.4372,17.5033,24.89,False,Other/Random,28.13
686,329.219,29.443,58.17,6288.63,83.913,3402.0,65.81,40.0051,40.7151,34.2078,41.1278,27.939,26.8944,33.7213,29.443,False,Other/Random,34.21
687,37.576,34.461,300.12,6494.15,86.491,5148.0,80.96,40.8645,39.7189,41.0732,36.0387,20.798,20.9056,33.6314,34.461,False,Other/Random,36.04
688,163.861,29.353,216.61,6800.26,88.967,4338.0,74.32,35.6572,29.7998,38.079,45.3865,31.3381,31.3777,23.7136,29.353,False,Other/Random,29.8
689,18.309,43.42,343.42,7685.25,62.177,1116.0,37.7,43.4527,13.2756,58.7998,51.5033,34.0932,22.9626,12.8352,43.42,True,goss,13.28
690,157.665,31.767,230.73,7910.06,120.139,13370.0,130.45,42.3624,37.9643,35.7458,45.0208,28.4696,27.4365,33.3198,31.767,False,Other/Random,35.75
691,60.013,29.083,286.47,8479.33,62.478,1449.0,42.95,32.0092,44.3713,42.6089,24.9632,19.4257,27.3909,29.8219,29.083,False,Other/Random,24.96
692,47.469,57.892,315.75,9083.58,61.694,765.0,31.21,57.9737,40.8492,53.679,39.5389,17.5234,3.7657,40.7536,51.3766,True,Other/Random,39.54
693,14.544,45.165,324.37,10099.72,78.344,3843.0,69.95,49.6103,27.3101,50.8109,48.9928,22.8738,25.0161,27.1399,45.165,False,Other/Random,27.31
694,220.368,40.698,132.65,11672.19,55.364,198.0,15.88,41.2675,32.2876,55.1359,33.7978,16.3565,14.4426,28.6727,40.698,True,Other/Random,32.29
695,161.969,7.779,219.73,12503.42,74.395,2277.0,53.84,23.0355,43.7481,24.5482,46.7832,24.049,47.8917,21.9794,7.779,True,Other/Random,23.04
696,165.304,34.954,226.86,13590.67,63.533,405.0,22.71,47.1577,38.0112,37.1672,50.2036,29.4739,28.7089,35.5966,34.954,False,Other/Random,37.17
697,304.075,58.218,36.29,14239.37,54.545,198.0,15.88,61.1641,44.8323,46.7514,43.2775,30.9434,9.7438,44.7805,45.2425,True,Other/Random,43.28
698,328.881,32.182,64.8,14990.35,77.038,3789.0,69.46,46.2595,45.9593,34.0648,43.6301,28.5529,24.3809,40.5101,32.182,False,Other/Random,34.06
699,39.94,3.704,302.12,15515.28,55.552,261.0,18.23,18.3153,46.0798,27.3076,45.7294,27.2811,51.0468,18.1501,3.704,True,Other/Random,18.32
700,328.596,20.142,50.67,17100.95,57.632,171.0,14.76,27.8036,37.37,32.5743,39.643,31.258,35.3809,23.1692,20.142,False,Other/Random,27.8
701,22.37,43.687,313.34,17129.0,85.384,4761.0,77.86,49.6952,34.2448,48.1293,46.4295,18.9967,20.2743,33.4012,43.687,False,Other/Random,34.24
702,195.661,37.259,125.31,490.83,65.306,972.0,35.18,53.4511,44.6313,37.7176,52.8271,29.9052,27.0719,42.9567,37.259,False,Other/Random,37.72
703,326.614,12.936,19.61,2458.26,68.242,855.0,32.99,18.8762,36.4069,33.7359,42.9408,31.034,42.1203,14.8619,12.936,True,Other/Random,18.88
704,175.829,19.562,161.92,2825.94,71.084,855.0,32.99,29.5457,33.3798,29.9189,51.3644,24.426,41.3328,22.053,19.562,False,Other/Random,29.55
705,106.281,33.346,262.98,2919.45,71.023,774.0,31.39,34.5729,50.536,48.5051,16.4754,13.4037,28.847,33.8891,33.346,True,Other/Random,16.48
706,349.253,18.546,344.14,3020.95,94.152,7335.0,96.64,32.3369,36.7763,26.0632,54.2314,19.7923,40.3569,26.2664,18.546,False,Other/Random,26.06
707,2.228,7.974,30.52,3749.28,74.354,2592.0,57.45,33.679,48.9714,14.6101,54.0606,13.1219,49.0869,32.7278,7.974,True,rotated_cube,14.61
708,8.521,28.601,355.94,4363.17,81.297,2088.0,51.56,28.9396,17.3726,49.2633,50.3721,40.0841,34.7967,5.3212,28.601,True,Other/Random,17.37
709,239.206,42.216,105.18,4977.57,66.724,1044.0,36.46,44.887,49.6154,51.0503,22.5073,9.0676,16.3735,41.5776,42.216,True,Other/Random,22.51
710,352.878,27.389,47.18,5022.6,102.274,8568.0,104.45,48.2066,44.9813,27.8229,55.578,21.3485,35.991,40.9572,27.389,False,Other/Random,27.82
711,9.529,24.583,320.94,7389.0,52.5,18.0,4.79,38.2482,37.4234,28.9815,49.9724,23.4713,36.712,30.6122,24.583,False,Other/Random,28.98
712,20.054,39.726,334.88,7652.57,76.178,1926.0,49.52,40.0348,17.6819,55.7491,46.7269,29.2581,23.4802,15.7441,39.726,False,Other/Random,17.68
713,62.016,52.561,314.62,9241.89,67.271,1062.0,36.77,54.9518,46.1521,56.1091,34.0321,25.4622,13.8563,44.627,45.4794,True,Other/Random,34.03
714,69.693,48.037,306.54,9264.18,62.743,315.0,20.03,50.5512,48.4576,55.5504,26.976,22.3602,20.3382,44.7277,45.7843,False,Other/Random,26.98
715,33.406,50.806,325.99,10761.86,66.19,567.0,26.87,50.8094,27.614,55.1583,44.4682,21.0212,10.0231,27.5507,49.6864,True,Other/Random,27.61
716,163.0,41.379,203.79,13034.77,82.457,3114.0,62.97,41.9083,16.6138,55.7472,49.0176,29.5553,24.5259,15.5187,41.379,False,Other/Random,16.61
717,52.564,5.806,351.56,15339.83,88.46,3717.0,68.79,44.4854,58.6557,5.8717,59.4309,1.1909,48.9842,44.1732,5.806,True,rotated_cube,5.87
718,200.668,22.807,143.07,16671.22,105.134,7038.0,94.66,27.9483,31.3364,36.5384,42.1894,33.4856,34.8557,19.3675,22.807,False,Other/Random,27.95
719,126.44,55.756,210.64,17212.93,67.205,1053.0,36.62,59.9319,42.1386,44.6769,46.0474,26.685,7.1042,42.118,48.316,True,Other/Random,42.14
720,22.754,43.365,314.64,3538.22,94.376,4473.0,75.47,48.6504,32.9287,48.557,45.8431,19.0691,20.1752,32.0011,43.365,False,Other/Random,32.93
721,34.147,46.121,310.58,3624.05,92.154,3096.0,62.78,48.4527,34.7813,54.4279,39.0846,12.3835,11.9879,33.5027,46.121,True,Other/Random,34.78
722,119.046,15.518,250.92,4179.33,89.593,2322.0,54.37,18.4261,42.1766,38.2182,32.872,31.3586,39.974,17.2939,15.518,False,Other/Random,18.43
723,12.596,40.061,353.67,4274.61,80.844,2772.0,59.41,40.5282,10.2653,55.1645,54.6923,37.4464,27.6801,8.7414,40.061,True,goss,10.27
724,215.196,49.491,137.81,4458.11,91.426,2007.0,50.55,49.9519,31.4769,59.8825,40.6876,14.7636,9.3383,31.0286,49.491,True,Other/Random,31.48
725,51.463,47.5,320.54,5226.09,76.421,2052.0,51.11,48.9078,36.7172,56.0371,36.073,24.6408,8.8066,35.2278,47.5,True,Other/Random,36.07
726,209.126,47.424,165.22,7093.5,87.564,2970.0,61.49,49.4262,21.7765,49.3397,52.5199,28.0143,14.3175,21.7736,47.424,True,Other/Random,21.78
727,220.204,41.927,125.95,7272.8,88.092,2943.0,61.21,44.0562,36.5402,51.8125,33.8149,12.9798,13.2933,33.158,41.927,True,Other/Random,33.81
728,153.39,22.401,219.6,8246.38,63.103,261.0,18.23,25.8532,31.3825,38.901,39.5376,32.2699,33.9989,17.6617,22.401,False,Other/Random,25.85
729,201.237,34.862,121.17,9408.89,103.467,8649.0,104.94,50.8371,45.4951,35.6163,49.4893,29.9125,25.7264,42.5455,34.862,False,Other/Random,35.62
730,168.582,44.706,203.87,9786.14,93.66,3681.0,68.46,46.322,17.688,54.8034,52.7962,28.9103,27.2708,17.5786,44.706,False,Other/Random,17.69
731,26.226,7.529,320.91,10680.78,60.774,279.0,18.85,14.8973,40.815,32.9835,43.242,32.6862,47.6495,13.4683,7.529,True,cube,14.9
732,145.214,55.252,227.94,10705.55,71.391,576.0,27.08,56.6761,37.7075,52.5163,42.9969,7.642,8.3784,37.6636,47.5594,True,Other/Random,37.71
733,192.366,10.242,193.26,11449.99,83.092,2259.0,53.63,27.5651,42.6807,21.8917,52.3257,19.7116,46.3375,25.5221,10.242,True,Other/Random,21.89
734,332.969,45.09,48.62,12075.35,61.846,234.0,17.26,49.7477,34.8645,50.5225,43.7014,15.7685,16.7328,33.9435,45.09,False,Other/Random,34.86
735,198.997,32.604,133.41,12652.53,71.565,1242.0,39.77,42.4695,35.8531,36.8482,46.3428,28.7035,28.1416,31.8974,32.604,False,Other/Random,35.85
736,2.724,23.196,335.78,13665.1,108.363,8028.0,101.1,31.5244,30.8591,32.9075,49.7948,26.8116,39.7685,21.7411,23.196,False,Other/Random,30.86
737,28.806,20.03,307.64,14036.4,126.436,10780.0,117.17,30.8272,39.4943,29.2648,41.8834,27.7773,35.807,26.6702,20.03,False,Other/Random,29.26
738,186.589,41.856,168.54,14518.85,74.205,747.0,30.84,42.1258,8.6504,57.3535,55.8423,37.4218,31.0266,7.8744,41.856,True,goss,8.65
739,344.124,40.992,55.71,15504.06,98.92,4050.0,71.81,56.5534,45.4647,41.3023,50.9892,27.4991,25.3574,44.5625,40.992,False,Other/Random,41.3
740,192.273,47.722,143.9,2739.48,82.902,2385.0,55.11,53.0266,29.0996,51.9558,45.6845,22.1633,26.2831,29.0991,43.6989,False,Other/Random,29.1
741,32.438,41.146,313.59,5627.17,94.372,3051.0,62.33,43.356,31.5168,51.1253,38.5529,17.1904,16.4347,29.0179,41.146,False,Other/Random,31.52
742,208.401,44.303,127.62,7351.18,75.025,1098.0,37.39,50.0872,37.5028,48.8093,42.967,15.9457,16.3208,36.2379,44.303,False,Other/Random,37.5
743,45.476,57.03,322.66,7382.03,72.867,747.0,30.84,57.5592,37.5533,49.3186,42.9449,23.0102,2.328,37.5493,53.2633,True,Other/Random,37.55
744,17.779,26.319,316.25,8035.63,83.456,2979.0,61.59,36.8136,35.8445,32.3789,45.8026,28.1628,32.9213,28.7022,26.319,False,Other/Random,32.38
745,356.532,30.342,356.98,8425.74,71.618,918.0,34.19,31.012,15.8907,48.6696,54.0914,38.9502,36.1932,6.2628,30.342,True,Other/Random,15.89
746,51.258,27.561,315.95,8718.94,82.578,2070.0,51.34,28.4703,33.76,46.4758,31.3184,27.6892,27.4557,21.4784,27.561,False,Other/Random,28.47
747,212.598,29.713,165.51,11283.35,81.98,1818.0,48.11,34.6896,27.2684,39.8711,45.836,25.9827,26.2727,21.1326,29.713,False,Other/Random,27.27
748,148.22,44.321,221.78,11711.31,86.959,5328.0,82.36,45.3796,29.071,55.9221,40.2962,17.2688,14.4404,27.754,44.321,True,Other/Random,29.07
749,342.311,12.832,32.21,11881.19,77.892,1251.0,39.91,19.3555,36.5712,33.011,43.5122,31.7897,43.6097,15.4182,12.832,True,Other/Random,19.36
750,143.032,17.374,217.98,12468.0,82.473,1503.0,43.75,17.4032,32.8801,47.136,36.9686,34.412,37.5869,10.5924,17.374,True,Other/Random,17.4
751,12.401,23.557,316.36,12564.04,77.592,2781.0,59.51,38.9481,39.9014,27.2327,49.6143,22.6545,36.4718,32.5779,23.557,False,Other/Random,27.23
752,346.144,28.722,53.0,15453.79,105.227,4752.0,77.78,48.2155,45.4073,29.3006,52.8323,24.4003,32.6335,41.2335,28.722,False,Other/Random,29.3
753,327.587,54.896,50.82,16160.34,74.678,1089.0,37.24,57.6717,39.4926,50.6422,44.2164,6.0084,10.2818,39.4414,46.3182,True,Other/Random,39.49
754,198.591,21.48,146.71,854.0,65.5,54.0,8.29,25.9791,30.6823,36.9961,42.6811,33.9789,36.3867,17.2309,21.48,False,Other/Random,25.98
755,197.123,31.959,141.55,1728.21,96.448,4338.0,74.32,38.2667,29.947,39.5871,45.5729,29.3314,29.3235,25.3419,31.959,False,Other/Random,29.95
756,162.523,36.424,175.61,1927.1,98.318,3960.0,71.01,42.2921,22.6719,42.9377,57.8393,24.1209,26.5564,21.1654,36.424,False,Other/Random,22.67
757,43.421,13.413,299.56,2553.32,76.404,1269.0,40.2,21.6386,41.5392,30.9718,39.0004,30.7523,41.3289,19.9653,13.413,True,Other/Random,21.64
758,198.256,46.365,145.89,2721.09,70.941,306.0,19.74,48.8587,24.9683,54.3336,49.6381,21.7669,22.1603,24.8361,46.365,False,Other/Random,24.97
759,338.331,25.903,355.87,3357.08,90.843,1665.0,46.04,36.4025,31.5148,32.1455,54.0698,19.6941,32.1275,25.445,25.903,False,Other/Random,31.51
760,326.407,41.56,46.39,3438.97,79.103,783.0,31.57,43.4022,31.5157,52.136,37.9519,16.688,15.6396,29.0364,41.56,False,Other/Random,31.52
761,44.101,48.025,312.6,3659.9,82.347,1062.0,36.77,48.1315,35.5591,58.8789,34.4601,13.363,6.7471,34.0363,48.025,True,Other/Random,34.46
762,333.595,22.231,29.68,4423.19,81.493,2025.0,50.78,22.4679,27.5237,47.0436,39.6063,34.2239,34.1856,10.888,22.231,True,Other/Random,22.47
763,185.332,21.322,204.24,5577.07,71.581,387.0,22.2,36.3176,37.2242,26.2658,54.3802,18.9103,39.9718,29.2674,21.322,False,Other/Random,26.27
764,310.114,11.639,34.32,5970.23,65.769,117.0,12.21,19.4147,40.0845,31.6043,41.0018,29.5489,43.1468,17.3586,11.639,True,Other/Random,19.41
765,140.592,49.868,237.51,7314.13,71.0,648.0,28.72,52.8537,41.7617,50.2444,37.0846,6.5202,6.5751,40.5208,49.868,True,Other/Random,37.08
766,151.054,45.56,225.73,7551.79,81.572,1746.0,47.15,48.3983,32.3141,53.1911,42.3239,15.1996,15.3191,31.4069,45.56,False,Other/Random,32.31
767,29.781,43.409,350.29,8862.92,81.6,1935.0,49.64,47.6203,23.8332,49.7563,53.4795,23.2282,16.0863,23.6013,43.409,False,Other/Random,23.83
768,43.585,50.34,320.37,9208.94,68.419,279.0,18.85,50.485,33.5861,55.8604,38.6232,19.9244,4.5366,33.0143,50.34,True,Other/Random,33.59
769,196.858,21.616,161.72,9702.9,114.46,9855.0,112.02,21.6622,25.2435,48.4097,43.4156,38.3652,36.681,6.6386,21.616,True,Other/Random,21.66
770,60.826,50.878,315.34,9831.16,75.475,1251.0,39.91,53.2211,44.5032,56.5128,33.7854,25.2315,13.1637,42.7792,47.3601,True,Other/Random,33.79
771,132.868,45.227,233.96,10161.18,113.854,6678.0,92.21,45.7128,38.2369,57.4499,30.4269,10.2386,9.6468,35.1486,45.227,True,Other/Random,30.43
772,225.862,54.403,127.65,11500.97,77.407,1593.0,45.04,54.7592,41.5736,51.5684,35.4151,8.1503,0.7771,40.8761,54.299,True,Other/Random,35.42
773,0.693,32.895,343.89,11536.68,75.176,612.0,27.91,36.238,19.7022,43.9654,53.2655,33.091,36.6678,15.5326,32.895,False,Other/Random,19.7
774,301.623,50.074,48.79,13889.5,74.8,810.0,32.11,50.9253,43.0422,59.8692,30.6395,19.4521,11.5633,40.8372,49.2314,True,Other/Random,30.64
775,118.413,52.734,224.97,14265.23,92.609,3726.0,68.88,55.1108,45.9427,55.7382,34.3887,25.592,13.5048,44.5184,45.5756,True,Other/Random,34.39
776,191.402,21.898,149.22,14323.13,84.712,2160.0,52.44,29.1623,31.7171,33.5853,46.0662,29.4352,37.8763,20.6014,21.898,False,Other/Random,29.16
777,330.597,43.104,57.45,15681.22,88.162,2394.0,55.21,51.0587,41.2938,46.1699,43.0329,17.7535,16.4799,39.5675,43.104,False,Other/Random,41.29
778,160.707,43.203,217.25,688.39,102.264,4401.0,74.86,46.6209,26.9134,50.6233,47.5325,21.9765,22.4088,26.2234,43.203,False,Other/Random,26.91
779,225.217,31.379,123.66,1807.32,90.458,4131.0,72.52,33.2453,36.1294,45.8617,30.2134,20.0851,23.3571,26.5161,31.379,False,Other/Random,30.21
780,227.119,12.367,122.0,3483.88,73.059,306.0,19.74,16.4584,40.0893,36.2284,37.4412,35.6464,42.3788,14.6244,12.367,True,Other/Random,16.46
781,212.866,49.499,147.18,5544.09,105.047,4599.0,76.52,49.499,26.3788,55.5965,44.389,22.2373,10.901,26.2471,49.499,True,Other/Random,26.38
782,109.135,49.673,232.66,7399.2,70.2,135.0,13.11,52.7046,46.2175,56.0328,28.3832,24.0915,20.974,46.7714,43.9255,False,Other/Random,28.38
783,11.277,38.069,313.74,8644.29,66.429,63.0,8.96,51.2584,39.0884,39.3175,52.9506,29.1784,29.1587,37.883,38.069,False,Other/Random,39.09
784,335.262,31.551,42.96,8899.25,93.89,2124.0,52.0,36.3189,30.7247,41.1613,41.2797,26.6214,26.7724,24.8113,31.551,False,Other/Random,30.72
785,50.993,46.435,308.55,9027.28,78.0,1269.0,40.2,46.4371,38.6906,59.3275,29.6729,13.0384,9.4982,35.7989,46.435,True,Other/Random,29.67
786,156.971,18.31,228.58,9495.86,102.029,4689.0,77.27,31.3453,40.261,26.6512,44.6178,24.8065,38.1868,27.4579,18.31,False,Other/Random,26.65
787,193.299,38.512,186.98,12101.3,80.571,882.0,33.51,43.3449,20.1472,45.5088,60.1142,26.5603,27.8315,19.2487,38.512,False,Other/Random,20.15
788,320.573,1.413,9.15,12615.47,68.192,234.0,17.26,30.3092,52.7123,14.7903,53.3183,14.7219,53.3294,30.2805,1.413,True,rotated_cube,14.79
789,304.781,11.684,71.6,12716.96,91.393,4302.0,74.01,20.0978,44.0129,30.866,38.3436,30.8542,43.2713,19.3937,11.684,True,Other/Random,20.1
790,318.146,37.273,50.47,12767.02,76.071,630.0,28.32,38.2214,33.463,51.6308,32.0375,17.2353,17.6043,27.9196,37.273,False,Other/Random,32.04
791,172.653,42.84,204.3,12980.58,87.447,2781.0,59.51,45.9253,19.7853,50.8406,52.9491,30.1961,30.3568,19.523,42.84,False,Other/Random,19.79
792,205.524,14.738,174.68,13205.56,80.779,855.0,32.99,24.963,36.624,28.7862,47.5611,24.6567,41.0457,20.4209,14.738,True,Other/Random,24.96
793,111.008,8.105,219.56,13537.81,114.138,8208.0,102.23,30.5038,49.7766,17.5399,48.0705,16.111,47.4095,30.1172,8.105,True,Other/Random,17.54
794,193.166,18.371,179.72,14560.17,92.05,2529.0,56.75,22.408,29.5476,36.8769,48.0343,32.0998,39.9547,12.9006,18.371,True,Other/Random,22.41
795,25.085,32.052,316.31,14632.67,130.729,11210.0,119.49,36.9376,31.0638,41.3001,41.2307,26.13,26.2677,25.4314,32.052,False,Other/Random,31.06
796,12.149,29.748,319.68,16575.04,91.188,3114.0,62.97,40.7501,34.8194,34.0846,49.1275,27.6822,32.6893,30.2771,29.748,False,Other/Random,34.08
797,176.753,13.734,219.15,17014.79,84.23,2466.0,56.03,38.3592,47.5154,16.4615,54.4684,13.1052,45.1334,36.0028,13.734,True,Other/Random,16.46
798,120.178,39.917,206.09,17176.39,71.595,333.0,20.59,51.8127,44.1661,41.4144,46.1329,17.3487,18.3216,42.0079,39.917,False,Other/Random,41.41
799,357.324,7.982,20.2,17190.79,71.526,171.0,14.76,19.2433,40.8962,28.5905,47.2565,27.7816,49.036,17.5537,7.982,True,Other/Random,19.24
800,62.77,51.817,315.39,641.65,80.162,612.0,27.91,54.6988,46.2581,55.9941,34.3723,26.6675,14.515,44.6217,45.6589,True,Other/Random,34.37
801,232.501,52.5,120.99,1661.12,82.315,801.0,31.94,52.8735,45.408,50.3692,29.4392,5.5542,6.4371,43.3256,50.9928,True,Other/Random,29.44
802,24.825,26.855,309.94,2630.18,69.273,99.0,11.23,36.6914,37.304,33.2363,42.8333,30.2913,30.5379,29.5588,26.855,False,Other/Random,33.24
803,332.343,9.915,23.54,2778.0,93.223,1692.0,46.41,10.7338,36.5167,42.0181,41.8278,40.7271,45.3378,5.929,9.915,True,cube,10.73
804,6.063,19.304,325.98,2812.12,90.629,945.0,34.69,33.8645,38.4941,25.6973,50.1327,21.3116,40.9884,28.3604,19.304,False,Other/Random,25.7
805,173.546,39.935,207.06,2904.86,72.857,63.0,8.96,44.7442,23.2584,46.5351,53.7442,30.6916,31.5024,22.4675,39.935,False,Other/Random,23.26
806,166.53,41.978,214.09,4777.39,104.742,4815.0,78.3,46.5629,26.1436,48.2662,50.6427,25.4179,26.5315,25.5199,41.978,False,Other/Random,26.14
807,298.527,51.016,46.39,5176.47,88.0,1782.0,47.63,53.0554,45.0726,57.5825,32.5939,23.9523,13.629,43.1467,46.9255,True,Other/Random,32.59
808,26.265,41.205,310.48,5764.84,86.819,2826.0,59.98,47.0646,35.1533,46.3691,43.208,19.0861,19.3096,33.3424,41.205,False,Other/Random,35.15
809,49.733,51.513,309.93,6946.2,83.364,1062.0,36.77,51.514,40.1653,56.2352,32.8088,12.769,4.9706,38.8305,51.513,True,Other/Random,32.81
810,159.36,41.023,224.59,7206.31,102.973,6579.0,91.52,47.2409,32.7559,45.9005,46.5119,21.7079,22.5141,31.4457,41.023,False,Other/Random,32.76
811,100.924,26.244,237.28,9093.3,72.6,90.0,10.7,33.992,47.3539,34.8956,30.7624,29.4812,35.225,32.5035,26.244,False,Other/Random,30.76
812,141.339,44.609,225.97,10011.03,119.944,10650.0,116.43,45.1736,32.3506,57.7717,36.0973,14.7845,11.2116,30.4037,44.609,True,Other/Random,32.35
813,124.109,6.157,254.33,10647.37,121.711,10370.0,114.9,19.4314,46.3584,27.2528,43.3569,27.2515,48.699,19.2546,6.157,True,Other/Random,19.43
814,327.908,38.486,53.48,12024.41,87.193,1260.0,40.05,43.8321,36.5093,44.9168,38.9514,18.8321,18.6998,33.0307,38.486,False,Other/Random,36.51
815,30.452,19.49,352.34,14216.65,104.673,2313.0,54.27,29.9049,34.96,29.4666,47.9436,21.9153,36.1037,23.3579,19.49,False,Other/Random,29.47
816,318.59,44.484,59.88,14776.34,72.267,405.0,22.71,47.9857,41.2495,51.4473,34.0966,10.4759,10.607,38.3216,44.484,True,Other/Random,34.1
817,26.506,47.247,318.86,15714.0,67.5,36.0,6.77,49.3371,29.5378,55.6892,44.6863,16.4466,16.1558,29.1601,47.247,False,Other/Random,29.54
818,338.187,38.123,48.16,15735.17,110.777,4833.0,78.44,46.0612,35.4099,42.2888,45.5883,23.4913,23.4304,33.1679,38.123,False,Other/Random,35.41
819,331.621,46.191,59.99,15772.33,100.824,918.0,34.19,55.4786,44.5582,47.9901,45.4627,17.3497,15.3598,43.5341,46.191,False,Other/Random,44.56
820,347.054,14.677,8.3,1629.95,96.485,2448.0,55.83,15.391,31.0123,42.8354,44.7929,40.1323,42.79,5.3407,14.677,True,Other/Random,15.39
821,159.136,15.829,178.33,2622.02,100.909,3168.0,63.51,27.479,36.6095,27.4236,50.0216,22.5337,40.6502,22.4751,15.829,False,Other/Random,27.42
822,1.675,15.803,340.73,4539.27,97.984,1647.0,45.79,23.6083,34.0906,31.5592,47.8989,28.5139,44.169,17.664,15.803,False,Other/Random,23.61
823,37.104,25.441,296.7,5592.56,94.447,1026.0,36.14,36.361,42.599,31.5436,39.0488,29.6695,29.6817,32.3251,25.441,False,Other/Random,31.54
824,329.8,5.088,14.51,5973.43,89.571,1134.0,38.0,16.4894,43.1178,29.7388,45.9159,29.2805,49.828,15.7949,5.088,True,Other/Random,16.49
825,325.614,24.329,63.37,6020.36,101.483,3501.0,66.77,37.673,43.9237,29.061,41.4965,27.9743,31.0519,33.9093,24.329,False,Other/Random,29.06
826,229.363,52.479,142.34,6094.78,94.258,2061.0,51.23,53.6776,37.452,51.816,39.6107,24.921,4.1738,37.0649,52.479,True,Other/Random,37.45
827,177.21,13.161,163.52,6346.4,98.647,3132.0,63.15,23.3004,36.9764,28.85,48.969,26.383,45.5823,19.2069,13.161,True,Other/Random,23.3
828,312.195,5.767,80.69,8255.43,117.126,7947.0,100.59,33.3731,53.4082,13.413,51.0722,13.4089,48.9761,33.2734,5.767,True,rotated_cube,13.41
829,0.196,14.902,4.67,8500.0,92.531,1440.0,42.82,15.6721,30.4768,42.7041,46.9627,40.3052,45.0156,4.8597,14.902,True,Other/Random,15.67
830,329.343,20.533,53.63,8630.3,91.336,1071.0,36.93,30.7195,39.4065,30.0263,41.009,28.664,35.1021,26.5422,20.533,False,Other/Random,30.03
831,142.161,25.329,181.19,8672.9,95.845,2610.0,57.65,44.3014,41.6168,26.6488,55.8113,8.2522,29.723,36.7664,25.329,True,Other/Random,26.65
832,327.424,41.315,53.14,12071.25,79.625,648.0,28.72,45.9487,36.5508,47.727,39.0745,16.3129,16.2461,33.9984,41.315,False,Other/Random,36.55
833,17.808,43.881,316.2,12896.35,130.753,8442.0,103.68,50.6721,33.3971,47.6338,49.45,21.0861,23.1385,32.8862,43.881,False,Other/Random,33.4
834,194.209,18.93,170.99,13986.13,88.714,1134.0,38.0,19.6247,27.1774,43.908,45.2542,39.4113,39.3155,6.3799,18.93,True,Other/Random,19.62
835,330.663,23.094,20.22,15042.02,118.422,5850.0,86.3,24.8057,27.2455,42.4656,41.7299,35.1454,32.9175,13.1453,23.094,True,Other/Random,24.81
836,337.422,28.576,5.41,15143.29,128.215,15300.0,139.57,33.2443,24.6705,39.6865,49.5088,27.2895,29.7679,18.0042,28.576,False,Other/Random,24.67
837,330.925,33.925,62.03,15540.24,83.019,468.0,24.41,46.9558,44.4893,35.9405,44.0261,27.0998,23.4696,40.0007,33.925,False,Other/Random,35.94
838,24.086,39.626,318.11,16801.04,104.242,3987.0,71.25,43.2949,29.2862,47.7495,43.3349,21.552,21.3897,27.1901,39.626,False,Other/Random,29.29
839,44.103,47.432,316.63,254.75,98.017,3186.0,63.69,47.4373,33.7068,60.2865,35.5548,17.1903,7.3367,32.2963,47.432,True,Other/Random,33.71
840,330.711,11.894,47.38,430.4,85.933,810.0,32.11,21.6234,40.3709,29.376,42.4797,28.7748,43.3688,19.4666,11.894,True,Other/Random,21.62
841,265.861,11.749,97.92,484.27,102.826,3204.0,63.87,12.3404,45.3692,42.7906,33.5369,33.5355,46.291,12.2782,11.749,True,cube,12.34
842,305.633,25.666,44.02,2352.07,83.133,405.0,22.71,27.6407,35.3932,42.8871,31.9135,29.6539,29.6209,21.873,25.666,False,Other/Random,27.64
843,220.414,45.967,118.25,3085.09,98.568,1062.0,36.77,50.4327,43.221,51.1591,35.6116,10.4783,9.4488,40.7713,45.967,True,Other/Random,35.61
844,43.435,16.228,311.62,3161.99,102.397,5445.0,83.26,16.9599,35.8863,43.092,35.4335,33.0999,38.5154,12.6307,16.228,True,Other/Random,16.96
845,34.399,15.813,342.8,3311.7,78.8,270.0,18.54,23.3232,35.5725,31.9063,43.8358,27.547,39.2676,18.3845,15.813,False,Other/Random,23.32
846,321.57,49.833,54.35,5257.0,73.0,27.0,5.86,52.1591,39.5537,52.0344,37.6359,7.1193,7.1407,38.5234,49.833,True,Other/Random,37.64
847,227.881,12.502,102.32,7705.08,84.538,351.0,21.14,32.2605,49.9294,19.6584,44.795,19.631,42.2526,31.724,12.502,True,Other/Random,19.66
848,226.206,54.781,145.58,8082.9,78.3,270.0,18.54,55.9385,36.3107,48.6129,43.1707,26.2846,0.986,36.2733,53.864,True,Other/Random,36.31
849,50.349,2.942,336.01,9112.81,94.737,1539.0,44.27,26.5198,49.7911,18.8697,50.3039,18.65,51.8069,26.4122,2.942,True,Other/Random,18.87
850,140.615,41.415,230.44,9285.58,86.89,981.0,35.34,42.8024,34.1172,53.0713,34.2312,14.5094,13.9505,30.7827,41.415,True,Other/Random,34.12
851,120.259,41.974,239.87,9352.08,89.094,477.0,24.64,41.9742,42.653,60.6915,22.3411,11.3056,16.7991,36.066,41.974,True,Other/Random,22.34
852,64.528,22.368,313.04,10763.68,112.884,5274.0,81.95,28.373,40.7332,35.2594,33.7052,29.637,34.2329,25.3495,22.368,False,Other/Random,28.37
853,148.151,50.014,226.07,11915.67,105.336,6750.0,92.71,51.8712,33.8746,56.6107,42.3285,11.5974,11.4208,33.5366,49.3948,True,Other/Random,33.87
854,336.02,4.744,39.96,12617.93,87.744,1089.0,37.24,16.6649,43.8839,29.397,45.4075,29.2617,50.3269,16.1651,4.744,True,Other/Random,16.66
855,339.186,41.517,46.52,12934.96,77.192,234.0,17.26,48.5304,34.4525,45.6011,46.8882,21.3434,22.1807,33.2535,41.517,False,Other/Random,34.45
856,99.551,25.742,268.48,13087.41,90.818,1287.0,40.48,26.9455,49.8995,44.7898,20.9698,20.2821,36.0076,26.8285,25.742,False,Other/Random,20.97
857,147.452,27.231,229.93,13169.54,89.289,1215.0,39.33,32.2171,34.3733,38.5981,37.4785,27.1072,28.5758,24.6732,27.231,False,Other/Random,32.22
858,19.697,48.607,324.94,16572.0,75.75,108.0,11.73,50.8362,26.0322,56.4574,48.1597,19.9187,20.6879,26.0155,45.0656,False,Other/Random,26.03
859,201.323,9.601,165.04,298.1,89.419,837.0,32.65,11.514,36.5168,39.7678,43.3818,38.5036,46.054,7.01,9.601,True,cube,11.51
860,192.083,48.265,132.22,618.23,87.968,837.0,32.65,59.389,40.515,49.1007,43.1762,21.8166,26.387,40.5104,43.1388,False,Other/Random,40.51
861,333.287,27.165,14.74,2401.45,101.774,3231.0,64.14,29.6411,24.5175,42.5217,44.6784,32.0894,29.8174,15.0654,27.165,False,Other/Random,24.52
862,199.868,42.478,132.82,2500.97,107.296,4104.0,72.29,50.1569,35.5158,45.8559,48.0557,21.2087,22.331,34.6043,42.478,False,Other/Random,35.52
863,317.846,50.108,49.86,3411.41,106.386,2124.0,52.0,50.6592,37.2539,55.3575,35.7807,9.8179,5.1472,36.2003,50.108,True,Other/Random,35.78
864,39.798,36.84,310.61,3699.21,98.179,1512.0,43.88,38.0263,32.6904,50.667,33.1802,18.1089,18.2678,27.2538,36.84,False,Other/Random,32.69
865,122.043,48.906,217.04,5140.5,88.613,720.0,30.28,52.9374,41.8463,53.0343,38.5912,29.9262,11.7175,40.6139,48.906,True,Other/Random,38.59
866,24.362,27.745,329.45,5270.61,83.87,621.0,28.12,28.4135,24.6017,47.396,40.587,31.4317,29.924,14.054,27.745,True,Other/Random,24.6
867,156.556,29.921,210.09,5431.98,85.263,342.0,20.87,30.6338,23.3744,48.2956,41.3641,30.6396,28.4557,14.829,29.921,True,Other/Random,23.37
868,199.233,19.528,197.98,7990.64,90.238,909.0,34.02,41.8644,43.8103,21.0093,60.5497,10.5612,37.8209,36.6553,19.528,True,Other/Random,21.01
869,217.863,39.49,176.54,8337.93,134.441,6714.0,92.46,51.9184,35.7853,40.8323,55.0024,10.0498,16.0989,35.2513,39.49,True,Other/Random,35.79
870,345.483,19.366,23.35,8465.6,86.864,594.0,27.5,21.2678,28.6551,40.8722,43.4726,38.0034,38.9211,10.729,19.366,True,Other/Random,21.27
871,212.663,35.905,165.55,8946.32,97.857,2196.0,52.88,40.124,25.1853,44.5308,47.5996,25.4689,20.7039,22.4352,35.905,False,Other/Random,25.19
872,351.758,20.875,37.57,9054.12,122.037,6561.0,91.4,35.8653,38.9257,26.0509,50.0887,21.4466,39.4168,29.9923,20.875,False,Other/Random,26.05
873,24.704,20.671,359.74,9217.05,102.227,2142.0,52.22,31.9106,34.3825,29.0729,50.8554,20.5395,35.8541,24.4609,20.671,False,Other/Random,29.07
874,341.779,4.232,35.64,9560.27,104.076,2133.0,52.11,17.9219,44.6027,27.8976,46.4385,27.756,50.9818,17.5138,4.232,True,Other/Random,17.92
875,154.486,17.745,216.53,10461.35,91.775,1080.0,37.08,20.863,32.8498,38.2164,40.2219,35.5376,38.3273,14.2163,17.745,True,Other/Random,20.86
876,8.043,39.595,336.89,11659.06,84.176,153.0,13.96,42.2571,18.7634,49.2711,52.577,31.7034,30.6011,17.6318,39.595,False,Other/Random,18.76
877,331.73,41.687,43.78,12052.21,96.457,945.0,34.69,44.3582,30.124,50.6813,41.3481,18.5479,17.9745,28.2843,41.687,False,Other/Random,30.12
878,298.588,33.77,93.27,13600.85,116.493,3726.0,68.88,46.1047,58.0368,36.1676,33.1068,27.3259,23.7512,45.4569,33.77,False,Other/Random,33.11
879,331.115,53.435,49.69,14790.0,78.0,27.0,5.86,57.0635,38.2379,52.2782,45.5754,8.5894,13.1005,38.1977,45.311,True,Other/Random,38.24
880,22.538,41.155,317.45,15589.65,124.13,8127.0,101.72,45.572,30.3367,47.8641,44.9239,20.9629,21.3656,28.8861,41.155,False,Other/Random,30.34
881,14.513,42.418,315.56,15621.13,90.025,1098.0,37.39,51.5116,35.4159,44.8999,49.6936,23.8933,25.732,34.8417,42.418,False,Other/Random,35.42
882,152.276,52.611,218.9,16174.25,110.888,4338.0,74.32,53.5605,29.9696,59.7709,46.8998,15.1243,14.0592,29.9694,45.3062,True,Other/Random,29.97
883,167.324,16.415,221.86,17008.06,128.74,10710.0,116.77,33.3961,42.0315,22.757,49.0028,20.0895,41.5136,29.8778,16.415,False,Other/Random,22.76
884,351.216,42.67,40.42,17242.18,117.286,3492.0,66.68,52.6749,34.6747,44.6205,48.6397,26.5892,29.4262,34.3927,42.67,False,Other/Random,34.67
885,210.198,28.288,122.54,847.06,116.294,3555.0,67.28,39.0924,40.5305,33.2929,41.4154,28.9254,28.0544,33.0408,28.288,False,Other/Random,33.29
886,6.889,14.277,345.15,1314.84,103.869,1791.0,47.75,16.3365,32.0219,39.6051,45.1211,37.6274,44.1146,8.3446,14.277,True,Other/Random,16.34
887,190.394,35.437,139.05,1389.6,102.499,3033.0,62.14,46.4689,34.9221,38.18,51.8396,29.7196,30.6776,32.9413,35.437,False,Other/Random,34.92
888,335.425,8.105,16.57,1677.81,100.378,666.0,29.12,11.387,38.3075,37.8421,43.4952,36.9002,47.1984,8.4785,8.105,True,cube,11.39
889,220.654,50.417,137.0,1866.81,103.609,1728.0,46.91,50.468,33.6586,59.0539,38.3872,15.3781,5.5268,33.0744,50.417,True,Other/Random,33.66
890,327.501,53.239,44.09,3458.05,108.483,2070.0,51.34,54.396,34.0014,56.2236,43.7538,11.2736,10.2144,33.9522,47.4929,True,Other/Random,34.0
891,22.172,50.365,318.97,3492.04,101.494,747.0,30.84,53.5632,31.0717,56.3499,46.0278,15.5927,18.5871,31.0614,44.506,False,Other/Random,31.07
892,238.215,7.584,96.59,5467.29,112.913,5364.0,82.64,26.294,49.544,21.1939,45.0935,21.1893,47.3742,26.1715,7.584,True,Other/Random,21.19
893,15.296,37.97,355.96,6741.19,115.22,4095.0,72.21,39.5442,14.3774,50.3802,54.173,32.974,26.9398,12.3576,37.97,True,goss,14.38
894,39.349,21.397,338.52,7408.12,103.395,1800.0,47.87,27.8102,33.3009,34.4284,42.2583,26.8171,33.4892,20.649,21.397,False,Other/Random,27.81
895,341.839,11.206,42.7,8443.74,128.629,7425.0,97.23,26.9409,42.9178,23.3,46.9056,22.2752,44.9336,25.0892,11.206,True,Other/Random,23.3
896,341.017,14.174,47.07,9172.98,101.365,2340.0,54.58,31.3965,43.4398,22.0338,47.5454,20.4928,42.3157,28.957,14.174,True,Other/Random,22.03
897,196.124,43.094,181.3,10232.74,109.477,4770.0,77.93,46.3273,17.1875,50.8055,59.6538,27.9396,24.4846,17.0958,43.094,False,Other/Random,17.19
898,228.949,41.468,133.75,10359.41,99.464,1980.0,50.21,41.5519,34.4457,58.5617,30.9057,18.5569,13.5844,30.4202,41.468,True,Other/Random,30.91
899,224.285,54.44,121.71,11635.58,102.014,1962.0,49.98,56.079,44.6899,47.1572,35.64,1.4086,0.6534,43.8033,54.3826,True,Other/Random,35.64
900,160.702,23.849,213.55,12176.82,110.628,1161.0,38.45,27.7299,29.172,38.7358,42.4557,33.6617,34.3585,17.5171,23.849,False,Other/Random,27.73
901,345.936,42.188,46.59,12297.6,79.8,45.0,7.57,52.8136,37.7022,43.9127,49.5567,24.656,26.0891,37.116,42.188,False,Other/Random,37.7
902,334.369,38.857,54.0,13448.31,104.034,2151.0,52.33,47.7855,39.0547,42.1398,44.2954,22.1306,21.1163,36.6339,38.857,False,Other/Random,39.05
903,302.337,15.015,38.11,14738.24,150.182,12340.0,125.34,24.6084,41.1582,29.4835,39.9812,26.0562,40.1797,22.4026,15.015,False,Other/Random,24.61
904,14.705,4.803,300.99,15253.89,96.129,1260.0,40.05,44.5515,59.6011,4.853,60.3376,4.19,50.628,44.3676,4.803,True,rotated_cube,4.85
905,356.344,38.268,320.6,17226.75,83.5,108.0,11.73,56.9928,42.7134,38.3155,51.9553,24.5873,33.598,42.3211,38.268,False,Other/Random,38.32
906,68.258,15.708,277.26,1327.0,83.0,27.0,5.86,21.3343,45.8522,34.2377,33.1121,31.7654,40.6345,20.9625,15.708,False,Other/Random,21.33
907,159.637,35.687,221.03,2581.73,102.775,1080.0,37.08,41.0702,29.965,42.969,44.6528,25.5703,25.5934,26.7787,35.687,False,Other/Random,29.96
908,250.171,16.887,123.98,4231.32,117.243,2997.0,61.77,21.9993,42.3971,35.0699,33.7204,32.5083,39.9047,20.6068,16.887,False,Other/Random,22.0
909,32.533,12.36,315.73,4503.69,99.184,1611.0,45.29,17.0291,37.8366,35.4243,40.1357,34.8788,42.7248,13.9775,12.36,True,Other/Random,17.03
910,159.391,51.828,226.36,4833.32,121.567,3618.0,67.87,57.2556,36.5453,55.0546,43.0008,13.9799,19.7082,36.545,42.6211,True,Other/Random,36.55
911,32.01,45.995,320.45,6604.82,93.689,549.0,26.44,46.5758,28.1847,58.6693,41.2108,17.8261,13.2555,27.3377,45.995,True,Other/Random,28.18
912,115.621,27.737,241.72,6661.35,120.994,4428.0,75.09,27.8617,40.4713,50.2656,23.8212,21.3073,29.6008,24.8131,27.737,False,Other/Random,23.82
913,230.035,51.703,133.37,6931.54,116.027,3357.0,65.38,51.8073,39.2229,58.5231,34.233,16.3711,5.0443,38.1523,51.703,True,Other/Random,34.23
914,179.044,41.209,139.71,6992.04,108.346,2655.0,58.14,57.6612,41.1608,41.3722,48.9736,27.563,34.8147,41.0132,41.209,False,Other/Random,41.16
915,124.333,2.674,270.94,8172.23,116.112,4923.0,79.17,35.371,56.0407,10.087,54.5623,10.0834,52.1094,35.3621,2.674,True,rotated_cube,10.09
916,12.337,43.717,8.61,8989.05,105.806,1809.0,47.99,48.2536,19.4865,49.6115,56.3067,27.03,26.8325,19.4763,43.717,False,Other/Random,19.49
917,317.178,36.285,62.08,9259.59,95.591,594.0,27.5,40.9264,40.4968,44.2367,32.4982,17.2649,18.5137,34.1495,36.285,False,Other/Random,32.5
918,161.378,21.864,209.9,9871.2,114.918,2970.0,61.49,24.5699,28.6591,40.0162,42.3301,35.2518,36.0766,14.2478,21.864,True,Other/Random,24.57
919,136.472,16.748,241.67,10851.01,114.513,4266.0,73.7,24.643,41.0728,31.5703,37.5207,31.262,37.9948,22.396,16.748,False,Other/Random,24.64
920,312.835,43.023,66.98,11246.23,107.508,2142.0,52.22,47.1694,45.267,49.5488,30.6289,11.2058,11.8243,40.5981,43.023,True,Other/Random,30.63
921,20.271,30.677,311.01,12669.16,90.692,351.0,21.14,41.7849,37.6781,34.6378,45.954,29.9474,28.9636,32.8176,30.677,False,Other/Random,34.64
922,216.651,12.014,152.01,12785.22,111.493,2574.0,57.25,14.8011,36.3799,38.2097,40.6969,36.1944,42.8735,10.7469,12.014,True,cube,14.8
923,325.987,48.287,51.54,14896.02,90.78,450.0,23.94,51.1899,37.0765,54.3769,40.0567,10.2724,10.7344,36.1948,48.287,True,Other/Random,37.08
924,8.13,46.778,323.2,17194.73,98.14,1413.0,42.42,54.4407,31.7127,49.3948,45.2248,24.4677,29.3814,31.7123,43.8313,False,Other/Random,31.71
925,49.319,3.968,285.55,146.49,106.108,2169.0,52.55,25.4374,49.6884,20.2574,48.1828,20.2536,50.7795,25.3662,3.968,True,Other/Random,20.26
926,26.033,16.378,311.44,202.79,115.988,2934.0,61.12,27.7891,39.8268,27.7457,43.1692,26.454,39.4975,24.4464,16.378,False,Other/Random,27.75
927,146.9,38.141,230.54,918.19,116.558,3483.0,66.59,41.8038,34.0165,46.7539,37.6695,18.5373,18.646,30.23,38.141,False,Other/Random,34.02
928,151.373,9.981,198.53,1152.27,95.318,198.0,15.88,14.1884,37.3617,36.2593,43.0921,34.767,45.2197,10.8242,9.981,True,cube,14.19
929,324.479,48.847,42.7,2014.07,138.813,6111.0,88.21,49.3397,31.5522,59.939,40.1079,14.678,9.4849,30.97,48.847,True,Other/Random,31.55
930,164.076,22.01,174.74,2071.2,114.419,2961.0,61.4,30.4575,30.7663,32.3207,52.1483,24.2726,36.6107,20.8914,22.01,False,Other/Random,30.46
931,325.113,56.393,45.1,2928.16,88.737,171.0,14.76,57.2356,36.5582,53.9921,43.9877,9.8893,8.4998,36.5578,46.9078,True,Other/Random,36.56
932,146.124,48.311,212.17,3102.4,108.278,873.0,33.34,48.3393,26.0912,55.6983,43.6781,23.4139,10.807,25.8206,48.311,True,Other/Random,26.09
933,182.044,16.538,220.47,3220.35,128.572,3915.0,70.6,45.4782,50.6106,16.7225,59.0403,11.2568,43.6503,42.4327,16.538,True,Other/Random,16.72
934,348.103,7.274,28.08,3331.95,127.021,3465.0,66.42,17.7327,41.3322,29.702,45.814,29.192,48.7532,16.3428,7.274,True,Other/Random,17.73
935,31.209,50.436,316.95,3480.69,90.0,117.0,12.21,51.7187,31.958,58.3703,43.1965,13.2521,11.7516,31.7556,48.7497,True,Other/Random,31.96
936,24.351,33.336,338.28,4311.0,87.0,27.0,5.86,33.4367,19.3079,53.4325,43.8179,33.6525,25.5469,13.1346,33.336,True,Other/Random,19.31
937,329.958,36.658,58.22,4659.92,106.926,1332.0,41.18,45.9394,40.8916,40.2126,41.7302,22.6819,20.9137,37.1259,36.658,False,Other/Random,40.21
938,28.205,14.462,318.14,5695.88,118.089,2925.0,61.03,19.865,36.5824,34.4443,40.668,33.5081,41.0385,15.9,14.462,True,Other/Random,19.86
939,238.111,46.718,132.53,6123.55,103.537,738.0,30.65,47.8482,41.135,57.4159,30.2558,20.7423,12.9078,38.1797,46.718,True,Other/Random,30.26
940,180.861,19.211,209.47,6193.58,119.403,7731.0,99.21,35.7821,39.5329,24.1292,52.9882,18.4995,42.4379,30.2843,19.211,False,Other/Random,24.13
941,227.393,53.983,131.57,7312.86,111.763,2691.0,58.53,53.9922,40.0217,55.0937,35.6095,12.9732,2.0852,39.3774,53.4646,True,Other/Random,35.61
942,11.917,41.731,322.81,8083.17,92.333,324.0,20.31,48.4935,29.8086,45.97,50.9801,25.6393,27.5952,29.2361,41.731,False,Other/Random,29.81
943,348.065,22.36,35.01,8835.02,120.585,5400.0,82.92,32.0255,34.083,31.2177,46.8482,26.9348,37.4153,24.3461,22.36,False,Other/Random,31.22
944,28.634,31.989,344.91,11004.45,103.447,1269.0,40.2,34.669,23.0822,44.5737,45.8005,30.2108,25.2174,17.5895,31.989,False,Other/Random,23.08
945,323.573,56.604,48.08,11422.0,91.0,81.0,10.16,57.6938,38.6927,51.7802,42.7427,7.5443,7.3192,38.6706,47.7969,True,Other/Random,38.69
946,129.388,52.639,220.66,12219.31,134.368,6147.0,88.47,53.5055,38.6618,53.5734,37.7289,22.6807,4.9833,38.0973,52.0992,True,Other/Random,37.73
947,118.776,53.142,221.14,12251.52,95.091,891.0,33.68,56.5512,45.8298,52.9792,37.4707,29.172,13.1955,44.8925,45.4673,True,Other/Random,37.47
948,111.005,49.218,215.49,12292.37,124.333,3969.0,71.09,58.9468,45.0459,50.461,43.0351,26.0955,19.6204,49.7691,45.0181,False,Other/Random,43.04
949,130.06,4.929,238.89,12940.37,90.955,198.0,15.88,10.2151,43.1968,36.3743,41.9958,36.356,49.8262,9.8023,4.929,True,cube,10.22
950,21.624,4.955,308.68,13133.23,106.338,1917.0,49.4,30.0974,50.2191,16.0816,51.1479,15.8749,50.2136,29.8201,4.955,True,Other/Random,16.08
951,50.412,21.055,290.93,13734.42,110.862,783.0,31.57,28.0624,42.6454,33.606,33.8418,29.1627,33.8155,25.9222,21.055,False,Other/Random,28.06
952,141.522,52.088,217.73,13758.31,112.6,1755.0,47.27,52.093,31.581,54.8684,41.9512,19.1558,5.866,31.4481,51.8566,True,Other/Random,31.58
953,52.563,35.946,298.35,13943.52,110.99,2637.0,57.94,37.04,39.8419,50.3885,25.5802,14.201,19.5177,31.3087,35.946,True,Other/Random,25.58
954,200.168,10.588,178.89,16280.93,121.104,7902.0,100.31,21.7779,39.2377,27.9852,47.9384,25.9239,45.2773,19.0779,10.588,True,Other/Random,21.78
955,66.457,8.456,268.53,16865.32,128.737,7299.0,96.4,26.3821,50.3794,21.6854,43.9968,21.6187,46.9357,26.3307,8.456,True,Other/Random,21.69
956,30.911,21.717,310.0,354.88,116.262,5418.0,83.06,28.8381,36.5243,33.6886,39.3714,31.9071,33.9623,23.497,21.717,False,Other/Random,28.84
957,323.185,47.674,36.84,578.41,122.815,4221.0,73.31,47.674,28.6698,58.0564,40.6381,20.3526,9.507,28.0379,47.674,True,Other/Random,28.67
958,205.015,36.663,127.04,1052.51,148.423,10680.0,116.63,45.8057,38.3221,40.3118,44.1262,23.8709,22.8823,35.252,36.663,False,Other/Random,38.32
959,8.359,40.655,345.82,1482.43,103.039,1143.0,38.15,41.0522,10.753,55.8782,53.95,35.881,30.136,9.5129,40.655,True,goss,10.75
960,24.449,16.075,322.35,1593.0,101.512,387.0,22.2,20.7732,34.6691,35.5374,41.1091,34.1533,39.9619,15.4873,16.075,False,Other/Random,20.77
961,143.087,56.519,230.85,2675.68,131.532,5481.0,83.54,58.0742,40.4479,49.8579,42.0747,5.126,6.9067,40.3821,48.1734,True,Other/Random,40.45
962,322.889,22.125,18.54,2856.76,101.584,1557.0,44.52,28.8114,32.6143,34.3406,43.408,26.0123,32.9187,20.9644,22.125,False,Other/Random,28.81
963,211.017,56.602,126.55,2905.56,95.34,450.0,23.94,60.5419,42.4253,47.9503,44.3286,4.9617,11.6867,42.4188,44.3164,True,Other/Random,42.43
964,48.718,49.362,307.36,3727.0,89.0,27.0,5.86,49.5078,39.8145,55.6694,31.4356,10.0481,6.1198,37.8736,49.362,True,Other/Random,31.44
965,1.116,23.618,357.99,4332.05,106.37,1242.0,39.77,23.6347,21.417,49.7519,49.9656,44.1995,40.1145,1.0839,23.618,True,Other/Random,21.42
966,315.259,39.25,56.59,4400.89,126.364,4680.0,77.19,40.9319,37.4637,50.9509,30.4176,13.6481,15.4867,32.2069,39.25,True,Other/Random,30.42
967,86.74,10.4,256.35,5111.9,143.561,9648.0,110.83,19.8323,48.0922,29.9171,38.3155,29.5069,47.3244,19.8096,10.4,True,Other/Random,19.83
968,348.452,47.311,43.8,6060.25,97.622,333.0,20.59,56.7312,36.7788,48.9029,44.2851,22.1492,26.8493,36.7651,43.9319,False,Other/Random,36.78
969,153.805,41.236,228.65,7041.93,118.048,2835.0,60.08,46.7186,34.4398,46.76,43.1163,19.0424,19.3274,32.6482,41.236,False,Other/Random,34.44
970,194.361,31.22,124.89,7062.25,95.25,108.0,11.73,50.9268,46.5095,31.501,53.5434,26.4857,30.9218,43.2715,31.22,False,Other/Random,31.5
971,208.052,23.081,128.88,7363.75,114.912,2250.0,53.52,32.5212,37.8568,31.7365,41.314,29.7707,33.1412,27.0342,23.081,False,Other/Random,31.74
972,161.046,21.478,224.68,7570.94,116.115,2106.0,51.78,33.3967,38.002,28.7823,45.4071,25.8312,36.3074,27.746,21.478,False,Other/Random,28.78
973,143.904,10.102,235.68,7632.65,143.396,7290.0,96.34,22.0133,43.0253,27.3193,42.7939,27.0556,44.7742,20.8351,10.102,True,Other/Random,22.01
974,229.748,34.735,117.72,7681.33,105.169,1278.0,40.34,36.8609,39.7806,47.2021,27.564,15.8914,20.2664,31.1543,34.735,False,Other/Random,27.56
975,166.647,19.337,210.91,9245.25,90.375,72.0,9.57,26.0621,32.6743,33.4641,44.8737,30.3675,39.2006,18.7866,19.337,False,Other/Random,26.06
976,32.661,6.023,344.52,10559.15,138.595,8217.0,102.28,18.1987,42.9399,28.451,46.0152,27.7803,48.8633,17.3346,6.023,True,Other/Random,18.2
977,186.45,33.853,134.58,10711.29,108.738,1134.0,38.0,51.185,42.0473,34.3704,56.2394,25.8378,33.3647,40.1898,33.853,False,Other/Random,34.37
978,202.977,30.38,177.47,11161.97,102.802,909.0,34.02,36.4851,25.5518,38.8788,51.794,24.2377,28.2521,20.8316,30.38,False,Other/Random,25.55
979,156.095,45.512,227.93,11467.95,120.843,2403.0,55.31,51.1643,35.2007,49.8785,46.1059,16.9293,18.5521,34.578,45.512,False,Other/Random,35.2
980,27.367,30.943,312.27,14104.89,122.819,3438.0,66.16,36.9049,33.6014,39.3647,40.3667,26.1386,26.4547,27.2403,30.943,False,Other/Random,33.6
981,69.314,15.397,276.48,1312.5,90.0,18.0,4.79,20.9203,45.9822,34.3453,33.1864,31.9583,41.0458,20.6004,15.397,False,Other/Random,20.92
982,341.311,29.274,356.18,2938.54,123.449,4086.0,72.13,36.7767,26.8891,36.7659,54.4495,23.0493,30.5133,22.0974,29.274,False,Other/Random,26.89
983,160.864,39.831,228.67,3284.41,133.241,5004.0,79.82,49.226,37.0699,42.6143,48.2523,23.8027,23.9403,35.6159,39.831,False,Other/Random,37.07
984,313.765,22.63,8.35,5232.05,114.098,2214.0,53.09,43.9152,45.0875,23.7082,53.9283,7.2256,32.1135,38.6321,22.63,True,Other/Random,23.71
985,141.551,53.873,223.41,5301.05,102.554,585.0,27.29,54.0839,34.9496,57.0061,41.0738,13.3598,5.3886,34.8279,50.7601,True,Other/Random,34.95
986,1.995,29.199,5.68,6857.72,117.81,3735.0,68.96,30.1696,17.4303,47.0664,52.9457,38.1282,37.3185,7.4848,29.199,True,Other/Random,17.43
987,168.562,42.244,223.61,7149.9,117.417,1944.0,49.75,52.6501,36.2573,44.0634,49.1819,25.6698,27.7711,35.8131,42.244,False,Other/Random,36.26
988,171.882,15.616,213.58,7726.69,156.832,11230.0,119.59,29.8017,39.4252,24.9644,48.6246,22.1668,42.9588,25.8436,15.616,False,Other/Random,24.96
989,206.972,41.28,122.26,10496.76,101.826,774.0,31.39,51.0804,42.0947,43.5631,44.8188,20.8241,18.8966,40.1878,41.28,False,Other/Random,42.09
990,192.329,23.121,185.87,11210.18,106.484,855.0,32.99,29.3474,27.9907,35.2571,52.1898,27.3591,36.7871,17.8744,23.121,False,Other/Random,27.99
991,253.937,15.004,136.99,11318.94,116.678,2853.0,60.27,34.2943,49.2817,20.5435,44.5418,16.5171,42.0418,33.3346,15.004,False,Other/Random,20.54
992,130.277,46.117,247.75,11427.88,99.176,153.0,13.96,49.3354,46.9147,49.9772,29.2085,7.7325,9.3517,42.7549,46.117,True,Other/Random,29.21
993,155.853,34.107,225.4,11526.26,127.11,4401.0,74.86,40.0191,32.3994,41.3571,42.4654,25.054,25.0561,28.1291,34.107,False,Other/Random,32.4
994,193.951,34.294,172.52,12088.85,138.79,6390.0,90.2,34.8811,14.2626,51.1434,51.0533,37.4424,29.4114,8.8208,34.294,True,goss,14.26
995,217.502,52.717,126.09,12533.86,118.326,774.0,31.39,55.0365,40.5608,50.2247,39.5704,5.2491,6.3708,40.0644,50.86,True,Other/Random,39.57
996,19.27,45.458,314.34,12609.18,167.104,14490.0,135.83,52.2093,34.7436,48.9323,48.2382,19.259,21.6867,34.3793,45.458,False,Other/Random,34.74
997,75.413,7.638,299.92,12656.0,111.243,1557.0,44.52,17.1199,45.1909,30.6131,40.8341,30.1146,48.2549,16.8705,7.638,True,Other/Random,17.12
998,25.684,21.97,309.28,13176.57,125.977,2367.0,54.9,33.1928,38.9815,29.603,42.9779,27.5188,34.5435,28.1544,21.97,False,Other/Random,29.6
999,172.422,35.226,213.53,13885.75,128.387,4401.0,74.86,43.5081,29.7415,39.9021,52.0146,30.127,32.258,27.6472,35.226,False,Other/Random,29.74
1000,184.712,33.773,167.75,14359.28,100.091,297.0,19.45,34.5801,14.4346,50.0286,52.0701,38.5265,34.2945,8.7292,33.773,True,goss,14.43
1001,184.035,36.622,168.13,14520.17,114.014,1980.0,50.21,37.4226,12.4297,51.7178,53.8288,38.2563,33.7815,8.9563,36.622,True,goss,12.43
1002,135.976,20.067,241.19,372.3,94.2,90.0,10.7,26.3502,39.8801,34.1972,35.4488,30.4515,34.6727,23.2942,20.067,False,Other/Random,26.35
1003,225.192,51.197,135.62,1450.23,129.126,3438.0,66.16,51.203,36.1965,58.2488,36.5173,15.9614,3.5419,35.4487,51.197,True,Other/Random,36.2
1004,150.834,49.43,212.76,2347.59,113.595,1602.0,45.16,49.5523,25.1353,57.2281,45.8084,21.3818,13.546,25.0642,48.4478,True,Other/Random,25.14
1005,176.512,36.289,214.99,2557.44,129.222,2925.0,61.03,47.7043,33.5322,38.6387,54.969,27.2405,34.1843,32.2363,36.289,False,Other/Random,33.53
1006,349.338,36.862,53.91,3731.94,111.03,909.0,34.02,56.2461,45.3901,36.9022,53.9852,29.9874,29.96,45.6928,36.862,False,Other/Random,36.9
1007,45.412,46.897,311.33,3771.97,113.492,1593.0,45.04,47.0037,36.0151,59.1352,33.0541,13.1215,7.8451,34.0014,46.897,True,Other/Random,33.05
1008,1.42,10.719,321.18,8097.67,115.944,1944.0,49.75,38.8529,50.395,13.1335,55.8459,10.4884,47.368,37.4256,10.719,True,rotated_cube,13.13
1009,197.424,12.932,135.22,8385.4,144.077,3159.0,63.42,30.2059,43.4818,21.8454,47.8069,20.4263,43.5581,28.0157,12.932,True,Other/Random,21.85
1010,162.975,43.178,211.98,9821.81,122.84,2358.0,54.79,45.5773,23.0214,52.1893,48.9455,24.5327,23.8736,22.4608,43.178,False,Other/Random,23.02
1011,168.965,32.806,225.39,11994.0,100.696,207.0,16.23,47.1581,39.2291,34.4447,52.251,27.2995,31.5521,36.5032,32.806,False,Other/Random,34.44
1012,123.38,7.172,238.47,12811.0,95.0,27.0,5.86,7.4065,41.6098,43.7139,39.1692,38.9178,47.7256,6.3266,7.172,True,cube,7.41
1013,11.937,44.183,319.41,13240.31,132.938,5760.0,85.64,52.2673,33.1307,46.9677,47.9004,23.9014,27.0084,32.9157,44.183,False,Other/Random,33.13
1014,340.836,48.551,51.45,13349.46,97.909,99.0,11.23,57.7593,40.7695,50.0904,44.9348,18.0261,21.0914,40.6586,44.927,False,Other/Random,40.77
1015,352.277,18.786,350.46,14944.49,153.042,9765.0,111.5,25.4607,31.0058,33.3965,51.1134,28.3883,40.903,17.0324,18.786,False,Other/Random,25.46
1016,107.392,7.366,247.45,1285.58,104.526,171.0,14.76,8.9903,43.3066,40.49,38.4817,38.48,48.291,8.6302,7.366,True,cube,8.99
1017,321.777,3.471,49.75,4022.7,110.288,531.0,26.0,12.0366,44.0176,33.6474,44.1061,33.6172,51.29,11.7728,3.471,True,cube,12.04
1018,193.848,38.056,153.77,4556.37,130.753,3357.0,65.38,39.9486,19.5262,49.725,48.6964,29.8413,27.7059,17.398,38.056,False,Other/Random,19.53
1019,82.382,17.558,303.29,5275.36,119.954,1755.0,47.27,31.0186,48.8096,26.0561,38.1952,23.0745,41.7399,30.3801,17.558,False,Other/Random,26.06
1020,348.873,16.841,347.63,5344.38,106.697,1098.0,37.39,28.8398,36.0913,27.2517,52.8849,22.2897,41.4968,23.2409,16.841,False,Other/Random,27.25
1021,216.854,38.84,128.14,7119.64,113.135,468.0,24.41,41.5334,34.5726,48.7167,35.343,16.6593,16.9429,30.5033,38.84,False,Other/Random,34.57
1022,141.383,46.297,240.05,7536.0,100.0,54.0,8.29,50.7687,42.2757,51.5274,36.8307,10.5964,9.764,40.2081,46.297,True,Other/Random,36.83
1023,164.008,13.046,213.92,10383.26,127.007,2547.0,56.95,22.1409,37.794,29.9985,44.6541,28.6172,43.6444,18.6525,13.046,True,Other/Random,22.14
1024,197.618,9.684,181.91,10451.51,125.071,3051.0,62.33,21.7764,40.1493,27.2223,48.5281,25.5011,46.2842,19.5033,9.684,True,Other/Random,21.78
1025,222.589,51.687,125.36,12516.0,97.5,36.0,6.77,52.9791,40.8357,51.1804,35.6312,5.324,3.6083,39.806,51.687,True,Other/Random,35.63
1026,358.089,26.032,318.64,12962.97,125.716,2187.0,52.77,50.1739,46.7702,26.0884,60.0483,17.4939,38.6964,43.0838,26.032,False,Other/Random,26.09
1027,255.856,17.351,77.38,13314.38,117.474,2448.0,55.83,31.8098,54.4344,25.1209,37.749,24.2648,40.5259,31.809,17.351,False,Other/Random,25.12
1028,8.511,44.261,321.92,13341.5,99.5,54.0,8.29,52.8134,32.5643,46.7459,47.4643,25.7006,29.3517,32.4507,44.261,False,Other/Random,32.56
1029,165.695,24.873,218.51,13382.7,119.981,2880.0,60.56,34.573,34.1337,32.3152,46.4967,27.7248,35.0045,26.1278,24.873,False,Other/Random,32.32
1030,230.865,9.652,147.83,14138.85,106.759,522.0,25.78,21.0199,42.3485,27.9906,43.2175,26.4044,45.1416,19.7133,9.652,True,Other/Random,21.02
1031,339.823,31.866,48.67,14179.97,118.416,1602.0,45.16,42.4991,37.2171,35.789,46.0155,29.0521,28.1682,32.8769,31.866,False,Other/Random,35.79
1032,218.072,45.821,154.63,14880.05,156.24,5841.0,86.24,47.4574,26.9373,52.3788,44.9325,30.5771,10.3767,26.4344,45.821,True,Other/Random,26.94
1033,32.024,17.64,4.89,15312.39,123.71,2547.0,56.95,40.7794,45.2527,19.3916,56.7736,8.4447,37.6917,36.7108,17.64,True,Other/Random,19.39
1034,218.242,20.177,121.47,415.79,117.808,468.0,24.41,28.5384,39.9324,31.8033,38.0088,31.0806,34.7558,25.1008,20.177,False,Other/Random,28.54
1035,177.411,25.109,206.52,437.09,134.423,2808.0,59.79,34.5533,31.3925,32.6684,50.8629,25.5784,38.8672,24.1988,25.109,False,Other/Random,31.39
1036,133.822,38.236,231.46,5408.46,125.231,1827.0,48.23,38.5856,34.6919,54.59,29.8216,16.0959,16.5211,28.9921,38.236,False,Other/Random,29.82
1037,83.639,20.63,257.92,5947.54,122.118,1989.0,50.32,27.604,51.5201,33.5159,30.1257,29.5007,40.0902,27.5842,20.63,False,Other/Random,27.6
1038,205.08,44.714,137.69,6429.77,111.805,738.0,30.65,47.7595,30.0105,52.2573,44.4979,17.8473,18.1265,29.243,44.714,False,Other/Random,30.01
1039,336.599,28.71,47.16,8634.78,135.132,3078.0,62.6,37.1061,35.1519,35.5801,42.9226,29.4328,29.4183,28.4244,28.71,False,Other/Random,35.15
1040,312.82,42.818,65.71,8762.66,129.326,2565.0,57.15,46.4821,44.3242,50.0101,30.2673,10.7269,12.0285,39.6464,42.818,True,Other/Random,30.27
1041,170.251,22.475,173.47,10301.32,147.72,8136.0,101.78,27.6897,27.3827,36.3232,51.9113,29.3099,37.9643,15.9773,22.475,False,Other/Random,27.38
1042,200.094,47.464,126.64,11665.17,116.862,783.0,31.57,57.4029,41.9272,48.8113,46.2136,18.8857,20.6089,41.6835,46.2113,False,Other/Random,41.93
1043,173.124,29.173,211.13,12012.41,120.208,1944.0,49.75,37.7693,30.288,35.6665,50.2103,27.9238,35.1934,25.3268,29.173,False,Other/Random,30.29
1044,123.824,49.674,222.74,12813.84,118.2,450.0,23.94,51.3475,40.8424,56.1695,34.5763,24.0858,10.1675,39.3143,49.674,True,Other/Random,34.58
1045,304.11,43.086,84.29,13468.92,128.404,1494.0,43.61,51.2293,56.489,46.0308,30.3177,18.9975,14.2207,47.1793,43.086,True,Other/Random,30.32
1046,150.716,22.935,227.35,16374.81,147.718,7938.0,100.53,29.1207,34.9298,35.2379,39.431,31.2618,33.0713,22.7413,22.935,False,Other/Random,29.12
1047,129.564,16.059,259.35,16478.28,135.571,5346.0,82.5,32.991,49.3925,22.6926,41.7827,22.6806,38.7696,32.2442,16.059,False,Other/Random,22.69
1048,160.802,21.698,230.25,16588.38,146.953,9162.0,108.01,37.7283,42.0394,25.7491,47.5074,22.8581,36.0779,32.9879,21.698,False,Other/Random,25.75
1049,205.039,50.462,136.76,631.96,123.682,1782.0,47.63,53.4412,32.4247,56.7221,46.8869,13.8804,16.3843,32.3709,45.6752,True,Other/Random,32.42
1050,135.648,17.368,205.76,1147.29,111.643,126.0,12.67,25.39,36.9031,31.5224,41.711,26.3791,37.3691,20.939,17.368,False,Other/Random,25.39
1051,169.89,38.493,185.42,1431.0,103.5,18.0,4.79,38.7669,9.5887,55.1772,54.6153,39.2587,29.6878,6.7598,38.493,True,goss,9.59
1052,152.693,39.082,193.03,2108.17,121.229,747.0,30.84,41.5122,20.4816,49.3381,49.5256,28.9575,20.1885,18.9202,39.082,False,Other/Random,20.48
1053,182.751,30.149,152.42,2463.83,140.85,3429.0,66.08,38.873,29.3905,36.1439,52.3982,26.8356,36.6012,25.236,30.149,False,Other/Random,29.39
1054,153.688,29.922,222.67,2723.81,115.188,864.0,33.17,34.0117,30.4463,41.1932,40.0887,27.2232,27.5999,23.1506,29.922,False,Other/Random,30.45
1055,8.647,29.82,310.91,2781.01,152.704,3465.0,66.42,49.8746,44.9715,30.1584,55.4268,23.6165,34.1155,41.7543,29.82,False,Other/Random,30.16
1056,338.833,34.583,3.93,2884.02,125.468,1674.0,46.17,38.5228,21.0389,44.081,52.4989,27.155,25.9391,18.0633,34.583,False,Other/Random,21.04
1057,319.347,26.12,56.67,4191.94,120.867,810.0,32.11,30.5669,37.0003,38.8279,34.0673,25.7826,28.7391,25.0971,26.12,False,Other/Random,30.57
1058,330.187,17.156,46.5,4290.88,126.494,2187.0,52.77,23.8893,36.8425,33.0141,40.1847,31.8729,38.3629,19.6369,17.156,False,Other/Random,23.89
1059,162.78,46.284,225.92,4480.82,127.633,2034.0,50.89,54.041,35.9569,48.9211,46.7096,19.7925,22.9092,35.7622,46.284,False,Other/Random,35.96
1060,275.714,5.923,70.98,5813.89,107.885,234.0,17.26,14.5593,45.9524,32.2287,41.3023,32.0408,50.2468,14.5034,5.923,True,cube,14.56
1061,184.791,9.778,210.83,8007.41,139.578,4518.0,75.85,36.8967,49.4908,13.5411,55.8042,10.9402,47.5566,35.5598,9.778,True,rotated_cube,13.54
1062,218.975,33.07,169.58,8057.83,121.577,1233.0,39.62,43.4299,33.6209,36.8307,50.6693,15.8107,22.0444,30.6913,33.07,False,Other/Random,33.62
1063,158.249,11.312,225.75,9271.97,111.31,261.0,18.23,26.496,42.9267,23.8237,46.0757,22.9583,44.4971,24.7154,11.312,True,Other/Random,23.82
1064,227.138,38.17,126.12,10958.53,182.383,19340.0,156.93,38.739,35.9608,53.5321,28.9988,15.0524,16.6361,29.9476,38.17,False,Other/Random,29.0
1065,144.487,35.994,249.39,11415.31,126.269,1305.0,40.76,49.0409,48.2614,37.619,41.7692,25.4936,19.8788,43.412,35.994,False,Other/Random,37.62
1066,34.137,45.115,337.61,11786.25,130.419,3177.0,63.6,46.5419,24.071,52.8314,46.6616,30.9757,12.6909,23.6312,45.115,True,Other/Random,24.07
1067,230.243,50.724,125.86,12503.13,110.172,522.0,25.78,50.8636,41.596,54.1471,30.9023,9.0933,5.786,39.7299,50.724,True,Other/Random,30.9
1068,224.288,45.078,123.0,12524.34,112.902,369.0,21.68,46.746,39.5301,54.9538,31.9054,8.8864,9.6728,36.5438,45.078,True,Other/Random,31.91
1069,135.736,47.604,217.1,12753.46,118.983,531.0,26.0,48.109,32.2047,55.9527,38.4186,23.1316,7.1545,31.2351,47.604,True,Other/Random,32.2
1070,124.308,7.104,237.67,12824.64,118.2,225.0,16.93,7.3739,41.5467,43.5771,39.295,39.0325,47.7674,6.2554,7.104,True,cube,7.37
1071,218.747,47.44,134.91,1784.14,142.731,3681.0,68.46,47.8379,32.8933,59.6736,37.3391,14.0221,8.7633,31.7424,47.44,True,Other/Random,32.89
1072,51.071,18.542,329.19,3660.13,126.359,1503.0,43.75,27.3992,38.4728,30.8295,40.565,25.1212,36.3347,23.4451,18.542,False,Other/Random,27.4
1073,183.775,20.946,149.9,3896.96,135.293,5715.0,85.3,33.5258,35.9599,27.9927,50.3842,22.717,40.6472,26.6055,20.946,False,Other/Random,27.99
1074,9.376,41.515,316.76,5773.91,120.899,2493.0,56.34,53.0977,37.1022,42.9189,49.5001,27.3267,29.2827,36.6472,41.515,False,Other/Random,37.1
1075,138.684,42.405,228.57,5852.2,131.5,2862.0,60.37,42.9928,33.4972,56.1858,33.5746,14.6689,12.6322,30.4014,42.405,True,Other/Random,33.5
1076,168.553,38.933,229.01,6610.22,152.035,5481.0,83.54,53.5879,41.5837,39.6099,52.0012,29.2621,28.7519,40.5878,38.933,False,Other/Random,39.61
1077,20.272,44.995,310.34,8722.5,130.454,1764.0,47.39,53.3213,37.9532,47.4933,48.5925,19.5233,21.1486,37.4407,44.995,False,Other/Random,37.95
1078,145.516,21.966,221.43,9246.77,132.029,1881.0,48.94,23.0252,31.3635,43.7344,36.34,30.9401,33.3087,15.1019,21.966,False,Other/Random,23.03
1079,203.634,39.623,141.43,11140.25,113.0,216.0,16.58,42.2385,26.7476,49.3695,43.4956,22.5173,21.6231,24.6611,39.623,False,Other/Random,26.75
1080,159.297,48.185,228.12,12438.53,142.612,2529.0,56.75,55.0317,37.0262,51.1125,46.0429,16.6575,20.0205,36.874,45.7993,False,Other/Random,37.03
1081,224.256,57.229,133.55,12457.2,107.4,45.0,7.57,57.2675,40.0035,53.8521,39.465,13.2318,2.5685,39.8924,52.9699,True,Other/Random,39.47
1082,31.885,39.93,309.94,13064.31,111.231,117.0,12.21,43.7177,34.0754,47.7966,38.8308,17.6296,17.6117,31.1655,39.93,False,Other/Random,34.08
1083,42.899,50.727,312.78,14325.73,128.73,2304.0,54.16,50.8986,36.3807,56.9396,36.2922,12.2529,4.343,35.5305,50.727,True,Other/Random,36.29
1084,38.38,42.89,299.99,14814.77,162.264,6453.0,90.64,47.8049,41.1949,48.5787,36.1876,13.4731,12.8388,38.2031,42.89,True,Other/Random,36.19
1085,26.286,47.238,318.99,15687.78,115.5,414.0,22.96,49.3537,29.4563,55.6355,44.8251,16.5494,16.3096,29.0888,47.238,False,Other/Random,29.46
1086,345.204,45.355,36.19,120.42,181.602,16120.0,143.26,49.9056,27.7521,50.8412,48.7416,22.5208,24.8021,27.5924,45.355,False,Other/Random,27.75
1087,336.814,41.533,14.47,1524.53,143.54,3870.0,70.2,42.3981,16.3934,54.6167,50.3131,33.9589,20.8036,15.4815,41.533,False,Other/Random,16.39
1088,357.988,23.798,337.94,2817.07,125.433,1143.0,38.15,33.7258,31.7527,31.5911,52.2362,24.181,39.7121,23.914,23.798,False,Other/Random,31.59
1089,193.544,22.257,152.31,3998.58,133.284,1935.0,49.64,26.3241,28.7274,37.8851,44.4767,34.0097,37.0468,15.9362,22.257,False,Other/Random,26.32
1090,112.889,15.566,256.71,4005.6,109.8,45.0,7.57,18.2722,43.6726,38.5715,31.9336,30.8377,40.6093,17.6145,15.566,False,Other/Random,18.27
1091,0.367,34.245,331.14,5189.72,142.59,3906.0,70.52,44.2737,30.4943,37.9082,55.6928,25.9418,36.4642,28.5573,34.245,False,Other/Random,30.49
1092,159.354,38.133,220.83,6321.94,139.665,2286.0,53.95,42.969,29.461,45.2437,45.0899,23.8836,24.0141,27.2034,38.133,False,Other/Random,29.46
1093,57.456,41.588,306.3,6385.21,142.171,3942.0,70.85,41.7498,39.8855,57.9193,25.5199,15.6844,16.048,34.2484,41.588,False,Other/Random,25.52
1094,147.775,39.499,230.85,7799.2,125.691,873.0,33.34,43.5108,34.5584,47.2011,38.592,17.8073,17.8256,31.4392,39.499,False,Other/Random,34.56
1095,210.553,25.252,133.26,9290.67,141.921,2169.0,52.55,29.9236,33.3732,38.1355,38.2527,29.1039,30.7415,22.3345,25.252,False,Other/Random,29.92
1096,149.668,18.517,236.43,10081.17,125.214,1134.0,38.0,31.9065,42.1704,26.4016,42.9472,25.2649,37.0303,28.8057,18.517,False,Other/Random,26.4
1097,35.37,49.083,316.86,11102.41,125.744,1053.0,36.62,49.6566,31.8735,59.4755,40.2101,14.2075,9.4452,31.323,49.083,True,Other/Random,31.87
1098,320.425,36.499,69.87,11192.96,127.793,1656.0,45.92,47.1017,47.2645,39.2561,38.2667,22.7076,18.6308,41.7447,36.499,False,Other/Random,38.27
1099,4.163,43.885,0.04,12144.68,123.395,684.0,29.51,44.0759,4.3374,59.2236,61.0245,40.8082,32.3987,4.1919,43.885,True,goss,4.34
1100,219.833,48.794,131.79,12481.46,132.066,2052.0,51.11,49.4645,35.3479,56.8957,36.7615,11.1948,7.1922,34.2732,48.794,True,Other/Random,35.35
1101,188.905,24.137,146.11,13098.34,150.286,6039.0,87.69,34.6057,33.8971,31.2609,48.6395,25.8143,37.1874,25.9898,24.137,False,Other/Random,31.26
1102,1.877,44.606,326.66,14151.63,142.221,2034.0,50.89,54.1189,32.0371,46.5144,47.0111,29.2629,33.9486,32.0277,44.606,False,Other/Random,32.04
1103,338.665,38.569,5.39,15245.61,154.191,6687.0,92.27,41.6188,18.7976,47.9532,53.5401,28.0693,23.4152,17.4325,38.569,False,Other/Random,18.8
1104,33.901,15.013,344.23,16517.0,111.5,54.0,8.29,23.4997,36.43,30.7113,44.5067,26.6417,40.076,19.0606,15.013,False,Other/Random,23.5
1105,278.93,25.099,102.31,16527.01,116.556,243.0,17.59,32.7696,54.5513,34.4299,28.3865,27.417,36.6032,32.7609,25.099,False,Other/Random,28.39
1106,17.106,38.452,322.15,17179.27,132.337,3285.0,64.67,43.5036,28.1882,45.2172,47.2345,25.3913,25.7243,26.3589,38.452,False,Other/Random,28.19
1107,218.216,36.023,115.53,770.9,144.879,3807.0,69.62,44.317,43.2672,40.4647,37.0993,20.943,19.304,37.8053,36.023,False,Other/Random,37.1
1108,323.458,35.656,16.81,1584.97,139.227,3456.0,66.33,40.5959,27.5687,43.4628,46.4082,24.1755,19.9671,24.6323,35.656,False,Other/Random,27.57
1109,317.374,51.688,43.53,2746.37,121.029,315.0,20.03,51.6954,35.1582,58.0095,38.0458,15.4629,3.5917,34.653,51.688,True,Other/Random,35.16
1110,1.119,34.656,13.17,3365.77,114.462,117.0,12.21,37.4025,17.4324,45.9906,54.9862,33.7227,35.9455,14.1046,34.656,True,Other/Random,17.43
1111,51.506,51.856,303.77,3803.2,121.463,369.0,21.68,52.0559,43.4898,52.3315,30.2664,7.6585,5.956,41.597,51.856,True,Other/Random,30.27
1112,185.206,30.306,151.5,3956.47,145.475,2178.0,52.66,38.0568,28.5458,37.1287,51.05,28.479,35.4101,24.1369,30.306,False,Other/Random,28.55
1113,227.913,15.098,120.17,6070.35,146.82,4059.0,71.89,19.213,39.7064,36.2775,35.8237,33.3385,39.6623,17.0008,15.098,False,Other/Random,19.21
1114,170.054,40.597,218.46,6518.0,144.718,7218.0,95.87,49.2618,32.1481,43.6855,51.2782,27.2217,29.1519,31.4777,40.597,False,Other/Random,32.15
1115,16.641,35.83,12.47,8546.59,174.875,10960.0,118.14,45.862,28.8349,39.0891,60.4272,19.5441,27.2906,27.7016,35.83,False,Other/Random,28.83
1116,322.737,30.035,58.13,8795.72,121.357,378.0,21.94,36.4348,38.4226,38.3545,36.0547,24.1502,25.2059,30.0758,30.035,False,Other/Random,36.05
1117,212.951,44.78,141.62,8935.35,129.0,1521.0,44.01,45.0911,27.3275,59.0759,40.4765,19.2857,13.5241,26.1664,44.78,True,Other/Random,27.33
1118,18.671,7.339,328.83,9121.51,168.293,10240.0,114.2,14.487,40.3252,33.2975,44.1092,32.904,48.2332,12.8534,7.339,True,cube,14.49
1119,145.12,38.16,221.68,10116.74,124.2,405.0,22.71,38.7389,28.2405,53.4854,36.7243,20.7415,18.0853,24.259,38.16,False,Other/Random,28.24
1120,14.677,33.058,315.96,13032.16,159.422,4860.0,78.66,43.9416,35.7705,36.4763,48.945,30.02,29.7332,32.5398,33.058,False,Other/Random,35.77
1121,32.958,52.227,317.64,14354.28,137.476,927.0,34.36,53.008,32.4676,58.0273,43.2263,13.1501,9.9895,32.3775,48.4528,True,Other/Random,32.47
1122,4.088,33.886,326.5,1271.01,129.874,927.0,34.36,44.5854,32.3552,37.2037,54.0633,26.8271,34.5822,30.1826,33.886,False,Other/Random,32.36
1123,201.538,34.029,135.92,1369.77,161.13,8847.0,106.13,40.6331,32.3071,40.588,44.0323,26.177,26.1521,28.374,34.029,False,Other/Random,32.31
1124,207.76,46.776,143.37,1630.85,159.579,3312.0,64.94,47.5631,26.1963,58.4772,44.2484,19.2399,15.499,25.7812,46.776,False,Other/Random,26.2
1125,200.868,50.938,131.57,1909.12,144.583,4167.0,72.84,57.4756,38.02,53.6511,43.6656,14.5502,19.5417,38.0058,43.4869,True,Other/Random,38.02
1126,322.845,51.602,48.2,3141.17,160.902,3024.0,62.05,52.6915,36.2532,54.7031,39.6186,9.4237,7.0142,35.8173,51.3454,True,Other/Random,36.25
1127,165.166,22.495,159.87,4056.87,147.787,3978.0,71.17,41.3844,40.2834,24.6059,59.608,13.7022,36.5335,34.288,22.495,True,Other/Random,24.61
1128,195.621,9.575,122.87,4610.43,168.384,9432.0,109.59,42.5515,55.0949,10.1902,56.7503,8.9043,46.5552,41.7807,9.575,True,rotated_cube,10.19
1129,167.219,14.572,173.44,5324.35,147.501,3825.0,69.79,24.1743,35.7013,29.4476,50.075,25.917,42.8974,19.1999,14.572,True,Other/Random,24.17
1130,60.032,16.029,280.1,5359.0,125.563,864.0,33.17,25.4771,46.3178,29.739,35.9222,29.7307,39.4081,24.8624,16.029,False,Other/Random,25.48
1131,339.124,14.219,45.6,5984.74,139.551,1323.0,41.04,28.4659,41.5001,24.722,45.7129,23.3563,42.0379,25.7718,14.219,True,Other/Random,24.72
1132,210.472,48.748,128.05,6290.09,143.958,1278.0,40.34,53.0041,37.9694,53.699,42.8658,11.3478,12.8601,37.389,48.748,True,Other/Random,37.97
1133,114.345,44.798,246.51,8121.32,147.208,2205.0,52.99,44.8057,48.0772,57.8611,18.1717,7.0732,18.5555,40.7791,44.798,True,Other/Random,18.17
1134,324.577,4.735,61.26,9106.0,116.0,27.0,5.86,26.26,48.9245,19.734,48.5627,19.6715,50.0708,26.0641,4.735,True,Other/Random,19.73
1135,184.764,11.557,194.34,11732.85,141.596,2538.0,56.85,22.2999,38.2395,28.3176,49.0841,26.3183,46.3287,19.0309,11.557,True,Other/Random,22.3
1136,142.032,38.359,234.56,12684.47,131.564,990.0,35.5,41.6693,36.2485,47.4124,34.7747,16.5292,17.1341,31.7704,38.359,False,Other/Random,34.77
1137,34.229,43.235,313.02,14447.15,155.075,7650.0,98.69,44.9895,32.2643,53.4713,38.0618,15.2351,14.0536,30.265,43.235,True,Other/Random,32.26
1138,352.51,43.796,36.84,17095.72,118.714,63.0,8.96,52.3161,31.9284,46.3784,47.9581,26.5691,30.118,31.7993,43.796,False,Other/Random,31.93
1139,316.941,10.579,72.36,285.73,149.098,3501.0,66.77,31.1129,49.2976,18.9122,46.1894,18.8252,44.1637,30.5708,10.579,True,Other/Random,18.91
1140,146.268,32.061,201.39,1201.44,177.305,10720.0,116.82,34.2963,24.8948,45.4569,42.5955,31.4851,23.8858,18.9151,32.061,False,Other/Random,24.89
1141,201.077,37.114,153.43,1669.29,142.082,1422.0,42.55,37.5041,19.0248,53.6923,44.9545,29.3473,24.3906,15.6719,37.114,False,Other/Random,19.02
1142,333.32,51.919,42.66,1680.4,119.8,135.0,13.11,54.1591,32.3685,57.7742,46.7136,12.9658,14.9353,32.3543,45.3051,True,Other/Random,32.37
1143,145.27,56.868,225.33,1698.17,133.075,477.0,24.64,57.4467,36.9445,53.5651,44.3144,9.513,8.7532,36.9439,46.5102,True,Other/Random,36.94
1144,33.1,44.07,325.54,1837.03,145.147,2259.0,53.63,44.0899,25.33,60.7565,41.1668,22.5291,13.947,24.1144,44.07,True,Other/Random,25.33
1145,356.688,7.89,14.49,3373.06,133.771,945.0,34.69,13.6749,38.7664,34.7039,45.7419,34.0036,49.036,11.2184,7.89,True,cube,13.67
1146,36.925,41.044,300.46,3581.21,120.789,171.0,14.76,46.6254,40.6243,46.5191,36.9314,15.6424,14.9241,37.2668,41.044,True,Other/Random,36.93
1147,160.027,27.502,225.44,3696.04,161.972,5697.0,85.17,37.3147,35.6968,33.6234,44.8198,29.6005,31.3784,28.916,27.502,False,Other/Random,33.62
1148,305.389,18.865,66.16,4332.9,134.658,1026.0,36.14,22.0921,40.6441,38.271,31.9895,29.1209,36.2314,19.9991,18.865,False,Other/Random,22.09
1149,170.046,44.227,182.93,5581.24,151.83,2376.0,55.0,44.7536,8.1688,57.6659,58.9724,37.1945,28.3612,8.1133,44.227,True,goss,8.17
1150,25.708,43.431,313.97,5887.0,133.222,486.0,24.88,47.7413,32.6867,49.6561,43.8063,17.7276,18.3631,31.5398,43.431,False,Other/Random,32.69
1151,155.456,43.599,218.38,6262.81,141.359,1431.0,42.68,45.6396,26.7943,53.1462,44.4395,20.1084,18.9745,25.8617,43.599,False,Other/Random,26.79
1152,208.507,10.569,124.37,7542.41,134.235,459.0,24.17,29.0735,46.0109,20.7457,46.7527,20.2336,44.6711,27.9513,10.569,True,Other/Random,20.75
1153,166.947,37.474,220.34,9931.24,147.876,3699.0,68.63,46.0657,32.4993,41.3131,50.2306,27.6785,28.3914,30.8458,37.474,False,Other/Random,32.5
1154,172.603,7.348,159.93,11125.68,135.0,774.0,31.39,28.4146,46.1496,18.9994,52.1216,17.8572,49.0545,27.4219,7.348,True,Other/Random,19.0
1155,209.406,27.005,180.73,11170.27,143.912,1836.0,48.35,40.2554,34.8824,30.7587,54.3581,14.9472,29.3668,30.0581,27.005,True,Other/Random,30.76
1156,169.989,46.706,214.65,11300.75,164.325,5715.0,85.3,52.4827,28.6157,50.7224,46.366,24.0231,28.0196,28.6109,44.2122,False,Other/Random,28.62
1157,161.17,30.705,229.94,11609.52,163.666,7083.0,94.97,43.4424,39.2558,33.6316,47.4465,29.019,29.4728,34.7603,30.705,False,Other/Random,33.63
1158,171.82,43.175,217.83,11884.51,144.663,5211.0,81.45,51.9714,32.4882,45.6994,48.4984,26.5489,29.7417,32.2811,43.175,False,Other/Random,32.49
1159,241.322,46.482,134.23,15523.28,155.177,3249.0,64.32,48.8775,42.8714,54.5845,31.4543,24.4663,15.0323,39.8597,46.482,False,Other/Random,31.45
1160,170.984,21.633,175.1,16764.7,131.625,504.0,25.33,25.6775,26.9107,37.7179,50.7932,31.4741,38.716,13.6896,21.633,True,Other/Random,25.68
1161,219.519,49.845,150.86,531.06,164.867,3645.0,68.12,50.8465,29.2578,50.6608,44.5561,28.2501,6.5332,29.1211,49.845,True,Other/Random,29.26
1162,196.815,41.544,134.28,1145.05,124.895,171.0,14.76,50.2426,35.4621,44.424,49.8301,23.3767,24.5767,34.5811,41.544,False,Other/Random,35.46
1163,193.429,34.602,184.68,2316.62,146.071,1512.0,43.88,38.9254,20.1609,43.5687,56.7711,27.8329,29.5104,17.4806,34.602,False,Other/Random,20.16
1164,164.649,32.085,214.34,2385.59,146.333,1377.0,41.87,37.1556,27.3248,41.0875,46.0972,30.1887,29.993,22.6653,32.085,False,Other/Random,27.32
1165,319.876,56.033,44.57,2844.49,132.164,657.0,28.92,56.1949,37.1698,55.1989,41.1915,12.7313,4.2168,37.1159,50.6415,True,Other/Random,37.17
1166,184.147,14.23,133.67,3068.89,148.08,4752.0,77.78,44.4146,52.149,14.5047,57.7776,10.8862,44.6471,42.3198,14.23,True,rotated_cube,14.5
1167,359.99,28.187,14.56,3501.67,146.446,3996.0,71.33,31.6531,22.2016,41.2656,51.5066,32.7555,38.5888,14.5512,28.187,True,Other/Random,22.2
1168,328.155,40.877,43.09,4260.0,123.0,27.0,5.86,42.3316,29.241,52.5482,38.9301,18.6475,16.8894,26.7606,40.877,False,Other/Random,29.24
1169,169.894,34.924,212.0,4682.4,143.643,1287.0,40.48,41.0373,26.9683,41.6761,49.9429,30.8198,31.0439,24.338,34.924,False,Other/Random,26.97
1170,166.448,17.031,175.25,5387.91,144.095,1134.0,38.0,24.9508,33.1026,31.5842,49.9712,26.9386,40.883,18.1461,17.031,False,Other/Random,24.95
1171,23.497,46.611,319.35,5644.6,140.735,1629.0,45.54,49.5013,29.3836,53.8946,46.3211,17.6535,18.4383,29.0481,46.611,False,Other/Random,29.38
1172,326.668,5.498,16.14,5661.0,121.5,18.0,4.79,18.0434,43.4039,28.3358,46.1098,27.7762,49.3598,17.3277,5.498,True,Other/Random,18.04
1173,132.301,35.797,243.31,5754.79,160.826,5634.0,84.7,38.9505,40.686,46.008,29.0895,15.7865,19.0319,33.0411,35.797,False,Other/Random,29.09
1174,14.538,47.778,315.54,5904.95,128.211,342.0,20.87,55.9048,36.028,49.9674,44.6145,20.1418,24.6087,35.998,44.2062,False,Other/Random,36.03
1175,182.771,21.832,168.28,6118.68,137.225,1323.0,41.04,23.5743,25.0043,41.9576,48.0022,37.0884,40.4671,9.2048,21.832,True,Other/Random,23.57
1176,129.543,8.195,199.44,7111.81,138.239,1242.0,39.77,32.0556,48.8843,16.1972,50.7212,14.0594,46.5822,31.3072,8.195,True,Other/Random,16.2
1177,211.119,43.739,135.65,7435.1,153.789,6021.0,87.56,45.6023,30.6607,53.5969,40.2571,16.4253,15.1702,29.1673,43.739,False,Other/Random,30.66
1178,277.956,19.75,71.13,8998.97,136.966,522.0,25.78,22.5388,45.769,39.2469,28.1839,28.1837,40.2165,22.0608,19.75,False,Other/Random,22.54
1179,203.313,16.312,142.28,9548.7,143.371,2061.0,51.23,21.731,34.8586,34.5782,41.581,33.0789,39.8965,16.5027,16.312,False,Other/Random,21.73
1180,109.938,6.962,273.4,10408.5,121.5,36.0,6.77,24.3405,49.9594,22.7406,44.3274,22.6744,48.4905,24.3193,6.962,True,Other/Random,22.74
1181,345.151,46.524,39.73,14275.52,148.165,3384.0,65.64,52.4314,31.2005,50.4651,46.7507,21.0423,24.552,31.1201,45.4582,False,Other/Random,31.2
1182,42.849,36.731,301.8,14559.44,133.267,810.0,32.11,39.7075,37.9636,46.8805,31.6757,16.2305,18.0683,31.8357,36.731,False,Other/Random,31.68
1183,337.002,31.078,49.14,15660.52,151.599,2736.0,59.02,40.4024,36.421,36.231,43.9318,28.2556,27.716,31.208,31.078,False,Other/Random,36.23
1184,313.14,17.381,78.42,17116.43,153.784,3825.0,69.79,35.9228,50.2381,21.9396,43.0655,21.8892,37.3667,34.9699,17.381,False,Other/Random,21.94
1185,12.297,38.634,324.92,871.72,179.225,6408.0,90.33,44.6294,27.8479,44.3541,50.2047,27.536,28.3621,26.4671,38.634,False,Other/Random,27.85
1186,199.973,45.487,132.75,1130.44,165.658,2052.0,51.11,52.6637,35.9355,48.6464,48.2688,18.9632,21.1985,35.529,45.487,False,Other/Random,35.94
1187,219.11,50.832,132.72,1296.78,136.448,522.0,25.78,51.4413,35.6185,56.0973,38.2648,10.8976,6.0999,35.0035,50.832,True,Other/Random,35.62
1188,179.123,13.675,181.52,1307.83,126.5,162.0,14.36,13.69,31.3354,46.3153,46.6577,44.4012,45.609,0.6993,13.675,True,cube,13.69
1189,329.985,20.315,51.47,3575.58,146.854,1476.0,43.35,29.4648,38.3085,31.0037,40.7108,29.5713,35.3859,24.9923,20.315,False,Other/Random,29.46
1190,333.583,7.525,43.53,3590.14,126.857,63.0,8.96,18.6831,42.4378,28.865,44.3542,28.5681,47.6444,17.6196,7.525,True,Other/Random,18.68
1191,0.94,10.581,16.32,3621.12,149.567,2745.0,59.12,20.2242,38.3582,29.6525,47.8012,28.1463,47.5245,17.2449,10.581,True,Other/Random,20.22
1192,176.173,26.312,162.06,4132.52,142.052,1746.0,47.15,34.0257,28.1915,34.965,53.2011,26.1168,37.8183,21.4355,26.312,False,Other/Random,28.19
1193,188.226,43.574,148.07,5601.0,124.5,18.0,4.79,49.327,26.6882,48.271,49.6743,27.0654,29.6471,26.5191,43.574,False,Other/Random,26.69
1194,356.102,28.61,42.72,5609.95,141.763,531.0,26.0,47.8957,42.7593,29.2558,56.2887,21.2871,36.7292,39.3338,28.61,False,Other/Random,29.26
1195,141.769,27.492,244.04,6438.78,155.592,2448.0,55.83,37.5372,42.5621,33.4215,37.9869,27.6711,27.5706,33.1313,27.492,False,Other/Random,33.42
1196,203.462,33.124,134.29,7071.88,153.657,2547.0,56.95,39.7275,33.0408,40.004,42.8699,26.0636,26.0322,28.4493,33.124,False,Other/Random,33.04
1197,279.45,9.546,112.57,7261.44,165.179,5742.0,85.5,33.377,54.6034,16.1002,47.1321,15.4108,47.1935,33.3581,9.546,True,Other/Random,16.1
1198,4.869,37.83,33.86,8696.31,146.38,1089.0,37.24,53.626,38.3042,38.3275,53.0068,23.286,32.977,37.8096,37.83,False,Other/Random,38.3
1199,344.631,46.917,32.55,9501.06,139.34,927.0,34.36,49.7964,24.5032,54.1406,48.7012,22.8593,24.1162,24.4696,45.2313,False,Other/Random,24.5
1200,319.438,39.921,39.34,11687.62,135.064,423.0,23.21,39.9389,28.8489,58.5772,35.5669,22.0791,15.1627,25.3517,39.921,False,Other/Random,28.85
1201,28.571,49.948,320.07,12375.38,147.79,3420.0,65.99,51.1424,29.5487,59.6114,44.8681,15.5745,13.8339,29.4279,47.7593,True,Other/Random,29.55
1202,224.276,56.293,132.92,12511.88,132.656,288.0,19.15,56.3571,39.725,53.9126,38.6932,12.5411,1.6678,39.5314,53.4433,True,Other/Random,38.69
1203,164.545,19.99,219.51,12733.27,147.905,2178.0,52.66,31.1824,36.8246,28.876,45.9911,25.7659,38.2427,25.4527,19.99,False,Other/Random,28.88
1204,216.594,55.499,136.2,13415.04,140.517,783.0,31.57,55.928,35.6077,55.5928,42.8143,11.942,6.9356,35.5902,48.5729,True,Other/Random,35.61
1205,13.822,35.515,327.09,481.02,154.913,2682.0,58.44,40.1734,25.7667,43.7154,47.8795,29.0339,28.8662,22.9465,35.515,False,Other/Random,25.77
1206,348.294,43.533,350.92,1475.69,164.891,1971.0,50.1,48.0224,19.3316,49.5265,56.2367,27.3527,27.2972,19.3143,43.533,False,Other/Random,19.33
1207,160.897,44.303,220.95,2606.86,145.547,1152.0,38.3,49.1525,30.3581,49.7169,48.3249,20.4649,22.1498,29.8661,44.303,False,Other/Random,30.36
1208,317.261,53.943,40.32,3420.43,152.625,2592.0,57.45,53.9931,35.2188,54.1614,40.4699,18.447,2.0007,35.0705,53.5761,True,Other/Random,35.22
1209,156.428,15.119,225.57,3756.91,156.168,2727.0,58.92,26.6398,39.7351,27.4699,43.8747,26.171,40.9215,23.4637,15.119,False,Other/Random,26.64
1210,197.939,39.321,137.14,4917.18,176.767,12290.0,125.07,46.2877,32.2831,43.9696,47.6797,24.1455,24.8535,30.7441,39.321,False,Other/Random,32.28
1211,202.357,11.48,188.43,7338.36,147.947,1368.0,41.73,32.8092,44.8856,18.2517,54.0244,14.4741,44.293,30.6619,11.48,True,Other/Random,18.25
1212,6.636,32.523,27.26,8674.18,139.607,504.0,25.33,46.6421,34.9576,34.3178,59.274,20.4959,33.7979,33.0335,32.523,False,Other/Random,34.32
1213,185.585,9.712,189.06,9639.04,151.519,2187.0,52.77,17.558,38.0292,31.836,47.8611,30.5171,47.5079,14.5951,9.712,True,Other/Random,17.56
1214,165.472,36.593,170.96,10501.78,183.995,7785.0,99.56,43.3063,23.7018,42.2211,60.363,23.7735,27.9869,22.4287,36.593,False,Other/Random,23.7
1215,178.629,37.238,211.93,11370.37,156.27,2403.0,55.31,47.8253,31.8442,39.8473,54.4117,27.0815,35.1871,30.8485,37.238,False,Other/Random,31.84
1216,180.013,18.375,199.29,11702.66,142.642,477.0,24.64,26.5902,32.7825,31.5006,49.1691,27.2281,43.1173,19.3023,18.375,False,Other/Random,26.59
1217,220.419,58.077,128.41,12521.2,135.0,135.0,13.11,59.0496,42.207,48.7594,40.7161,5.8999,5.0709,42.1281,49.7458,True,Other/Random,40.72
1218,136.741,56.741,220.85,12825.89,155.456,1539.0,44.27,56.7879,37.2053,52.6446,41.6924,18.1765,2.4681,37.1837,52.4847,True,Other/Random,37.21
1219,350.399,35.687,25.07,13337.88,169.498,6291.0,89.5,38.7951,20.9262,46.0124,49.9812,32.1247,30.9974,18.1022,35.687,False,Other/Random,20.93
1220,207.163,32.616,172.11,13698.82,187.303,11650.0,121.77,37.7511,24.8035,41.3237,49.9324,24.8374,25.1437,20.9209,32.616,False,Other/Random,24.8
1221,343.956,35.106,34.71,15705.08,149.237,1062.0,36.77,39.6215,26.4506,43.6349,46.5368,28.2093,27.971,23.2527,35.106,False,Other/Random,26.45
1222,303.612,34.839,77.86,15807.17,158.464,6048.0,87.75,40.7489,48.8194,41.8344,27.3605,18.2393,21.3891,38.3105,34.839,False,Other/Random,27.36
1223,194.343,41.238,137.65,231.88,156.71,1863.0,48.7,49.5043,33.487,44.4606,50.8932,24.6279,26.2134,32.7012,41.238,False,Other/Random,33.49
1224,151.75,10.852,180.09,718.38,164.178,3942.0,70.85,30.1392,43.997,20.0125,51.4292,16.8384,44.4201,28.1616,10.852,True,Other/Random,20.01
1225,187.517,31.712,162.53,1728.0,141.568,999.0,35.66,33.1989,18.1678,46.9279,49.5403,36.4956,33.7231,11.7385,31.712,True,Other/Random,18.17
1226,157.848,50.057,223.53,2355.12,144.865,936.0,34.52,54.1591,33.0782,55.0241,45.7254,14.9614,18.639,33.0462,44.7576,True,Other/Random,33.08
1227,171.772,42.825,214.46,2415.6,148.438,1314.0,40.9,49.8964,29.1589,46.5794,49.6517,27.0016,29.769,28.9046,42.825,False,Other/Random,29.16
1228,181.427,28.569,150.74,2745.1,145.75,540.0,26.22,39.6823,32.4827,33.2378,53.2343,24.1703,37.8199,28.0143,28.569,False,Other/Random,32.48
1229,161.35,44.544,180.14,4249.82,149.477,981.0,35.34,48.0554,18.5564,51.4787,59.6612,26.4499,22.3748,18.5505,44.544,False,Other/Random,18.56
1230,14.921,37.238,326.28,5246.24,146.52,675.0,29.32,41.5635,25.621,45.263,47.8464,27.586,27.4773,23.4348,37.238,False,Other/Random,25.62
1231,240.465,12.371,90.2,5831.69,172.614,3429.0,66.08,31.784,51.9073,19.9369,43.6199,19.8679,42.9004,31.6173,12.371,True,Other/Random,19.94
1232,156.34,47.42,221.97,6239.32,151.629,630.0,28.32,50.6411,30.6483,54.0346,46.5805,16.6385,18.0772,30.392,47.42,False,Other/Random,30.65
1233,204.863,34.743,138.54,6794.91,162.853,3483.0,66.59,38.3931,28.9963,44.5963,41.5416,24.5825,24.3154,24.6727,34.743,False,Other/Random,29.0
1234,17.097,46.027,321.03,8813.58,157.875,1872.0,48.82,50.7035,29.5375,51.2268,48.2169,20.5639,23.051,29.3674,46.027,False,Other/Random,29.54
1235,29.866,43.394,350.22,8892.43,131.571,63.0,8.96,47.6128,23.8799,49.7363,53.4314,23.2104,16.0507,23.6439,43.394,False,Other/Random,23.88
1236,211.186,45.716,129.97,10085.94,169.093,3951.0,70.93,49.2542,35.3866,52.319,41.0243,13.4751,13.8972,34.2449,45.716,True,Other/Random,35.39
1237,208.38,11.67,113.16,10406.67,163.671,3312.0,64.94,40.1274,53.2293,13.3721,52.5848,12.7658,43.6415,39.2847,11.67,True,rotated_cube,13.37
1238,155.996,37.518,227.59,10728.1,168.509,3501.0,66.77,44.0888,34.0582,43.0072,43.6508,22.7708,22.7542,31.3136,37.518,False,Other/Random,34.06
1239,162.527,41.549,222.37,11252.97,154.5,756.0,31.03,48.1528,32.0479,45.9625,48.6537,22.8602,24.1713,31.1126,41.549,False,Other/Random,32.05
1240,303.726,18.996,69.52,14203.05,136.696,207.0,16.23,23.1234,41.8967,36.8763,31.9645,29.0839,36.2396,21.4143,18.996,False,Other/Random,23.12
1241,157.04,8.909,226.78,14239.52,157.732,639.0,28.52,25.409,44.4681,22.9577,46.656,22.4369,46.5602,24.302,8.909,True,Other/Random,22.96
1242,335.151,29.068,12.24,15000.26,155.245,1287.0,40.48,31.6308,22.9823,43.2597,46.3086,31.3933,28.7127,15.2775,29.068,False,Other/Random,22.98
1243,309.93,12.661,79.04,15691.5,129.0,18.0,4.79,31.5615,49.761,20.4013,44.007,20.3908,42.1344,31.0667,12.661,True,Other/Random,20.4
1244,130.912,50.291,222.45,15927.36,164.292,5112.0,80.68,50.6989,36.9902,56.5742,35.8586,20.0692,5.501,35.9914,50.291,True,Other/Random,35.86
1245,350.63,26.346,25.35,16187.46,164.495,3960.0,71.01,30.7401,26.1503,39.0041,47.0581,33.0385,35.7179,17.4235,26.346,False,Other/Random,26.15
1246,58.977,13.36,277.46,658.69,172.238,4581.0,76.37,27.0403,48.1684,25.218,39.7942,25.2062,41.8575,26.6675,13.36,True,Other/Random,25.22
1247,295.748,41.129,52.18,2106.65,190.031,10930.0,117.95,42.7903,42.813,52.2363,25.946,20.8168,19.6268,36.6491,41.129,False,Other/Random,25.95
1248,220.062,12.15,116.84,3807.59,154.311,1998.0,50.44,26.0602,44.5905,25.0103,42.5545,24.7818,42.6396,24.9099,12.15,True,Other/Random,25.01
1249,169.702,19.586,168.5,3836.7,147.18,450.0,23.94,29.2253,32.894,30.2767,53.0658,24.1392,39.7389,21.4776,19.586,False,Other/Random,29.23
1250,177.636,21.385,166.65,4164.53,152.118,1071.0,36.93,26.4834,28.1435,36.1243,50.0529,30.5235,40.8324,15.5747,21.385,False,Other/Random,26.48
1251,182.285,32.347,138.47,4737.99,170.475,4887.0,78.88,50.4485,41.6462,32.8415,57.7782,23.1663,36.0272,39.615,32.347,False,Other/Random,32.84
1252,202.57,33.535,139.63,5914.45,176.175,5859.0,86.37,37.8461,29.0172,42.9315,42.6341,26.2307,26.0782,24.3909,33.535,False,Other/Random,29.02
1253,184.458,45.482,133.29,6893.01,160.377,3825.0,69.79,61.3047,43.6819,45.5605,44.6942,28.5458,32.0894,43.6736,44.694,False,Other/Random,43.68
1254,356.529,15.189,338.97,8923.55,158.004,2169.0,52.55,28.7659,38.2151,25.4646,50.9849,21.8183,44.1655,24.3959,15.189,False,Other/Random,25.46
1255,335.203,21.902,20.66,9182.96,165.246,549.0,26.44,22.2846,26.4308,46.1403,41.688,37.7421,34.7638,9.3501,21.902,True,Other/Random,22.28
1256,53.378,21.185,298.32,9216.66,165.557,3249.0,64.32,22.7363,38.6971,42.1908,30.3626,27.0155,33.8757,19.6486,21.185,False,Other/Random,22.74
1257,200.404,49.225,142.12,9449.5,164.895,3348.0,65.29,52.0525,28.4228,55.976,47.0384,18.0574,20.0697,28.4081,44.7841,False,Other/Random,28.42
1258,211.302,50.954,144.71,9595.83,154.81,1611.0,45.29,51.0994,27.605,56.7935,44.9938,19.2452,11.5396,27.5626,48.4255,True,Other/Random,27.61
1259,164.162,49.216,218.58,9769.93,155.384,1710.0,46.66,53.7158,30.3187,53.7282,44.8897,19.2167,23.5087,30.3184,43.2448,False,Other/Random,30.32
1260,225.277,56.212,126.51,11227.31,156.837,1323.0,41.04,56.7604,43.0665,49.4118,36.5027,6.804,1.4939,42.5867,53.8067,True,Other/Random,36.5
1261,332.365,51.812,39.13,11394.0,133.5,18.0,4.79,52.9857,29.7573,60.2762,46.4809,15.2806,14.1991,29.7505,45.8674,True,Other/Random,29.76
1262,192.438,38.874,133.35,11647.5,132.0,36.0,6.77,51.3433,38.7137,40.2873,52.3677,28.0017,28.1915,37.6013,38.874,False,Other/Random,38.71
1263,73.275,5.161,313.16,11670.93,152.743,1260.0,40.05,26.9253,49.7867,19.263,48.0345,18.8155,50.231,26.7972,5.161,True,Other/Random,19.26
1264,24.885,49.335,322.4,11821.05,179.908,3519.0,66.94,50.8477,27.6837,58.4014,46.9468,17.4878,16.7077,27.6208,46.5196,False,Other/Random,27.68
1265,157.693,39.163,227.32,12006.62,170.696,6741.0,92.64,46.2035,34.4719,43.7894,45.2582,22.3692,22.5758,32.4856,39.163,False,Other/Random,34.47
1266,26.313,44.979,315.29,12331.2,139.0,135.0,13.11,48.4145,31.7773,51.9035,43.8513,16.6507,17.2323,30.948,44.979,False,Other/Random,31.78
1267,314.319,53.069,43.49,13959.34,143.282,639.0,28.52,53.1109,37.0556,56.3033,37.6813,16.9374,1.7551,36.6085,53.069,True,Other/Random,37.06
1268,329.261,41.344,55.14,14532.5,166.014,3888.0,70.36,47.7346,38.6098,45.9895,40.9243,17.5778,17.0227,36.2793,41.344,False,Other/Random,38.61
1269,326.184,26.741,20.46,15343.37,149.328,1125.0,37.85,29.8364,27.4278,41.2079,42.1518,30.843,28.8347,17.7965,26.741,False,Other/Random,27.43
1270,7.523,19.185,0.29,16222.04,149.96,675.0,29.32,20.7011,26.9418,41.6881,48.1906,37.2032,40.6924,7.7975,19.185,True,Other/Random,20.7
1271,17.036,40.24,321.76,1862.8,152.9,270.0,18.54,45.279,28.4642,46.497,47.941,24.2699,24.9626,27.204,40.24,False,Other/Random,28.46
1272,10.774,7.437,20.19,6012.96,156.741,1494.0,43.61,31.8233,48.0926,15.8758,54.123,14.4167,48.7096,30.9035,7.437,True,Other/Random,15.88
1273,168.919,43.108,217.99,6708.66,185.961,4815.0,78.3,50.4756,31.0189,46.583,49.2394,25.123,27.8067,30.7067,43.108,False,Other/Random,31.02
1274,206.083,22.941,127.45,6972.07,148.304,828.0,32.47,34.8909,39.8093,29.4135,43.2543,27.2845,33.6174,29.8209,22.941,False,Other/Random,29.41
1275,171.421,6.021,148.93,7007.33,162.095,2286.0,53.95,40.0854,54.8438,8.0535,58.6521,6.3048,49.978,39.6109,6.021,True,rotated_cube,8.05
1276,215.09,53.86,139.11,7502.77,151.188,1386.0,42.01,54.1482,32.8322,57.1706,43.3416,14.5026,8.0914,32.8067,48.639,True,Other/Random,32.83
1277,2.223,38.545,334.3,8972.71,154.846,1287.0,40.48,44.8986,24.9218,43.9467,55.116,30.5803,34.4111,23.9986,38.545,False,Other/Random,24.92
1278,19.028,40.772,318.55,11445.72,163.925,1431.0,42.68,46.2996,30.5574,46.3721,47.1256,22.7362,23.5662,29.3054,40.772,False,Other/Random,30.56
1279,310.299,38.09,41.71,12136.21,166.441,3222.0,64.05,38.8887,33.1724,52.6246,32.2881,23.9267,16.9812,28.0883,38.09,False,Other/Random,32.29
1280,151.177,24.847,233.83,12762.23,140.538,117.0,12.21,35.1121,38.9892,31.793,41.4748,29.7768,31.4153,29.5146,24.847,False,Other/Random,31.79
1281,231.384,53.514,134.36,13783.97,174.821,3420.0,65.99,53.7988,40.5462,56.5216,35.2808,18.2141,5.3141,39.7784,51.0823,True,Other/Random,35.28
1282,334.967,43.306,47.84,14365.45,168.94,2097.0,51.67,48.6878,34.3776,48.417,44.4817,18.0204,18.8256,33.2375,43.306,False,Other/Random,34.38
1283,0.431,33.929,15.14,16427.56,156.55,1080.0,37.08,37.2357,19.0092,44.6282,54.2974,32.8855,36.5135,15.4994,33.929,False,Other/Random,19.01
1284,170.139,35.75,216.91,373.62,156.077,1764.0,47.39,44.5615,31.3912,39.8718,51.2822,30.2124,30.8331,29.3972,35.75,False,Other/Random,31.39
1285,162.385,44.894,223.4,2724.86,170.959,3321.0,65.03,51.4379,33.231,48.6371,48.51,20.4891,22.9708,32.8805,44.894,False,Other/Random,33.23
1286,168.264,19.136,163.84,2964.47,164.183,2016.0,50.66,33.7209,37.2148,25.6126,55.0967,18.6773,39.7134,27.5105,19.136,False,Other/Random,25.61
1287,178.811,11.611,142.77,3006.34,163.493,1827.0,48.23,40.0717,50.414,13.3408,56.7298,9.9894,46.8333,38.3953,11.611,True,rotated_cube,13.34
1288,22.542,5.448,354.59,3390.0,145.2,180.0,15.14,17.9712,43.0711,28.3852,47.0363,27.8481,49.7305,17.1637,5.448,True,Other/Random,17.97
1289,222.994,36.277,126.5,4195.13,159.111,1458.0,43.09,37.7185,35.0384,49.6548,31.2015,16.9727,18.5121,28.7196,36.277,False,Other/Random,31.2
1290,206.788,12.333,131.82,5467.33,149.026,693.0,29.7,24.6566,41.4808,26.5948,43.8755,25.8459,43.1397,22.5783,12.333,True,Other/Random,24.66
1291,86.861,2.149,246.7,5499.12,159.924,1782.0,47.63,26.5246,51.5534,18.6839,50.0007,18.6474,53.1482,26.5219,2.149,True,Other/Random,18.68
1292,358.511,16.834,16.14,7586.73,165.308,2106.0,51.78,22.282,31.7658,34.6089,47.5737,31.3148,43.6061,14.721,16.834,True,Other/Random,22.28
1293,176.196,32.155,217.23,7837.88,179.815,5706.0,85.24,46.0608,36.5725,34.1228,54.9063,24.5173,35.3362,34.0611,32.155,False,Other/Random,34.12
1294,212.5,21.92,113.18,8066.04,179.376,4671.0,77.12,40.5446,47.9427,24.3547,45.5275,23.3942,33.5718,37.7964,21.92,False,Other/Random,24.35
1295,346.19,26.965,49.52,8885.87,168.797,576.0,27.08,44.4808,42.7904,28.4924,51.1598,23.6313,33.7671,37.6044,26.965,False,Other/Random,28.49
1296,168.581,42.585,221.1,10821.65,173.993,3672.0,68.38,51.5105,33.836,45.1358,49.2157,25.2296,27.7009,33.4391,42.585,False,Other/Random,33.84
1297,332.563,52.039,38.89,11399.12,148.235,153.0,13.96,53.1985,29.6884,60.3009,46.7498,15.3527,14.3304,29.6864,45.5934,True,Other/Random,29.69
1298,223.226,50.015,139.39,12472.5,146.769,234.0,17.26,50.079,33.5575,56.8602,38.1379,18.8509,4.925,32.8993,50.015,True,Other/Random,33.56
1299,171.793,30.921,206.85,12798.86,159.233,1044.0,36.46,35.9886,25.1737,40.4203,49.1509,32.3665,33.7693,20.2211,30.921,False,Other/Random,25.17
1300,326.421,49.268,45.17,13443.05,159.446,1575.0,44.78,50.5302,33.0049,57.7771,40.9926,12.4945,10.5176,32.5088,49.268,True,Other/Random,33.0
1301,6.115,25.482,8.35,13505.91,169.748,3753.0,69.13,29.2422,23.8918,39.5756,52.827,31.5208,37.3802,14.1157,25.482,True,Other/Random,23.89
1302,187.479,41.508,133.23,15989.94,164.432,1665.0,46.04,56.5514,41.7588,41.8816,48.9466,29.325,30.5113,41.399,41.508,False,Other/Random,41.76
1303,307.974,24.807,73.89,16769.61,149.053,855.0,32.99,32.9532,45.1696,33.7972,32.8652,26.8925,30.2227,30.8862,24.807,False,Other/Random,32.87
1304,332.123,43.795,54.45,963.87,179.405,5535.0,83.95,50.885,39.3138,47.3374,43.6823,17.1102,16.9072,37.9508,43.795,False,Other/Random,39.31
1305,328.349,52.328,48.08,2854.57,152.283,414.0,22.96,54.6725,36.3072,53.9375,43.4819,9.1304,10.9913,36.1631,47.6396,True,Other/Random,36.31
1306,156.541,44.426,178.39,4279.24,173.346,2313.0,54.27,50.6973,24.6354,48.4847,59.5777,20.4209,19.2766,24.6331,44.426,False,Other/Random,24.64
1307,38.326,54.131,323.15,6472.89,164.831,1116.0,37.7,54.1496,32.2684,52.8693,43.4885,19.6732,5.4614,32.2558,50.5264,True,Other/Random,32.27
1308,337.853,17.748,36.85,7543.29,159.691,1368.0,41.73,23.0095,33.8455,35.0073,41.7419,33.1628,38.81,16.9628,17.748,False,Other/Random,23.01
1309,358.676,10.682,330.3,7788.49,159.818,891.0,33.68,32.7687,45.885,17.5746,52.9593,15.3194,47.4054,31.0019,10.682,True,Other/Random,17.57
1310,346.63,4.955,27.93,8203.92,164.437,2061.0,51.23,15.3757,42.8003,30.8312,45.7341,30.6081,50.5622,14.652,4.955,True,Other/Random,15.38
1311,200.281,29.578,124.53,9827.97,155.7,990.0,35.5,45.6654,43.5671,31.1282,48.5845,27.3951,29.7485,38.7355,29.578,False,Other/Random,31.13
1312,240.008,15.256,108.14,9877.03,147.281,288.0,19.15,19.2973,42.6523,36.4005,33.6503,31.9686,40.1355,18.2541,15.256,False,Other/Random,19.3
1313,224.906,48.254,124.67,11053.09,187.922,4131.0,72.52,49.3012,39.9015,53.7439,32.6345,7.1865,6.482,37.8634,48.254,True,Other/Random,32.63
1314,224.012,50.766,129.7,11071.12,160.886,630.0,28.32,51.1283,38.1875,55.0173,35.0017,9.8252,4.0467,37.1063,50.766,True,Other/Random,35.0
1315,134.356,41.353,236.45,12698.57,173.809,2538.0,56.85,42.6817,38.0136,53.1771,30.1393,11.8033,13.391,33.521,41.353,True,Other/Random,30.14
1316,187.728,16.668,197.92,12772.57,157.602,792.0,31.76,30.512,37.6282,25.4887,52.6614,20.6631,42.315,25.4169,16.668,False,Other/Random,25.49
1317,190.279,19.921,183.63,12991.0,142.0,27.0,5.86,24.256,28.449,36.7925,49.7854,31.3296,39.5143,13.7469,19.921,True,Other/Random,24.26
1318,27.481,27.418,314.22,13933.29,145.286,63.0,8.96,32.866,32.9592,38.0918,39.8122,28.546,29.4206,24.1773,27.418,False,Other/Random,32.87
1319,28.833,46.214,328.09,14219.77,165.254,1278.0,40.34,46.3107,23.5103,59.3469,44.5463,23.0158,15.061,23.0687,46.214,False,Other/Random,23.51
1320,204.019,32.19,124.34,904.58,159.5,324.0,20.31,44.8413,41.3806,34.7841,45.557,28.7764,26.5255,36.8995,32.19,False,Other/Random,34.78
1321,290.189,9.514,52.41,1286.73,181.573,3915.0,70.6,19.8145,44.532,29.1627,40.6001,28.1594,46.2185,19.2645,9.514,True,Other/Random,19.81
1322,183.026,44.614,167.06,1695.04,165.101,1341.0,41.32,45.6473,11.0076,56.198,55.8429,36.3562,33.142,10.9898,44.614,True,goss,11.01
1323,154.096,49.537,222.16,2634.47,161.876,873.0,33.34,51.9758,31.1288,56.8138,46.0921,14.7269,15.9081,31.009,46.8129,True,Other/Random,31.13
1324,188.437,17.548,173.18,2805.39,157.258,279.0,18.85,17.6218,27.7439,46.6384,45.9351,42.9819,41.5641,2.8177,17.548,True,Other/Random,17.62
1325,163.698,30.107,180.08,2829.29,158.135,936.0,34.52,34.11,21.9998,41.4172,52.3603,28.7672,30.8271,16.2328,30.107,False,Other/Random,22.0
1326,216.353,26.19,127.84,4338.86,172.764,3321.0,65.03,30.5189,35.1184,39.0281,35.7178,26.7673,29.0329,23.9181,26.19,False,Other/Random,30.52
1327,190.503,47.008,148.8,4793.98,178.945,2943.0,61.21,51.125,25.1198,52.6002,47.3614,24.7475,27.6375,25.1195,44.012,False,Other/Random,25.12
1328,199.988,27.163,195.6,6159.12,193.658,9837.0,111.91,44.5014,38.2232,28.7184,60.3206,13.0944,31.6283,34.5774,27.163,True,Other/Random,28.72
1329,179.33,36.132,211.44,6747.66,170.64,1800.0,47.87,47.123,32.1487,38.746,55.5052,26.1619,35.8362,30.9011,36.132,False,Other/Random,32.15
1330,175.361,40.156,212.86,7171.98,170.565,2853.0,60.27,48.7435,29.9879,43.3867,51.8792,30.3273,32.5979,29.4498,40.156,False,Other/Random,29.99
1331,228.14,46.944,116.42,10872.35,184.733,3303.0,64.85,49.2811,44.5744,50.8933,30.0079,5.927,8.1614,41.2115,46.944,True,Other/Random,30.01
1332,239.223,48.546,128.74,11093.79,176.101,2133.0,52.11,49.1557,43.1735,60.3725,28.4129,17.5407,12.7318,40.1942,48.546,True,Other/Random,28.41
1333,101.139,43.066,235.36,11137.42,183.134,3825.0,69.79,48.792,50.1534,47.9048,27.7661,26.8853,27.7771,45.6086,43.066,False,Other/Random,27.77
1334,205.301,39.123,136.41,11409.11,177.448,2349.0,54.69,43.0346,30.3393,47.0749,42.5138,21.2028,21.1002,27.9425,39.123,False,Other/Random,30.34
1335,278.397,5.279,41.22,12335.63,181.438,3285.0,64.67,40.7123,58.0011,7.0121,56.3143,5.681,50.5645,40.6269,5.279,True,rotated_cube,7.01
1336,277.633,4.549,56.27,12526.66,190.219,4563.0,76.22,26.4837,50.4398,19.4378,48.006,19.1822,51.171,26.4332,4.549,True,Other/Random,19.44
1337,196.201,23.479,184.74,12985.69,166.183,1872.0,48.82,31.3627,29.5364,33.4956,52.3978,24.5181,35.4505,20.6328,23.479,False,Other/Random,29.54
1338,195.492,34.401,149.06,13829.2,176.293,2367.0,54.9,37.6145,23.7747,45.0582,46.3922,29.544,28.6169,19.9729,34.401,False,Other/Random,23.77
1339,190.841,6.867,127.64,14193.0,156.675,720.0,30.28,42.0583,56.263,7.698,58.0621,6.5592,49.1568,41.6113,6.867,True,rotated_cube,7.7
1340,310.283,29.438,68.53,15459.91,179.59,3816.0,69.7,34.8237,42.6779,39.2065,30.4083,21.8853,25.4792,31.2495,29.438,False,Other/Random,30.41
1341,349.568,30.233,43.7,16653.57,167.094,477.0,24.64,44.6638,38.7198,32.38,51.6848,25.6137,33.1376,35.0053,30.233,False,Other/Random,32.38
1342,185.824,21.407,171.4,16690.67,172.067,3240.0,64.23,21.5842,24.0531,47.1185,47.1716,41.9156,39.7768,3.8188,21.407,True,Other/Random,21.58
1343,267.764,6.271,115.1,334.63,152.829,315.0,20.03,23.6974,49.2262,22.9965,44.8037,22.6889,50.2549,23.6497,6.271,True,Other/Random,23.0
1344,2.561,44.445,358.9,2525.93,186.32,6327.0,89.75,44.4678,2.0183,61.4335,61.4096,43.2299,33.4758,1.9354,44.445,True,goss,2.02
1345,37.996,43.14,320.71,2584.79,158.838,333.0,20.59,43.1585,28.6027,60.6573,37.4822,20.1834,12.7287,26.5726,43.14,True,Other/Random,28.6
1346,304.422,18.424,41.93,2889.5,161.761,1692.0,46.41,22.8933,37.8677,36.2473,35.8105,32.0377,36.7338,19.3503,18.424,False,Other/Random,22.89
1347,182.725,27.39,198.05,4446.0,148.5,36.0,6.77,34.257,26.84,36.4117,52.9875,27.3053,37.762,20.5066,27.39,False,Other/Random,26.84
1348,218.842,19.776,126.91,4486.04,196.715,10270.0,114.35,24.3326,36.825,36.4324,36.2523,31.1586,35.1187,20.0048,19.776,False,Other/Random,24.33
1349,138.961,53.419,214.91,5263.8,148.8,90.0,10.7,53.7438,32.6404,51.1655,43.1447,22.9759,3.467,32.5986,52.7219,True,Other/Random,32.64
1350,69.345,26.479,249.3,5539.75,167.157,1665.0,46.04,48.791,56.3645,26.7243,43.4303,24.6911,31.9549,48.791,26.479,False,Other/Random,26.72
1351,39.782,19.18,300.49,5967.31,163.276,783.0,31.57,27.4485,40.3037,31.6315,37.7998,31.0568,35.665,24.3979,19.18,False,Other/Random,27.45
1352,314.105,32.332,54.2,6835.5,154.826,414.0,22.96,33.354,35.1059,48.5357,29.6572,19.5121,22.4116,25.9442,32.332,False,Other/Random,29.66
1353,321.817,17.3,62.76,7307.72,179.281,1314.0,40.9,29.9785,43.4177,26.706,40.9462,26.207,37.5971,27.8052,17.3,False,Other/Random,26.71
1354,28.868,15.692,311.52,8875.43,164.921,684.0,29.51,25.0691,38.9991,29.7782,41.7038,28.7629,39.8279,21.7955,15.692,False,Other/Random,25.07
1355,178.556,17.009,204.61,10234.22,157.781,576.0,27.08,28.6707,36.2978,27.6137,49.5748,23.7851,43.5157,23.2328,17.009,False,Other/Random,27.61
1356,257.973,35.416,73.88,11483.27,177.729,2520.0,56.64,44.9562,59.5805,39.105,28.1333,26.5926,29.8337,44.9371,35.416,False,Other/Random,28.13
1357,222.758,4.696,116.28,12672.0,151.125,72.0,9.57,21.4758,46.9928,24.4858,46.071,24.4576,50.0434,21.2869,4.696,True,Other/Random,21.48
1358,5.201,45.207,321.45,12847.52,169.681,819.0,32.29,55.6525,35.0663,46.6079,45.801,26.9259,31.5761,35.0505,45.0301,False,Other/Random,35.07
1359,186.648,34.115,191.97,12940.16,173.89,1476.0,43.35,38.7317,20.6935,42.8846,57.4782,29.1078,33.1631,17.8616,34.115,False,Other/Random,20.69
1360,234.177,1.905,163.35,15387.82,169.926,2916.0,60.93,37.5736,56.7531,7.7117,57.1133,7.4841,52.8556,37.5391,1.905,True,rotated_cube,7.71
1361,10.913,41.213,323.87,16082.75,184.096,6975.0,94.24,48.0278,29.3363,45.5283,51.4594,26.5095,28.3757,28.7118,41.213,False,Other/Random,29.34
1362,5.265,44.024,328.29,807.95,188.48,3996.0,71.33,51.0155,28.2083,47.5948,48.6116,28.1361,31.6244,28.1384,44.024,False,Other/Random,28.21
1363,26.703,39.761,309.67,917.17,166.724,783.0,31.57,46.0057,35.5589,44.9357,42.6735,20.0519,20.0092,33.2615,39.761,False,Other/Random,35.56
1364,212.0,49.3,130.05,3368.44,168.447,1449.0,42.95,52.2736,36.4225,54.5742,41.8441,10.4982,11.5821,35.8844,49.3,True,Other/Random,36.42
1365,197.911,36.743,131.88,3547.83,173.906,2007.0,50.55,47.2334,37.247,39.5128,48.3724,26.6375,26.1669,35.0447,36.743,False,Other/Random,37.25
1366,179.993,35.615,153.31,4103.0,154.0,54.0,8.29,44.249,28.2687,39.9068,56.0219,27.1258,36.3309,26.6957,35.615,False,Other/Random,28.27
1367,159.671,41.418,184.79,5270.65,154.059,153.0,13.96,44.1168,17.5162,50.4491,55.3294,28.429,22.5115,17.0219,41.418,False,Other/Random,17.52
1368,178.967,16.54,163.86,5647.23,172.259,3087.0,62.69,23.7998,33.0919,32.2879,48.6397,28.7918,43.8828,17.1327,16.54,False,Other/Random,23.8
1369,93.591,5.861,233.8,6947.78,185.323,2952.0,61.31,33.1175,53.6923,13.7023,50.6325,13.1152,50.4415,33.0539,5.861,True,rotated_cube,13.7
1370,90.758,32.23,300.98,8663.7,156.0,90.0,10.7,44.9359,56.3665,34.7849,34.0026,28.5151,36.8367,44.08,32.23,False,Other/Random,34.0
1371,11.335,23.971,334.66,8771.07,199.763,9081.0,107.53,27.7106,26.9694,39.0023,45.5594,34.2602,36.5205,15.6305,23.971,False,Other/Random,26.97
1372,313.692,42.677,63.64,9505.28,168.95,1080.0,37.08,45.9095,42.9296,50.5073,30.5159,10.5275,12.0981,38.4614,42.677,True,Other/Random,30.52
1373,148.758,51.697,226.07,9849.92,177.503,3330.0,65.11,53.6406,34.5899,55.626,43.5295,10.6499,11.4176,34.4429,47.8601,True,Other/Random,34.59
1374,200.933,50.79,137.75,10133.67,190.642,3618.0,67.87,54.8071,32.5192,55.7063,44.7763,15.284,19.5014,32.5181,43.6397,False,Other/Random,32.52
1375,240.254,46.693,110.19,10696.37,186.017,1638.0,45.67,47.6071,49.1813,52.1123,21.3027,2.2225,14.2498,43.0989,46.693,True,Other/Random,21.3
1376,149.159,46.487,223.69,10759.75,163.744,387.0,22.2,48.1349,30.9479,56.0098,41.5411,15.0654,13.6717,30.1564,46.487,True,Other/Random,30.95
1377,27.819,40.469,316.69,11768.23,183.66,2700.0,58.63,43.2162,29.6911,49.7178,41.2408,19.5976,19.0012,27.4906,40.469,False,Other/Random,29.69
1378,18.319,48.282,322.46,12279.52,159.13,207.0,16.23,51.7536,28.3614,54.3671,47.0452,19.2678,21.7564,28.3349,44.8788,False,Other/Random,28.36
1379,189.924,19.769,186.12,13008.75,156.25,108.0,11.73,25.4099,29.5588,34.9413,50.7722,29.3805,39.706,15.818,19.769,False,Other/Random,25.41
1380,176.68,30.527,209.06,13191.6,151.8,45.0,7.57,39.7322,30.1226,35.9724,52.4699,26.652,36.1887,26.2497,30.527,False,Other/Random,30.12
1381,216.401,51.456,138.67,13896.61,188.451,6300.0,89.56,51.6755,32.1635,58.6139,41.2968,15.1418,7.6138,31.9402,50.985,True,Other/Random,32.16
1382,124.254,51.14,238.35,16738.02,169.418,990.0,35.5,51.2018,45.2564,53.028,27.289,8.221,9.2907,42.5393,49.9378,True,Other/Random,27.29
1383,232.347,51.257,132.22,17001.16,197.552,6201.0,88.86,51.4464,40.371,58.9395,32.8297,16.6311,6.8176,38.9734,51.257,True,Other/Random,32.83
1384,344.073,32.724,347.81,591.38,180.301,3321.0,65.03,42.8921,29.2229,36.7164,60.5928,19.8449,29.3674,26.9776,32.724,False,Other/Random,29.22
1385,326.449,47.303,54.9,1756.72,175.554,1008.0,35.82,51.6441,39.3405,52.5806,40.3277,11.2304,11.5767,38.202,47.303,True,Other/Random,39.34
1386,180.37,14.33,209.29,2170.9,171.132,612.0,27.91,32.8703,42.3919,20.9627,52.1944,17.5072,45.3153,29.6486,14.33,True,Other/Random,20.96
1387,336.498,37.878,43.53,3175.0,178.64,1350.0,41.46,42.6746,30.7959,45.1153,43.3996,22.7141,22.7572,28.1566,37.878,False,Other/Random,30.8
1388,232.02,45.543,124.02,3225.45,191.124,5301.0,82.15,45.7057,40.4233,57.4941,27.5724,9.8254,10.6458,36.6917,45.543,True,Other/Random,27.57
1389,334.027,23.631,46.7,3455.44,183.897,1836.0,48.35,31.3355,35.3954,33.7521,41.2255,31.3611,33.0343,24.6941,23.631,False,Other/Random,31.34
1390,206.537,28.138,136.56,3984.54,159.964,252.0,17.91,32.7366,31.4184,39.5625,39.9716,28.3362,29.0315,23.0019,28.138,False,Other/Random,31.42
1391,46.012,22.158,274.46,4387.51,174.78,1593.0,45.04,45.0973,54.5332,22.8155,46.0556,22.8056,32.5827,44.0825,22.158,False,Other/Random,22.82
1392,134.15,41.147,205.49,4441.2,155.4,45.0,7.57,45.7121,32.2787,47.6844,43.2063,24.8558,13.603,30.5414,41.147,True,Other/Random,32.28
1393,160.353,23.309,174.83,5026.9,227.493,17720.0,150.21,33.9212,32.3623,30.7411,53.3834,20.6996,34.6952,24.4773,23.309,False,Other/Random,30.74
1394,32.255,13.022,346.6,7112.43,165.529,612.0,27.91,22.8812,38.0002,29.1578,45.4535,25.9735,42.1024,19.411,13.022,True,Other/Random,22.88
1395,199.332,25.257,183.82,7355.51,174.879,1044.0,36.46,34.135,29.9265,33.2788,53.1159,22.2689,33.2631,22.8428,25.257,False,Other/Random,29.93
1396,173.671,43.041,207.46,8156.83,172.963,1458.0,43.09,47.7263,23.3995,48.9401,51.2236,29.2573,31.0122,23.2084,43.041,False,Other/Random,23.4
1397,352.111,16.554,350.4,8992.5,153.0,18.0,4.79,24.0368,33.0429,32.025,50.501,28.0239,42.3589,17.3072,16.554,False,Other/Random,24.04
1398,57.312,40.185,311.69,9014.07,177.252,2250.0,53.52,41.1402,38.3779,53.4489,28.2773,20.8975,17.0969,32.9297,40.185,False,Other/Random,28.28
1399,337.685,52.44,49.77,9312.58,173.007,1386.0,42.01,58.7381,39.2696,53.3864,42.9258,12.7385,18.3546,39.2674,42.8321,True,Other/Random,39.27
1400,37.473,44.074,306.51,9343.44,170.59,1053.0,36.62,46.7576,36.8626,52.35,36.239,12.1414,12.0836,34.5633,44.074,True,Other/Random,36.24
1401,333.27,50.211,39.75,9380.71,208.196,7047.0,94.72,51.7655,29.5181,58.968,46.0876,15.6042,15.1476,29.4552,46.6627,False,Other/Random,29.52
1402,226.372,32.331,123.06,10787.35,161.217,207.0,16.23,33.9705,36.5078,46.8939,29.4566,18.9938,22.4234,27.2532,32.331,False,Other/Random,29.46
1403,184.537,31.238,188.14,12279.59,169.987,693.0,29.7,33.6529,18.2772,44.6592,54.8626,33.7236,35.3332,12.2458,31.238,True,Other/Random,18.28
1404,221.772,52.436,133.87,12465.0,156.0,27.0,5.86,52.604,36.4093,56.4123,37.9821,12.4249,3.4689,35.939,52.436,True,Other/Random,36.41
1405,126.269,53.325,223.42,13161.14,175.763,2160.0,52.44,54.241,41.2465,54.7067,35.998,21.9231,7.2029,40.4764,49.7112,True,Other/Random,36.0
1406,171.852,26.121,209.86,13204.5,164.526,342.0,20.87,33.8453,30.1265,34.8595,48.4239,28.6172,36.2899,22.8022,26.121,False,Other/Random,30.13
1407,152.178,49.89,219.75,13402.24,176.311,1332.0,41.18,51.2072,29.3859,59.2655,45.2893,15.7245,14.4031,29.2801,47.4372,True,Other/Random,29.39
1408,26.003,9.816,351.73,13967.57,184.94,3312.0,64.94,20.2495,39.6342,28.9485,46.3988,27.1812,45.5315,17.9059,9.816,True,Other/Random,20.25
1409,24.271,26.12,357.44,15312.88,183.988,3663.0,68.29,33.8439,29.0705,34.8594,50.638,23.0539,31.2864,21.9996,26.12,False,Other/Random,29.07
1410,357.785,31.1,329.94,16296.56,184.764,4086.0,72.13,44.5314,34.6744,33.5431,56.7934,22.0991,36.4968,31.9752,31.1,False,Other/Random,33.54
1411,141.418,32.783,233.44,16912.72,159.429,126.0,12.67,35.9085,34.933,44.2519,33.8891,20.8393,22.3734,27.5285,32.783,False,Other/Random,33.89
1412,232.062,53.255,137.02,17177.66,183.861,3483.0,66.59,53.968,40.1892,54.6324,36.4647,21.2855,5.9001,39.5153,50.8043,True,Other/Random,36.46
1413,217.736,43.847,144.3,17230.0,165.613,837.0,32.65,43.8919,27.4409,59.9309,39.0972,22.7662,12.1889,25.8689,43.847,True,Other/Random,27.44
1414,228.627,54.576,138.92,17257.6,169.688,576.0,27.08,55.0556,38.6488,52.9909,38.8679,21.0865,2.9626,38.3676,52.3014,True,Other/Random,38.65
1415,22.825,13.111,307.52,389.42,174.205,792.0,31.76,32.3645,45.5993,20.1578,47.8819,19.0553,42.7929,30.5709,13.111,True,Other/Random,20.16
1416,358.876,42.51,345.1,1727.83,174.344,1098.0,37.39,45.2986,15.9258,51.0654,55.5135,34.1083,34.5831,15.7465,42.51,False,Other/Random,15.93
1417,158.42,40.939,214.38,2363.88,177.754,1791.0,47.75,42.8113,23.8965,51.6539,45.2813,23.7587,22.0171,22.4294,40.939,False,Other/Random,23.9
1418,151.406,49.95,220.73,3088.5,175.355,558.0,26.65,51.3111,30.1006,59.2064,44.7561,15.038,13.8164,29.9676,47.7691,True,Other/Random,30.1
1419,168.667,41.183,173.53,4423.21,171.911,1008.0,35.82,44.7124,17.0837,49.0253,59.3398,29.0747,28.1179,16.746,41.183,False,Other/Random,17.08
1420,304.998,25.649,51.13,4831.74,167.7,450.0,23.94,25.9348,35.8872,48.1747,28.9689,25.9264,29.7135,20.7926,25.649,False,Other/Random,25.93
1421,54.213,53.539,305.86,5426.4,183.204,2115.0,51.89,53.539,44.4381,53.4888,30.5737,11.6508,7.5586,42.8395,49.2761,True,Other/Random,30.57
1422,321.209,43.479,62.18,5447.47,165.118,459.0,24.17,49.1008,42.9607,48.3195,36.4978,13.6334,12.1861,40.021,43.479,True,Other/Random,36.5
1423,178.977,32.696,205.85,7136.58,180.442,1404.0,42.28,40.8477,27.8711,38.2734,54.0444,27.2598,36.5574,24.9948,32.696,False,Other/Random,27.87
1424,163.698,4.988,217.89,7213.43,182.222,1422.0,42.55,22.1501,45.7078,23.9302,47.7987,23.7045,50.3992,21.6894,4.988,True,Other/Random,22.15
1425,174.649,29.388,148.29,8292.15,186.785,2853.0,60.27,46.9757,39.2727,30.4186,59.2073,18.6917,35.7514,36.4571,29.388,False,Other/Random,30.42
1426,0.302,35.053,350.32,8673.65,179.938,1728.0,46.91,36.2477,13.712,49.5738,54.7369,37.7023,36.2963,9.4344,35.053,True,goss,13.71
1427,328.72,31.435,60.05,8742.95,171.2,540.0,26.22,42.3665,41.8976,35.2835,41.3488,26.7901,25.0022,35.8522,31.435,False,Other/Random,35.28
1428,193.531,25.434,145.13,9544.03,188.267,3609.0,67.79,33.0866,31.492,34.6046,46.0984,29.6949,34.867,23.2952,25.434,False,Other/Random,31.49
1429,216.821,51.356,129.55,10242.11,206.283,6210.0,88.92,53.0148,37.5568,53.3043,39.4964,7.9724,7.354,37.0311,51.3007,True,Other/Random,37.56
1430,211.742,14.715,131.6,10772.4,157.2,45.0,7.57,22.1921,38.4926,31.8647,40.5118,31.1012,40.5106,19.0684,14.715,True,Other/Random,22.19
1431,280.095,34.504,94.43,11537.1,194.0,4617.0,76.67,37.3508,56.5114,45.7262,17.3263,15.8956,31.2296,37.3102,34.504,False,Other/Random,17.33
1432,188.353,29.791,153.92,11936.64,185.705,2835.0,60.08,34.5634,25.0849,40.1799,48.6321,32.6249,34.2564,19.2519,29.791,False,Other/Random,25.08
1433,312.337,52.445,46.67,12205.12,213.404,11450.0,120.73,52.4537,38.6254,57.4599,35.3599,14.916,3.1366,37.8248,52.445,True,Other/Random,35.36
1434,111.703,48.806,224.98,12476.67,164.0,405.0,22.71,53.7805,46.3372,53.1351,34.1044,29.8964,19.1687,46.0428,45.6417,False,Other/Random,34.1
1435,234.429,44.961,140.12,12497.78,165.375,360.0,21.41,47.14,37.7213,53.8559,34.8586,26.2375,12.126,35.3701,44.961,True,Other/Random,34.86
1436,325.741,58.341,45.66,13207.95,196.576,2862.0,60.37,57.0646,37.9405,52.5518,45.4079,8.7527,9.652,37.9106,45.2909,True,Other/Random,37.94
1437,120.542,11.234,251.11,16809.85,198.363,3573.0,67.45,16.1721,43.0194,35.1384,36.8568,35.1355,43.9193,15.4681,11.234,True,Other/Random,16.17
1438,115.99,48.931,220.75,330.67,179.564,1485.0,43.48,53.8692,46.0294,53.2703,36.6843,31.1366,15.992,44.1557,47.3377,False,Other/Random,36.68
1439,211.447,45.647,132.74,1953.72,186.94,3618.0,67.87,48.1697,33.2371,53.7568,40.7035,14.0323,13.7872,32.129,45.647,True,Other/Random,33.24
1440,321.977,56.364,40.99,1998.08,176.961,693.0,29.7,56.4356,35.0726,54.551,43.4233,15.232,5.9778,35.0726,49.0143,True,Other/Random,35.07
1441,329.563,52.564,50.07,3109.46,166.865,333.0,20.59,55.8655,37.9828,52.4934,44.4402,8.57,11.9158,37.8578,46.7955,True,Other/Random,37.98
1442,192.937,37.639,136.21,3872.46,210.257,8424.0,103.57,48.311,35.7934,40.1195,51.254,27.9854,28.3874,34.2855,37.639,False,Other/Random,35.79
1443,308.346,56.696,37.39,3964.51,200.606,4590.0,76.45,58.3181,41.1049,48.6246,41.7991,26.8335,5.8354,41.025,49.0443,True,Other/Random,41.1
1444,213.492,22.767,138.76,4009.28,171.0,675.0,29.32,24.0328,30.9845,43.4466,36.5814,30.5713,32.6495,15.7346,22.767,False,Other/Random,24.03
1445,201.593,18.68,141.09,4106.22,179.931,2340.0,54.58,25.4196,34.5499,33.2936,42.3344,31.2218,38.1009,19.5249,18.68,False,Other/Random,25.42
1446,206.467,2.945,178.17,4227.39,180.352,1611.0,45.29,24.8097,48.4765,20.5726,50.4303,20.3608,51.9491,24.6396,2.945,True,Other/Random,20.57
1447,83.056,46.5,315.79,5254.68,216.712,7020.0,94.54,59.8907,43.9836,46.883,41.2551,30.6517,30.2567,49.1939,43.9411,False,Other/Random,41.26
1448,194.095,24.008,145.42,5276.38,169.655,783.0,31.57,31.4619,31.7781,34.1837,45.537,29.8048,35.665,22.3608,24.008,False,Other/Random,31.46
1449,167.125,43.184,213.96,6524.7,165.9,90.0,10.7,47.8345,26.302,49.0854,50.7829,25.009,26.5951,25.9291,43.184,False,Other/Random,26.3
1450,216.125,39.221,117.24,7394.59,194.917,3564.0,67.36,47.1136,43.0058,43.154,38.3679,18.8983,16.7878,39.1231,39.221,False,Other/Random,38.37
1451,356.631,35.988,349.02,8478.6,181.397,1314.0,40.9,38.655,16.4061,46.9402,56.7978,33.2654,34.3336,13.8465,35.988,True,Other/Random,16.41
1452,45.322,46.822,318.34,9988.69,177.156,1215.0,39.33,46.9569,33.4486,59.2136,35.6343,19.4567,7.9175,31.9267,46.822,True,Other/Random,33.45
1453,199.299,31.028,143.65,10186.19,234.833,7875.0,100.13,35.3033,27.7102,41.5286,43.701,29.2799,29.0764,21.8725,31.028,False,Other/Random,27.71
1454,183.554,26.418,163.78,10451.0,161.5,54.0,8.29,29.2487,22.9027,41.5297,49.2753,34.6057,37.8742,13.1301,26.418,True,Other/Random,22.9
1455,224.843,25.453,124.44,10778.32,181.446,990.0,35.5,27.5828,35.9444,42.4697,31.6853,25.1113,29.2828,22.1637,25.453,False,Other/Random,27.58
1456,55.9,57.192,325.92,11711.08,205.583,6516.0,91.08,60.883,44.3428,45.8853,44.3566,29.457,9.355,44.2944,45.8949,True,Other/Random,44.34
1457,159.981,16.782,222.56,12409.64,187.147,2331.0,54.48,28.0372,38.5012,27.9718,44.5525,26.0981,39.9635,23.972,16.782,False,Other/Random,27.97
1458,2.835,40.074,353.28,13588.58,180.572,1935.0,49.64,40.2542,7.0242,56.8006,57.1049,40.7303,33.7562,4.9014,40.074,True,goss,7.02
1459,206.958,14.927,120.01,14195.16,210.955,4608.0,76.6,36.1623,47.7787,19.1112,48.3057,18.1067,40.7253,34.3994,14.927,True,Other/Random,19.11
1460,325.653,43.145,53.17,14321.31,180.188,1584.0,44.91,46.8921,36.6731,50.1391,38.2123,14.0707,14.0735,34.4704,43.145,True,Other/Random,36.67
1461,129.928,43.81,214.48,15727.23,187.744,2772.0,59.41,46.373,34.5496,52.3585,38.0782,29.2196,11.5756,32.6103,43.81,True,Other/Random,34.55
1462,315.093,54.031,46.12,16767.04,170.468,711.0,30.09,54.0436,38.2414,56.1463,37.463,13.8391,0.7087,37.8334,54.031,True,Other/Random,37.46
1463,267.407,21.647,97.27,423.34,180.707,1413.0,42.42,22.1406,48.1911,45.5521,23.9246,23.9246,40.6216,22.0612,21.647,False,Other/Random,22.14
1464,23.141,34.739,313.76,1095.55,169.091,297.0,19.45,41.5195,33.3962,40.8856,43.4666,25.0875,25.0063,29.63,34.739,False,Other/Random,33.4
1465,169.344,36.184,215.24,2302.82,178.786,756.0,31.03,43.5129,29.2929,41.3778,50.5135,29.6186,30.2312,27.2805,36.184,False,Other/Random,29.29
1466,180.408,42.674,221.79,2439.2,205.915,3906.0,70.52,59.3121,42.1466,42.7616,47.4187,28.9635,35.055,42.0907,42.674,False,Other/Random,42.15
1467,0.213,39.859,351.29,5340.87,181.761,1656.0,45.92,40.7186,9.9774,53.5413,57.5989,38.8445,35.4537,8.5476,39.859,True,goss,9.98
1468,202.217,24.077,137.02,6035.09,206.758,5013.0,79.89,31.6927,34.1146,34.0358,42.575,30.9997,33.4641,24.129,24.077,False,Other/Random,31.69
1469,216.994,24.307,155.53,7514.48,169.565,207.0,16.23,27.3005,29.5042,40.3679,40.2462,31.9261,30.7972,17.4249,24.307,False,Other/Random,27.3
1470,156.812,42.457,190.35,8633.77,180.039,1386.0,42.01,44.2696,17.4238,52.8108,52.7856,30.2255,20.3368,16.971,42.457,False,Other/Random,17.42
1471,3.345,30.095,345.42,8715.26,175.581,837.0,32.65,32.0783,19.1595,44.9366,50.7844,36.296,36.3489,11.8031,30.095,True,Other/Random,19.16
1472,322.093,48.089,59.15,9280.81,210.234,5319.0,82.29,52.3159,42.3386,50.52,37.7989,9.2521,8.6487,40.8062,48.089,True,Other/Random,37.8
1473,347.617,15.54,40.09,9712.2,221.236,14950.0,137.96,31.6929,41.4866,23.2099,48.5337,20.777,42.2264,28.3228,15.54,False,Other/Random,23.21
1474,222.122,40.544,119.52,9916.51,194.364,3564.0,67.36,44.3467,40.4126,48.2041,32.9131,13.5887,14.3472,36.0037,40.544,True,Other/Random,32.91
1475,318.036,53.77,47.4,10369.68,197.391,1728.0,46.91,54.0237,37.7814,54.706,38.2592,11.0531,2.6463,37.4197,53.1446,True,Other/Random,37.78
1476,56.355,55.4,326.04,14001.0,166.636,99.0,11.23,59.4214,43.7913,46.9449,43.5783,28.8784,9.3277,43.6467,46.7447,True,Other/Random,43.58
1477,277.45,3.215,127.51,14106.43,171.474,513.0,25.56,45.0689,61.7125,3.2152,60.5288,2.5498,52.2117,45.0531,3.215,True,rotated_cube,3.22
1478,234.994,7.98,149.81,15052.53,194.072,5175.0,81.17,26.0369,46.2247,21.7002,46.6844,20.3358,46.8907,25.3433,7.98,True,Other/Random,21.7
1479,58.367,37.213,320.55,15602.25,183.805,1980.0,50.21,41.5929,38.5519,45.177,34.2324,29.7442,19.9113,33.2968,37.213,False,Other/Random,34.23
1480,328.233,38.643,48.95,15689.29,170.447,342.0,20.87,42.1574,33.111,47.3011,38.5121,18.7236,18.6882,29.7224,38.643,False,Other/Random,33.11
1481,355.946,34.645,322.29,16244.82,184.188,1341.0,41.32,53.764,42.1504,34.7912,55.6748,21.9776,34.3526,41.1001,34.645,False,Other/Random,34.79
1482,46.966,56.574,316.15,16901.5,188.78,2943.0,61.21,56.6527,39.7048,54.2039,39.0839,17.4308,2.4523,39.5486,52.407,True,Other/Random,39.08
1483,147.231,44.892,220.64,17080.33,196.578,2430.0,55.62,45.5416,28.5999,57.6378,40.1638,17.6729,13.5422,27.4022,44.892,True,Other/Random,28.6
1484,183.674,32.586,211.67,1874.43,181.185,1458.0,43.09,47.7177,36.7177,33.9493,58.4992,21.3684,35.2449,34.816,32.586,False,Other/Random,33.95
1485,167.193,41.917,208.71,2349.46,210.379,4347.0,74.4,44.7051,21.4959,50.6499,50.896,27.4145,26.9734,20.8558,41.917,False,Other/Random,21.5
1486,10.433,43.771,349.62,2609.62,205.259,5364.0,82.64,43.771,7.9473,60.4529,55.972,37.9237,28.1117,7.7215,43.771,True,goss,7.95
1487,209.127,23.646,134.8,4680.46,180.796,882.0,33.51,28.5271,33.3758,37.2014,38.9578,30.6607,32.4485,21.2652,23.646,False,Other/Random,28.53
1488,356.203,37.512,357.07,5597.29,171.529,153.0,13.96,38.089,9.7866,53.0932,58.0891,38.9125,33.6908,6.3755,37.512,True,goss,9.79
1489,27.338,49.514,329.32,6238.95,171.75,180.0,15.14,49.6196,23.6589,56.7083,47.2103,22.7503,14.8549,23.6357,47.4977,True,Other/Random,23.66
1490,198.722,28.278,130.98,6273.67,192.973,1971.0,50.1,41.2167,39.0915,31.8023,47.0582,27.5664,31.2083,33.4367,28.278,False,Other/Random,31.8
1491,223.516,50.53,134.7,6315.85,187.685,1971.0,50.1,50.5594,35.6174,58.5823,36.501,14.3791,4.3677,34.7944,50.53,True,Other/Random,35.62
1492,29.74,47.801,318.97,6349.39,177.0,234.0,17.26,49.0399,29.5363,57.9158,43.0236,15.9079,13.7463,29.1035,47.801,True,Other/Random,29.54
1493,166.613,47.405,223.84,6662.22,175.571,378.0,21.94,55.8647,35.9114,49.4634,44.6993,21.0191,25.4937,35.8829,44.2622,False,Other/Random,35.91
1494,159.701,31.796,229.67,6841.75,195.234,2772.0,59.41,43.0266,38.0416,35.3404,46.2594,29.2876,28.1698,33.7186,31.796,False,Other/Random,35.34
1495,175.623,18.778,208.05,7329.85,191.066,954.0,34.85,30.1328,35.623,28.3437,49.1127,24.1437,41.7453,23.9441,18.778,False,Other/Random,28.34
1496,174.437,7.777,143.32,7981.34,185.346,990.0,35.5,42.9207,55.5391,8.2505,59.8248,5.5261,48.9003,42.1976,7.777,True,rotated_cube,8.25
1497,90.515,32.13,301.29,8653.0,166.0,27.0,5.86,44.9123,56.2494,34.6678,34.1478,28.3305,36.9908,44.0303,32.13,False,Other/Random,34.15
1498,214.825,52.394,132.14,9794.35,181.125,576.0,27.08,53.8797,36.2214,54.2189,41.4737,9.0462,8.5093,35.9839,49.4329,True,Other/Random,36.22
1499,219.066,46.108,131.11,10431.07,211.265,3843.0,69.95,47.0871,34.5803,57.4054,36.0092,12.1228,9.7584,32.891,46.108,True,Other/Random,34.58
1500,213.626,36.796,127.07,10907.4,167.2,135.0,13.11,41.3965,35.5808,44.624,37.4581,19.4309,19.6478,31.1574,36.796,False,Other/Random,35.58
1501,104.793,42.449,226.48,11187.6,185.286,1701.0,46.54,50.8813,49.8742,45.3265,34.4002,30.1964,25.5425,46.1203,42.449,False,Other/Random,34.4
1502,208.428,27.356,136.39,13057.14,181.095,666.0,29.12,31.2161,31.2681,40.2546,38.8681,28.2875,29.2619,21.8166,27.356,False,Other/Random,31.22
1503,106.247,46.051,225.98,13257.46,180.524,1341.0,41.32,53.3844,46.8563,49.003,34.5546,31.8648,23.6441,47.6578,46.051,False,Other/Random,34.55
1504,196.332,34.756,180.68,13618.88,168.75,72.0,9.57,38.5804,19.7101,44.3514,54.8601,28.1118,28.0236,16.895,34.756,False,Other/Random,19.71
1505,29.728,50.037,319.12,14140.15,199.218,3258.0,64.41,51.1865,30.2716,59.7931,44.1289,14.901,12.9567,30.1144,48.2728,True,Other/Random,30.27
1506,187.61,44.198,188.86,16459.01,214.489,9324.0,108.96,47.0225,15.2648,52.2158,56.2736,31.56,29.983,15.2599,44.198,False,Other/Random,15.26
1507,184.417,15.193,172.66,16510.48,176.474,513.0,25.56,15.47,30.0572,44.6186,45.9561,42.3661,43.9718,3.2868,15.193,True,Other/Random,15.47
1508,223.426,47.989,138.61,16952.95,178.274,1017.0,35.98,48.0296,33.0035,58.7363,36.8064,18.6035,6.8573,31.8914,47.989,True,Other/Random,33.0
1509,335.377,46.732,33.83,1571.81,187.269,1404.0,42.28,47.5804,24.1753,58.2473,46.2991,21.0847,17.6258,23.9154,46.732,False,Other/Random,24.18
1510,311.757,56.633,35.03,2407.5,185.308,936.0,34.52,58.0295,38.6718,47.4252,43.5857,26.9862,3.2821,38.6625,51.4635,True,Other/Random,38.67
1511,353.109,20.328,17.47,2815.59,185.51,936.0,34.52,22.8903,27.4147,39.8184,46.2189,35.885,40.1307,11.2576,20.328,True,Other/Random,22.89
1512,133.289,53.197,218.55,2856.04,229.856,7407.0,97.11,53.7742,36.3643,52.432,39.8797,22.4545,2.0692,36.0992,53.197,True,Other/Random,36.36
1513,301.99,51.691,52.55,2921.5,214.354,5526.0,83.88,51.9588,44.4992,57.448,29.2281,15.5456,10.8442,42.3083,48.2779,True,Other/Random,29.23
1514,31.242,48.42,316.76,3611.19,196.778,3402.0,65.81,49.7973,31.2941,58.0317,42.192,14.1848,12.4704,30.8343,48.42,True,Other/Random,31.29
1515,219.121,36.284,140.93,4835.28,181.8,450.0,23.94,36.284,27.9369,57.1688,35.2367,23.6059,18.9063,22.648,36.284,False,Other/Random,27.94
1516,163.552,43.42,183.02,5376.0,188.636,1260.0,40.05,45.3529,14.5222,53.2324,57.5792,30.8096,24.1736,14.4007,43.42,True,goss,14.52
1517,194.276,33.556,159.31,5471.28,187.522,1224.0,39.48,34.1462,17.3732,50.7125,47.2031,33.8491,29.6453,11.7005,33.556,True,Other/Random,17.37
1518,168.879,46.723,213.03,6247.41,186.39,693.0,29.7,51.3428,26.5357,51.8293,47.1932,24.0388,27.2133,26.5281,44.4079,False,Other/Random,26.54
1519,205.982,52.121,137.15,6408.38,187.237,2160.0,52.44,54.6004,32.6569,57.5656,46.1122,12.8554,15.4676,32.6511,44.8029,True,Other/Random,32.66
1520,136.596,36.645,239.55,7046.3,178.1,270.0,18.54,39.9323,38.7812,46.3327,31.4943,16.2077,18.1255,32.4911,36.645,False,Other/Random,31.49
1521,162.592,30.028,220.82,8244.06,207.496,3321.0,65.03,37.9099,32.3596,36.8372,45.5548,30.4989,30.4601,26.9474,30.028,False,Other/Random,32.36
1522,7.679,28.005,341.31,8442.69,190.888,1773.0,47.51,30.0516,21.5025,43.7756,48.0378,36.9362,35.4488,12.4255,28.005,True,Other/Random,21.5
1523,4.835,19.264,340.13,8953.0,170.0,27.0,5.86,24.393,30.1551,35.5034,47.0964,31.5934,41.3333,15.3853,19.264,False,Other/Random,24.39
1524,150.623,49.339,221.31,9777.52,175.696,207.0,16.23,50.6736,30.2769,58.8131,43.9316,14.9532,13.4226,30.0531,48.6213,True,Other/Random,30.28
1525,262.302,14.64,98.75,242.62,190.289,2619.0,57.75,14.6775,45.1774,46.2075,30.5954,30.5553,43.7172,14.5266,14.64,True,cube,14.68
1526,196.737,14.166,142.09,1088.13,186.39,900.0,33.85,25.4299,38.8264,27.6676,45.2974,26.0628,42.6256,22.0108,14.166,True,Other/Random,25.43
1527,179.242,31.365,160.4,1666.64,190.685,1170.0,38.6,37.253,24.3359,39.6951,53.6423,28.987,37.1142,20.2509,31.365,False,Other/Random,24.34
1528,193.357,31.423,141.97,2244.56,209.194,6498.0,90.96,39.759,31.6044,37.2849,47.9412,30.5929,31.232,27.3979,31.423,False,Other/Random,31.6
1529,228.025,51.104,128.21,4138.96,222.539,5715.0,85.3,51.2332,40.1069,54.7988,32.7882,10.1637,4.3597,38.6952,51.104,True,Other/Random,32.79
1530,177.452,23.892,170.92,5695.41,206.469,7263.0,96.16,26.5344,23.9133,40.8441,50.6933,34.3111,39.4773,11.4558,23.892,True,Other/Random,23.91
1531,150.435,52.482,224.57,5981.3,208.547,2304.0,54.16,54.4383,33.8905,56.1818,45.0955,11.2287,12.6125,33.8481,46.3786,True,Other/Random,33.89
1532,339.962,42.95,48.36,8897.44,189.281,1152.0,38.3,51.0761,36.5765,45.9314,48.3327,20.9347,22.0356,35.742,42.95,False,Other/Random,36.58
1533,173.533,45.857,207.98,12472.47,206.89,2934.0,61.12,50.4048,23.896,51.2314,48.4568,27.8016,30.6348,23.8943,44.5174,False,Other/Random,23.9
1534,288.174,10.887,64.1,12759.18,185.557,1584.0,44.91,13.3431,42.7407,38.7771,35.9192,35.909,45.2047,12.6987,10.887,True,cube,13.34
1535,190.046,32.972,157.88,13011.25,195.218,990.0,35.5,35.0555,19.6504,46.2712,48.6927,34.0151,31.9442,14.693,32.972,True,Other/Random,19.65
1536,303.737,53.175,40.44,14022.45,195.67,1935.0,49.64,55.3145,42.4582,52.5318,37.7239,26.5361,9.2338,41.7546,48.2665,True,Other/Random,37.72
1537,142.459,28.889,238.23,14262.45,185.65,1080.0,37.08,35.4046,38.4794,37.5897,36.0417,24.994,26.2819,29.4195,28.889,False,Other/Random,35.4
1538,126.122,54.758,230.31,16843.93,183.63,900.0,33.85,54.8652,43.7149,55.2905,32.9881,15.3708,7.2475,42.68,48.7216,True,Other/Random,32.99
1539,334.407,37.339,48.63,17052.07,198.815,828.0,32.47,43.657,34.3809,43.1201,42.6442,22.2417,22.1621,31.3709,37.339,False,Other/Random,34.38
1540,210.868,22.21,134.67,1454.11,200.789,3195.0,63.78,26.4538,33.5782,37.6044,38.2347,31.1689,33.5078,19.7389,22.21,False,Other/Random,26.45
1541,303.27,46.037,74.96,1793.4,190.234,1575.0,44.78,49.3319,51.4692,49.1242,25.0934,8.6801,12.519,45.3412,46.037,True,Other/Random,25.09
1542,197.126,45.945,141.03,1826.79,185.526,513.0,25.56,50.6181,29.5132,51.1666,48.3037,20.603,23.0487,29.3339,45.945,False,Other/Random,29.51
1543,137.8,51.428,225.52,2661.92,182.712,468.0,24.41,51.5278,35.7386,57.5643,37.444,13.4015,3.9934,35.1273,51.428,True,Other/Random,35.74
1544,324.124,48.569,52.15,3060.19,191.244,1143.0,38.15,51.0658,37.532,53.9741,38.8746,9.3525,9.4364,36.5445,48.569,True,Other/Random,37.53
1545,0.546,30.23,18.72,3314.06,181.5,288.0,19.15,35.7262,24.1491,39.5045,52.9572,29.5119,37.6015,19.1936,30.23,False,Other/Random,24.15
1546,119.417,32.492,237.72,3329.75,187.426,549.0,26.44,32.6145,39.3529,52.754,23.7351,18.9417,24.5691,27.9357,32.492,False,Other/Random,23.74
1547,134.974,56.151,229.11,3426.75,186.857,504.0,25.33,56.2873,40.787,52.6218,37.6485,10.9664,1.4156,40.4872,54.0185,True,Other/Random,37.65
1548,104.9,15.164,261.62,3784.5,180.0,72.0,9.57,16.4988,44.8115,41.2546,30.938,30.4596,42.0956,16.2103,15.164,False,Other/Random,16.5
1549,205.139,28.979,118.35,3807.66,196.591,1935.0,49.64,46.3045,46.4254,30.1712,47.5163,27.6977,28.7033,40.8054,28.979,False,Other/Random,30.17
1550,214.689,53.173,133.71,4038.89,201.009,2916.0,60.93,54.3336,35.5688,54.8502,42.1327,9.8487,8.4776,35.4354,48.8394,True,Other/Random,35.57
1551,227.043,34.127,108.39,5194.64,206.696,3285.0,64.67,41.8352,46.0671,39.6197,32.6953,20.7753,20.656,37.8255,34.127,False,Other/Random,32.7
1552,328.094,50.15,37.41,6549.58,200.649,2844.0,60.18,50.4317,28.4922,58.5658,43.7275,17.8082,11.3332,28.3518,49.3275,True,Other/Random,28.49
1553,190.072,25.822,212.85,7103.42,241.205,10890.0,117.75,49.7744,45.5867,25.9041,58.4004,14.4577,35.7781,42.119,25.822,True,Other/Random,25.9
1554,177.861,27.905,196.53,7500.91,198.6,2430.0,55.62,31.3317,22.6028,41.1937,50.4809,33.2368,37.7846,14.6729,27.905,True,Other/Random,22.6
1555,159.275,23.911,226.64,7930.98,206.508,4392.0,74.78,35.1214,37.5499,30.5067,44.7269,27.3579,33.9547,28.6743,23.911,False,Other/Random,30.51
1556,314.826,17.09,32.76,8408.33,189.184,441.0,23.7,21.0957,35.469,36.6877,38.5217,32.5937,37.6457,16.3269,17.09,False,Other/Random,21.1
1557,344.251,43.287,6.64,8960.88,194.191,1602.0,45.16,44.19,12.0337,55.6747,55.8813,34.3602,24.6713,11.8049,43.287,True,goss,12.03
1558,337.596,49.162,47.1,9618.54,215.809,4815.0,78.3,54.6699,35.8314,52.948,46.0309,14.9841,18.5847,35.7167,45.6166,True,Other/Random,35.83
1559,224.374,50.026,128.54,10635.58,192.441,1836.0,48.35,50.4934,38.5049,54.8234,34.2284,9.159,4.7356,37.1768,50.026,True,Other/Random,34.23
1560,178.169,31.336,163.13,11232.02,198.081,2322.0,54.37,36.3716,22.8465,40.6964,53.9371,29.8268,36.599,18.4578,31.336,False,Other/Random,22.85
1561,346.292,47.948,43.44,11875.03,209.175,4059.0,71.89,55.9515,35.4705,50.1831,44.337,20.4465,25.2041,35.4569,43.8309,False,Other/Random,35.47
1562,29.134,49.327,309.7,13431.33,192.983,1071.0,36.93,53.4142,37.0624,54.3031,43.947,11.5391,13.6012,36.6703,48.5102,True,Other/Random,37.06
1563,79.843,5.054,264.59,15191.45,188.566,684.0,29.51,16.3621,47.5384,29.8543,42.712,29.8013,50.6438,16.3607,5.054,True,Other/Random,16.36
1564,300.25,31.336,77.68,15421.88,196.696,621.0,28.12,35.9912,47.2466,41.1862,25.6862,19.0939,25.3426,34.0725,31.336,False,Other/Random,25.69
1565,223.21,48.769,131.29,15834.93,217.464,6327.0,89.75,49.0593,36.2694,57.2697,34.8649,11.6461,6.1296,34.9134,48.769,True,Other/Random,34.86
1566,128.635,58.168,222.77,16770.81,193.089,1017.0,35.98,58.7446,42.5593,51.7822,39.4543,21.5864,6.3161,42.4301,48.4208,True,Other/Random,39.45
1567,328.315,46.379,52.17,1527.25,206.527,3312.0,64.94,50.4721,37.1829,52.1413,41.0911,12.6499,13.2214,36.0883,46.379,True,Other/Random,37.18
1568,140.558,41.968,220.65,2952.36,185.16,225.0,16.93,41.9846,29.3087,59.9309,36.1197,19.9607,13.4169,26.6668,41.968,True,Other/Random,29.31
1569,217.601,45.786,110.93,3117.17,219.762,4536.0,76.0,55.0738,49.5092,47.6402,40.3545,17.3477,10.5946,47.1222,45.786,True,Other/Random,40.35
1570,144.789,50.423,233.71,3395.86,183.571,189.0,15.51,53.5003,39.4415,51.7123,40.1721,7.8554,8.8829,38.7688,50.423,True,Other/Random,39.44
1571,328.012,33.502,39.54,3507.55,204.167,3402.0,65.81,34.3188,27.058,49.8424,37.3977,24.5186,22.9949,20.7235,33.502,False,Other/Random,27.06
1572,110.791,8.927,263.05,3761.63,200.44,1737.0,47.03,16.4583,45.7054,32.3821,38.7801,32.3529,46.6924,16.317,8.927,True,Other/Random,16.46
1573,196.452,19.06,145.38,5306.06,179.813,144.0,13.54,26.2737,33.7773,32.811,44.0519,30.1202,38.7473,19.7247,19.06,False,Other/Random,26.27
1574,304.179,25.158,82.75,7558.43,211.512,4464.0,75.39,36.6928,49.9753,30.8903,34.5561,29.1221,30.2863,35.5391,25.158,False,Other/Random,30.89
1575,38.825,54.875,317.25,7779.75,180.75,36.0,6.77,55.0043,35.2784,56.571,41.6516,14.0123,5.0473,35.2202,50.417,True,Other/Random,35.28
1576,66.198,43.214,306.7,8014.86,194.924,1062.0,36.77,45.0093,44.8085,53.3706,25.5459,20.481,19.6063,39.1203,43.214,False,Other/Random,25.55
1577,182.723,34.928,157.0,8124.24,243.706,11780.0,122.47,40.2279,23.2445,42.5686,53.47,31.1002,34.9908,20.8228,34.928,False,Other/Random,23.24
1578,319.277,48.874,54.74,10339.82,206.818,1926.0,49.52,50.7255,39.4535,52.8135,35.655,7.2339,6.7548,38.0117,48.874,True,Other/Random,35.66
1579,45.291,54.293,322.92,10673.25,182.75,108.0,11.73,54.8637,35.8712,50.9723,41.5515,23.0894,0.502,35.7729,54.293,True,Other/Random,35.87
1580,243.612,32.072,143.25,11435.5,187.0,162.0,14.36,41.6074,42.7106,36.7281,38.238,22.9029,25.8276,35.8751,32.072,False,Other/Random,36.73
1581,30.199,33.865,332.0,13472.11,213.904,2448.0,55.83,33.9342,22.343,54.0798,40.6067,30.3174,23.1774,16.4227,33.865,False,Other/Random,22.34
1582,301.097,26.547,69.49,14634.23,203.9,4563.0,76.22,28.545,41.9908,43.2158,25.9508,21.3657,29.4591,26.049,26.547,False,Other/Random,25.95
1583,335.433,46.993,48.34,15654.33,210.329,4761.0,77.86,52.3581,35.7126,51.3159,46.2173,15.5066,17.5763,35.2738,46.993,False,Other/Random,35.71
1584,7.132,42.962,325.08,16153.2,179.4,45.0,7.57,50.806,30.2505,46.1297,49.1456,27.3844,30.4821,30.0467,42.962,False,Other/Random,30.25
1585,116.134,47.799,226.11,17227.5,204.75,3024.0,62.05,50.8084,45.1145,54.6193,31.8903,25.7438,16.2221,42.2705,47.799,False,Other/Random,31.89
1586,311.326,57.521,41.39,486.09,215.831,4311.0,74.09,57.9412,40.4315,51.4581,40.3832,21.0545,4.1302,40.3561,50.6908,True,Other/Random,40.38
1587,157.216,45.868,217.33,3623.54,182.308,117.0,12.21,48.0003,26.6527,54.5988,46.5283,19.6484,19.1709,26.2814,45.868,False,Other/Random,26.65
1588,354.499,42.006,2.98,5596.06,191.595,333.0,20.59,42.0782,4.9305,59.0481,58.515,41.7532,31.7185,3.8428,42.006,True,goss,4.93
1589,299.51,32.099,58.62,7014.08,213.531,4986.0,79.68,32.152,39.4371,53.3027,23.5464,18.7011,24.8781,27.6388,32.099,False,Other/Random,23.55
1590,8.794,36.505,7.78,9465.9,205.0,2484.0,56.24,39.9743,17.7053,45.9676,59.2465,30.2603,31.1285,15.7379,36.505,False,Other/Random,17.71
1591,226.175,32.468,123.31,10794.25,199.0,216.0,16.58,34.0846,36.3868,47.0234,29.5394,18.9461,22.2815,27.2567,32.468,False,Other/Random,29.54
1592,180.606,22.709,195.74,12295.5,185.167,162.0,14.36,27.9174,27.5282,36.4133,49.9428,30.3654,40.7272,16.3007,22.709,False,Other/Random,27.53
1593,158.693,10.921,228.21,13278.24,215.874,4059.0,71.89,28.9972,44.8513,21.1134,47.5264,20.254,44.8833,27.5178,10.921,True,Other/Random,21.11
1594,200.282,27.239,129.55,14091.36,226.049,4941.0,79.32,40.4325,39.7463,30.9481,46.4044,27.2512,31.4828,33.393,27.239,False,Other/Random,30.95
1595,57.881,9.457,324.58,14391.82,183.818,99.0,11.23,24.3471,44.7358,24.4189,44.3473,22.8,45.5502,23.4412,9.457,True,Other/Random,24.35
1596,35.693,34.663,301.92,14847.71,198.0,576.0,27.08,41.0765,38.8528,41.1963,36.9807,21.0901,21.0695,33.2029,34.663,False,Other/Random,36.98
1597,164.68,22.445,223.16,15536.43,196.76,2178.0,52.66,35.6212,38.326,28.1862,47.3092,24.4304,36.4427,29.4757,22.445,False,Other/Random,28.19
1598,45.533,43.353,310.04,16595.52,219.643,10040.0,113.09,43.5676,35.2905,58.7001,31.4684,13.7803,11.3896,32.0125,43.353,True,Other/Random,31.47
1599,301.161,43.958,62.29,292.62,210.229,2007.0,50.55,44.0866,44.1381,57.7221,22.3256,7.9933,15.0038,38.1913,43.958,True,Other/Random,22.33
1600,35.691,42.989,313.74,342.58,231.783,4860.0,78.66,44.2093,31.7599,54.5626,37.1456,15.5445,13.6573,29.5584,42.989,True,Other/Random,31.76
1601,196.785,26.168,147.26,1883.72,228.265,7335.0,96.64,30.5758,28.2093,38.905,43.9116,33.1545,33.3353,19.0085,26.168,False,Other/Random,28.21
1602,305.586,37.428,55.37,2177.35,215.131,2268.0,53.74,37.4398,37.9644,57.189,25.4443,15.5902,18.5515,30.4478,37.428,False,Other/Random,25.44
1603,152.879,45.351,223.2,2746.88,202.435,1035.0,36.3,47.9749,30.5383,53.3744,43.427,16.6206,16.5516,29.7588,45.351,False,Other/Random,30.54
1604,186.316,40.468,139.35,3276.38,236.804,8244.0,102.45,52.6002,36.523,41.793,50.3216,29.4549,31.4723,36.0388,40.468,False,Other/Random,36.52
1605,336.963,14.786,31.04,3368.11,231.793,7488.0,97.64,16.8023,33.3989,39.746,41.1052,37.95,41.2807,10.3976,14.786,True,Other/Random,16.8
1606,217.317,13.962,138.7,3411.34,193.833,324.0,20.31,14.5163,35.4742,43.2311,37.8509,35.9389,40.9285,9.6794,13.962,True,cube,14.52
1607,159.861,41.412,184.55,5301.27,186.545,99.0,11.23,44.1281,17.4732,50.4164,55.461,28.4229,22.6262,16.9842,41.412,False,Other/Random,17.47
1608,322.118,35.638,32.34,5527.06,220.024,6543.0,91.27,36.0525,26.0217,52.6886,37.8707,28.2731,19.7296,20.9637,35.638,False,Other/Random,26.02
1609,28.768,41.704,356.05,6082.9,209.244,1179.0,38.74,48.2456,26.2373,46.1341,56.3365,19.3554,17.713,25.9411,41.704,False,Other/Random,26.24
1610,188.44,19.402,152.72,6469.64,213.703,1881.0,48.94,26.9811,32.6163,32.4686,46.6814,28.758,40.3212,19.5065,19.402,False,Other/Random,26.98
1611,320.275,57.352,47.08,6590.02,202.854,1296.0,40.62,57.7819,39.1131,52.4822,41.5205,9.974,5.0968,39.0826,49.6391,True,Other/Random,39.11
1612,31.87,24.565,311.8,8925.65,205.044,1215.0,39.33,29.428,34.1534,37.5862,37.8484,29.2458,31.1674,22.477,24.565,False,Other/Random,29.43
1613,29.855,49.966,320.51,9967.29,186.429,63.0,8.96,50.8279,29.3399,60.5517,44.2321,15.935,12.8839,29.1964,48.3905,True,Other/Random,29.34
1614,184.036,40.317,170.33,10051.41,240.398,10120.0,113.49,40.6925,8.6157,55.7689,56.2373,38.8716,32.951,7.0864,40.317,True,goss,8.62
1615,190.862,20.713,194.68,12432.86,214.377,1647.0,45.79,32.7762,34.4681,28.3461,54.5952,20.9819,38.8258,25.1287,20.713,False,Other/Random,28.35
1616,352.074,30.132,350.74,12815.17,204.033,1647.0,45.79,34.5897,22.0323,40.7869,55.9221,29.3831,34.2737,16.5947,30.132,False,Other/Random,22.03
1617,225.106,10.608,150.35,12895.57,222.877,6435.0,90.52,18.7279,40.0044,31.3508,42.1712,29.5458,44.1276,16.6953,10.608,True,Other/Random,18.73
1618,31.626,26.748,320.86,12914.14,190.645,279.0,18.85,27.7648,28.5789,45.7696,37.0634,28.7326,29.181,17.0606,26.748,False,Other/Random,27.76
1619,4.996,38.338,339.43,13531.19,220.583,4248.0,73.54,41.2701,18.3908,47.9896,53.6447,33.8408,32.7741,16.925,38.338,False,Other/Random,18.39
1620,98.214,9.235,276.19,14378.19,197.125,432.0,23.45,17.0971,47.8267,31.9275,38.3855,31.7385,47.5606,17.0963,9.235,True,Other/Random,17.1
1621,323.031,25.093,52.37,14493.98,200.265,882.0,33.51,29.3776,35.3457,38.6219,35.6008,27.4488,30.0337,23.1993,25.093,False,Other/Random,29.38
1622,300.182,10.064,73.32,14562.97,201.667,729.0,30.47,16.8261,43.9691,33.0279,38.2746,33.0275,45.057,16.3377,10.064,True,Other/Random,16.83
1623,7.233,38.894,319.93,15924.21,224.746,7011.0,94.48,50.4882,35.5154,40.6811,52.1064,29.8631,31.2821,34.6894,38.894,False,Other/Random,35.52
1624,341.068,18.801,28.91,16174.56,202.328,1098.0,37.39,21.2636,30.339,39.6096,42.0692,36.8066,38.4714,12.4444,18.801,True,Other/Random,21.26
1625,16.422,43.781,318.86,16855.72,204.75,1044.0,36.46,49.9764,31.5016,48.0404,49.5601,21.931,24.0838,31.0555,43.781,False,Other/Random,31.5
1626,161.272,23.147,218.33,17126.33,214.134,2880.0,60.56,30.2452,32.7899,34.2347,43.579,30.8423,35.0474,22.178,23.147,False,Other/Random,30.25
1627,353.367,31.888,46.1,437.34,217.665,1881.0,48.94,50.3364,43.0193,32.3522,56.0225,24.4836,34.0656,40.586,31.888,False,Other/Random,32.35
1628,225.886,46.477,128.07,1695.39,199.348,621.0,28.12,46.8467,37.4797,57.4372,31.8839,10.771,8.2868,35.0692,46.477,True,Other/Random,31.88
1629,222.819,9.19,99.43,2692.49,236.42,8145.0,101.84,38.8139,55.2691,11.7001,52.1084,11.6629,45.5532,38.5493,9.19,True,rotated_cube,11.7
1630,54.333,56.922,318.64,2997.06,219.716,4185.0,73.0,58.2608,43.3125,51.1383,39.1435,24.7482,8.0217,43.0604,47.0978,True,Other/Random,39.14
1631,160.344,46.475,212.14,4206.66,217.465,2709.0,58.73,48.0326,23.1166,56.1987,49.0321,22.5197,21.149,22.9794,46.475,False,Other/Random,23.12
1632,305.275,30.445,42.23,5401.42,228.606,4230.0,73.39,32.8531,35.3555,44.2534,31.943,28.6366,25.1059,25.7554,30.445,False,Other/Random,31.94
1633,151.138,48.691,229.7,6649.12,202.8,630.0,28.32,52.7117,36.4053,54.0273,43.834,12.1851,14.0055,35.9562,48.691,True,Other/Random,36.41
1634,161.619,47.563,221.78,6673.91,205.122,963.0,35.02,52.7054,31.9414,51.9776,46.6561,18.4971,21.8281,31.8499,45.5436,False,Other/Random,31.94
1635,201.69,40.928,187.16,6890.52,202.42,1179.0,38.74,49.715,27.6611,43.8717,58.9626,18.4718,21.9603,27.4831,40.928,False,Other/Random,27.66
1636,34.532,51.951,325.01,6911.5,189.0,54.0,8.29,51.9529,28.9568,54.5168,44.328,20.2476,8.8413,28.925,49.5536,True,Other/Random,28.96
1637,75.306,47.009,314.43,7775.0,212.196,1377.0,41.87,55.1697,45.3927,49.291,35.7931,31.7786,24.5906,49.5653,44.9651,False,Other/Random,35.79
1638,209.042,38.553,179.28,8194.8,208.386,2259.0,53.63,47.5169,29.2133,41.8796,57.1895,16.527,19.819,28.4822,38.553,False,Other/Random,29.21
1639,217.225,44.225,145.49,9213.85,210.394,2124.0,52.0,44.3041,26.975,59.0916,39.8677,23.5014,12.0445,25.611,44.225,True,Other/Random,26.97
1640,210.402,14.5,133.0,10759.5,186.0,18.0,4.79,22.0061,38.327,31.8213,40.8624,31.0087,40.8175,18.8188,14.5,True,Other/Random,22.01
1641,188.797,42.329,156.2,11358.85,194.053,513.0,25.56,44.7939,18.638,51.4789,53.504,30.2567,29.4839,18.2274,42.329,False,Other/Random,18.64
1642,205.785,26.772,138.17,12048.41,219.511,2853.0,60.27,31.1364,31.0136,39.2397,40.1385,29.5421,30.3725,21.5734,26.772,False,Other/Random,31.01
1643,305.432,55.409,49.55,12842.34,198.0,486.0,24.88,55.5701,44.1875,55.6883,33.5323,16.6975,7.8703,43.27,47.8737,True,Other/Random,33.53
1644,322.245,17.509,65.52,12976.39,203.12,1350.0,41.46,32.7327,45.3839,24.5212,42.4666,24.039,37.412,30.7901,17.509,False,Other/Random,24.52
1645,214.638,31.584,140.09,13084.27,205.49,1341.0,41.32,32.0099,27.6923,50.3525,35.9685,25.3743,24.1478,19.652,31.584,False,Other/Random,27.69
1646,61.941,24.85,320.79,14228.9,200.069,261.0,18.23,33.557,40.9457,33.2508,37.0621,24.7204,31.5557,29.4626,24.85,False,Other/Random,33.25
1647,149.183,33.162,234.57,14293.25,191.5,108.0,11.73,40.5961,37.5559,39.2231,39.7091,23.8933,23.6044,32.0806,33.162,False,Other/Random,37.56
1648,229.469,2.433,142.89,14424.54,221.33,5679.0,85.03,12.5953,44.8985,32.7291,45.0013,32.6455,52.3102,12.4692,2.433,True,cube,12.6
1649,190.715,24.603,196.58,15000.77,230.197,3969.0,71.09,36.5896,33.0856,30.2314,56.3882,20.2747,36.3123,26.6869,24.603,False,Other/Random,30.23
1650,35.843,44.048,312.49,15774.65,207.156,1386.0,42.01,45.4925,32.8418,54.7334,37.3159,14.2692,12.7302,30.9183,44.048,True,Other/Random,32.84
1651,165.751,41.468,216.31,16670.0,206.614,909.0,34.02,46.7418,27.8613,47.144,50.1007,24.9366,26.1963,27.0955,41.468,False,Other/Random,27.86
1652,217.73,40.721,127.35,16940.49,202.48,675.0,29.32,43.2591,35.4,50.2436,35.1639,14.8285,14.9942,31.9498,40.721,True,Other/Random,35.16
1653,207.781,46.212,167.54,393.93,222.828,2772.0,59.41,48.5531,21.0376,50.0986,53.2796,27.3165,15.7328,21.015,46.212,False,Other/Random,21.04
1654,134.13,17.7,214.81,1605.57,233.529,8199.0,102.17,20.848,35.0798,38.1574,37.5667,33.9821,37.0383,15.8394,17.7,False,Other/Random,20.85
1655,224.954,10.016,121.33,1757.49,231.448,6687.0,92.27,16.9697,41.7304,32.8101,39.8886,32.6921,44.7196,15.7859,10.016,True,Other/Random,16.97
1656,355.844,30.435,350.13,4251.47,206.918,990.0,35.5,33.442,19.7804,43.1614,54.2982,32.653,35.8373,13.6154,30.435,True,Other/Random,19.78
1657,213.731,43.474,135.87,6343.32,226.223,3753.0,69.13,44.6418,30.4491,55.0352,38.631,16.414,14.0899,28.6562,43.474,True,Other/Random,30.45
1658,107.637,33.4,238.4,6768.47,240.186,6687.0,92.27,36.1243,44.9156,45.2912,23.9028,22.6377,28.2155,33.2382,33.4,False,Other/Random,23.9
1659,15.98,32.542,311.62,7666.47,212.377,1431.0,42.68,45.6094,39.0793,34.8346,49.3296,29.1576,29.4517,35.7067,32.542,False,Other/Random,34.83
1660,185.959,23.582,192.79,7672.59,196.059,153.0,13.96,30.0441,27.9665,35.1488,52.4759,27.7214,38.4785,18.4038,23.582,False,Other/Random,27.97
1661,172.859,20.601,210.49,7884.31,216.619,1395.0,42.14,31.0431,34.5244,29.8009,48.3623,25.3336,39.8921,23.9254,20.601,False,Other/Random,29.8
1662,22.569,48.247,314.29,8378.19,205.636,1188.0,38.89,53.2088,34.3097,52.6968,47.1028,15.6517,18.6468,34.1307,46.4576,False,Other/Random,34.31
1663,352.102,9.547,345.82,8618.6,220.688,3087.0,62.69,24.0302,41.402,24.8061,50.2497,23.2212,47.3622,22.0068,9.547,True,Other/Random,24.03
1664,303.627,31.372,74.43,8991.55,219.494,2241.0,53.42,36.084,45.7014,41.1319,26.923,19.2709,24.5416,33.5416,31.372,False,Other/Random,26.92
1665,195.342,18.445,145.7,10674.24,205.224,684.0,29.51,26.3915,34.449,31.8201,44.5934,29.1538,39.4498,20.2655,18.445,False,Other/Random,26.39
1666,189.705,21.643,154.01,10765.93,208.512,1161.0,38.45,27.0269,29.6584,35.8204,46.0535,31.5915,38.5159,17.3173,21.643,False,Other/Random,27.03
1667,199.856,38.983,131.75,12306.52,213.277,1557.0,44.52,47.9002,36.3435,42.2457,47.3512,23.9339,23.9682,34.5862,38.983,False,Other/Random,36.34
1668,353.735,42.085,352.22,13120.76,202.25,648.0,28.72,44.2657,13.3752,51.8235,58.651,33.308,31.2008,13.1155,42.085,True,goss,13.38
1669,161.229,42.416,215.94,15140.55,223.51,3969.0,71.09,45.6101,25.8748,50.377,47.5112,22.9887,23.035,25.041,42.416,False,Other/Random,25.87
1670,188.588,19.723,181.54,15372.72,222.247,4482.0,75.54,22.1485,27.1355,39.9117,48.7942,34.9657,40.0725,10.051,19.723,True,Other/Random,22.15
1671,20.657,43.566,346.99,15993.99,221.397,1836.0,48.35,44.1999,14.5706,55.9482,52.4342,34.8681,21.4042,14.2493,43.566,True,goss,14.57
1672,172.591,32.945,210.92,16729.89,199.688,1008.0,35.82,40.2838,28.1983,39.1705,50.8895,30.1157,33.2425,24.9972,32.945,False,Other/Random,28.2
1673,303.277,41.635,58.98,759.46,214.938,1296.0,40.62,41.6934,41.2949,58.9796,23.7781,11.1315,15.7071,35.091,41.635,True,Other/Random,23.78
1674,60.344,53.77,315.03,1086.06,219.909,3267.0,64.5,55.7669,45.6815,55.2019,34.8171,24.8638,12.4775,44.5171,45.4936,True,Other/Random,34.82
1675,208.868,34.616,133.36,2024.09,234.218,5463.0,83.4,38.787,31.9111,43.7819,39.503,22.8575,22.9695,27.109,34.616,False,Other/Random,31.91
1676,125.371,57.138,217.84,2880.3,205.2,180.0,15.14,59.3535,43.3533,48.4793,41.5892,28.4118,8.3266,43.2325,46.7693,True,Other/Random,41.59
1677,325.815,34.0,53.32,3672.5,219.014,1989.0,50.32,38.8757,35.6335,42.4875,36.9018,21.4595,22.0106,29.8062,34.0,False,Other/Random,35.63
1678,35.554,55.471,312.73,4302.65,199.826,207.0,16.23,56.5986,37.4649,52.9311,42.7338,8.3269,7.7793,37.4253,47.9137,True,Other/Random,37.46
1679,155.903,45.762,223.43,4328.67,209.391,1242.0,39.77,49.4753,31.3555,52.1291,45.6207,17.1573,18.3301,30.8242,45.762,False,Other/Random,31.36
1680,73.949,48.213,316.64,4397.39,214.914,2313.0,54.27,56.6043,44.4478,50.1972,37.5013,30.9452,23.4428,50.1559,44.2288,False,Other/Random,37.5
1681,168.634,25.26,169.02,4683.13,244.72,15820.0,141.93,33.6047,29.0164,33.807,55.5661,24.1104,35.6849,21.7987,25.26,False,Other/Random,29.02
1682,147.129,43.951,224.69,4820.78,214.866,2358.0,54.79,45.4363,30.9118,54.5697,39.2554,15.9162,14.1433,29.32,43.951,True,Other/Random,30.91
1683,151.499,17.631,184.58,5136.5,236.796,5553.0,84.09,29.64,36.6216,27.4164,49.0328,20.9086,38.0612,24.1727,17.631,False,Other/Random,27.42
1684,0.764,21.988,351.86,5304.67,197.667,162.0,14.36,23.1777,24.1878,43.3762,48.7925,38.3112,41.0283,7.437,21.988,True,Other/Random,23.18
1685,0.189,29.933,349.67,5797.38,215.563,1791.0,47.75,31.567,18.1669,45.6421,52.1797,36.5255,37.8727,10.1666,29.933,True,Other/Random,18.17
1686,206.845,47.119,144.58,6384.64,244.15,6975.0,94.24,47.8491,25.455,58.914,45.0888,19.8862,15.9729,25.1502,47.119,False,Other/Random,25.45
1687,326.792,54.386,42.91,6621.58,201.627,603.0,27.71,55.1796,33.9156,56.5319,44.1686,11.9721,9.6079,33.9063,47.1413,True,Other/Random,33.92
1688,133.934,48.728,224.1,8336.95,214.869,1719.0,46.78,48.7652,35.2925,59.4116,35.17,17.0753,6.0655,34.0207,48.728,True,Other/Random,35.17
1689,235.863,25.315,117.24,8762.81,213.228,1539.0,44.27,26.2229,39.0172,45.4843,27.2269,22.9504,30.1423,22.7657,25.315,False,Other/Random,26.22
1690,185.236,41.365,158.31,9963.66,238.233,5409.0,82.99,44.3838,18.5772,49.9008,54.8145,32.3384,31.9965,18.0784,41.365,False,Other/Random,18.58
1691,163.553,48.071,224.37,10680.0,193.5,18.0,4.79,55.173,35.1689,50.844,44.9923,18.8784,23.1671,35.1262,44.477,False,Other/Random,35.17
1692,9.587,23.062,14.67,11340.74,212.554,1512.0,43.88,33.3507,31.922,30.9239,54.6495,22.5642,37.6384,23.7825,23.062,False,Other/Random,30.92
1693,124.396,37.081,241.91,11649.75,196.5,72.0,9.57,37.5948,40.6568,53.0962,23.7271,12.8734,19.1794,32.1406,37.081,True,Other/Random,23.73
1694,27.314,35.964,332.68,12370.99,242.815,5400.0,82.92,35.964,20.707,57.0112,42.1954,29.6212,22.4602,16.2895,35.964,False,Other/Random,20.71
1695,32.575,42.483,319.03,12772.87,234.805,4761.0,77.86,43.2669,28.2052,55.519,39.2872,18.7163,15.3545,26.2838,42.483,False,Other/Random,28.21
1696,220.203,38.144,129.95,12944.4,195.15,180.0,15.14,39.3487,33.2616,51.4241,33.1049,16.9074,16.9424,28.4059,38.144,False,Other/Random,33.1
1697,343.624,37.443,39.39,14306.25,200.438,288.0,19.15,43.7331,29.9764,43.2203,47.6302,26.159,26.6032,27.927,37.443,False,Other/Random,29.98
1698,256.066,7.477,120.82,15104.25,202.179,252.0,17.91,18.4564,45.7304,29.0719,41.5452,28.5688,48.4364,18.232,7.477,True,Other/Random,18.46
1699,163.053,47.014,218.83,15250.63,209.199,1179.0,38.74,51.594,29.6476,52.099,47.2848,20.0544,22.9626,29.5652,45.5927,False,Other/Random,29.65
1700,204.336,10.229,121.81,16228.79,226.859,3762.0,69.21,35.3223,50.0892,15.1174,50.9337,14.4192,45.264,34.4223,10.229,True,Other/Random,15.12
1701,308.829,32.795,37.8,15.4,230.412,2340.0,54.58,35.3466,33.5888,45.2582,34.1287,29.6728,22.3303,26.2605,32.795,False,Other/Random,33.59
1702,181.014,19.186,153.42,728.6,211.01,882.0,33.51,31.8682,36.2737,27.2441,50.7316,22.31,42.4091,25.6243,19.186,False,Other/Random,27.24
1703,226.022,15.906,107.25,1753.88,198.375,72.0,9.57,31.0286,46.9653,24.1809,41.2893,24.074,38.8329,29.9066,15.906,False,Other/Random,24.18
1704,197.536,45.204,133.39,2057.37,218.961,684.0,29.51,53.3311,36.2998,47.7884,47.7359,20.4615,22.9425,35.9715,45.204,False,Other/Random,36.3
1705,209.073,33.375,176.23,2779.76,226.773,2421.0,55.52,41.6637,28.6586,38.611,53.0988,19.1848,23.9269,26.0004,33.375,False,Other/Random,28.66
1706,204.94,51.049,139.95,3559.28,208.574,549.0,26.44,53.0941,30.1646,58.6452,47.139,15.1477,16.3807,30.1547,45.1571,False,Other/Random,30.16
1707,323.504,26.737,39.33,5583.0,227.074,1575.0,44.78,26.8841,28.8947,49.6,35.2952,28.434,28.4876,16.5697,26.737,False,Other/Random,26.88
1708,182.169,32.146,154.67,5958.62,204.207,261.0,18.23,39.4413,26.8831,38.7001,53.0152,28.3416,36.1533,23.52,32.146,False,Other/Random,26.88
1709,307.483,47.845,36.17,7354.35,204.65,540.0,26.22,50.4047,37.5062,53.6453,38.3924,28.4792,9.0414,36.3357,47.845,True,Other/Random,37.51
1710,163.395,15.735,216.04,7482.73,234.326,4059.0,71.89,24.9585,36.7537,29.9505,44.5788,28.0301,41.3663,20.4923,15.735,False,Other/Random,24.96
1711,206.57,44.786,124.09,8400.0,202.5,54.0,8.29,53.1239,41.2227,47.3116,45.4203,17.6538,17.165,40.1634,44.786,False,Other/Random,41.22
1712,127.356,13.883,219.65,9056.04,239.304,5661.0,84.9,18.9935,38.7872,34.8149,38.3328,32.273,41.0049,16.3466,13.883,True,Other/Random,18.99
1713,338.931,37.184,45.15,9329.83,219.103,1053.0,36.62,44.068,33.0887,42.4824,45.2485,24.2297,24.3527,30.5534,37.184,False,Other/Random,33.09
1714,317.046,44.719,52.76,9828.66,217.906,1629.0,45.54,45.7276,36.7649,56.3427,32.8323,10.9331,10.1365,34.0674,44.719,True,Other/Random,32.83
1715,109.322,49.176,225.65,10597.17,217.331,1278.0,40.34,54.8236,45.0924,52.8424,34.3438,30.8942,20.8882,47.7442,44.4307,False,Other/Random,34.34
1716,323.559,24.695,66.89,11272.72,234.336,3699.0,68.63,39.0195,45.6802,28.6056,41.5357,27.7799,30.4726,35.6968,24.695,False,Other/Random,28.61
1717,181.65,30.883,165.8,11375.17,205.083,324.0,20.31,33.278,19.1197,44.5085,51.8825,35.0582,36.8462,12.8114,30.883,True,Other/Random,19.12
1718,344.644,47.598,46.06,11461.26,236.82,4644.0,76.9,56.1534,37.1431,49.5786,44.854,19.9395,24.0294,37.0875,44.5965,False,Other/Random,37.14
1719,207.801,40.928,123.28,12683.57,199.714,63.0,8.96,49.7533,40.8343,43.8474,43.7084,20.15,18.7047,38.7409,40.928,False,Other/Random,40.83
1720,24.615,47.843,324.89,12715.96,234.887,3501.0,66.77,48.9144,25.3922,58.3879,46.6586,19.77,17.2797,25.2447,47.6278,False,Other/Random,25.39
1721,287.838,30.37,91.19,13593.6,219.253,2025.0,50.78,35.7193,53.2727,39.7613,23.7821,21.0052,30.0708,35.4361,30.37,False,Other/Random,23.78
1722,332.241,44.428,47.26,14263.11,219.827,2970.0,61.49,48.3203,33.4408,50.9022,42.8028,16.0679,16.6287,32.3443,44.428,False,Other/Random,33.44
1723,114.887,10.922,255.16,14348.8,207.649,666.0,29.12,14.8299,43.5869,36.5688,36.2404,35.4581,44.589,14.3543,10.922,True,cube,14.83
1724,1.024,13.71,22.7,14533.18,220.343,1890.0,49.06,27.3514,39.0319,25.2679,50.0087,22.4507,45.5601,23.696,13.71,True,Other/Random,25.27
1725,43.596,51.789,311.9,15204.27,218.168,1980.0,50.21,51.971,37.5135,55.7869,36.2463,11.4701,3.154,36.7613,51.789,True,Other/Random,36.25
1726,154.971,4.522,226.62,15486.43,229.36,3276.0,64.58,22.054,46.4209,23.8358,47.4011,23.7138,50.5016,21.7396,4.522,True,Other/Random,22.05
1727,2.842,23.916,323.09,15572.89,220.277,1395.0,42.14,41.4198,40.3154,26.2629,53.9667,19.3298,39.3622,34.3286,23.916,False,Other/Random,26.26
1728,352.763,22.458,26.66,16152.07,220.525,1647.0,45.79,29.6102,30.6288,33.9134,47.6082,28.9427,38.7264,20.1486,22.458,False,Other/Random,29.61
1729,212.612,50.734,136.98,16394.95,230.602,1017.0,35.98,51.7213,32.1601,58.3303,42.5402,13.2115,10.6284,31.9433,49.2959,True,Other/Random,32.16
1730,169.472,15.86,210.32,193.27,219.138,981.0,35.34,25.3131,36.0553,29.7138,46.1905,27.2616,42.3258,20.3778,15.86,False,Other/Random,25.31
1731,261.591,4.28,102.21,566.72,235.827,6237.0,89.11,5.7236,44.5773,41.4111,40.9626,40.9552,51.3423,5.672,4.28,True,cube,5.72
1732,265.56,20.915,84.98,1341.49,233.554,4725.0,77.56,22.9332,50.1399,41.0656,25.7296,25.4881,40.4696,22.933,20.915,False,Other/Random,22.93
1733,318.275,46.489,46.15,2803.5,202.5,72.0,9.57,46.6875,33.7227,60.1885,35.2537,14.2798,8.6243,32.0586,46.489,True,Other/Random,33.72
1734,43.297,45.295,314.9,3710.66,212.01,873.0,33.34,45.329,33.2576,61.7941,34.4057,16.0778,9.5297,31.19,45.295,True,Other/Random,33.26
1735,338.424,51.197,52.58,5326.52,245.439,6354.0,89.95,59.3064,41.6091,52.6224,43.5562,14.844,18.976,41.5747,43.5561,True,Other/Random,41.61
1736,174.334,32.989,174.86,5606.63,200.625,72.0,9.57,34.667,15.7454,47.1681,56.1282,35.1165,34.0937,10.3611,32.989,True,Other/Random,15.75
1737,137.025,5.955,182.09,5898.19,252.911,6966.0,94.18,41.298,56.0144,7.2374,58.5822,4.1094,48.7846,40.8967,5.955,True,rotated_cube,7.24
1738,329.318,46.378,43.81,6521.65,232.341,2637.0,57.94,48.1014,31.0014,55.7708,41.584,15.0881,13.8273,30.1946,46.378,True,Other/Random,31.0
1739,206.129,25.881,161.55,7215.6,222.891,2880.0,60.56,26.9775,24.2513,45.1525,42.8492,36.3397,31.053,12.2979,25.881,True,Other/Random,24.25
1740,17.726,39.97,321.35,10303.79,216.526,1026.0,36.14,44.9163,28.565,46.4057,47.4199,24.1101,24.6785,27.1731,39.97,False,Other/Random,28.56
1741,23.667,41.026,315.85,11435.4,199.2,45.0,7.57,45.6571,31.3518,47.5209,44.2628,20.4231,20.8062,29.7604,41.026,False,Other/Random,31.35
1742,35.371,53.559,320.29,11640.22,219.399,1692.0,46.41,53.7215,32.1433,56.3934,43.3606,15.7744,7.8893,32.1157,49.0059,True,Other/Random,32.14
1743,40.969,49.141,310.54,12111.79,204.5,378.0,21.94,49.8243,36.385,56.0416,36.0745,10.2808,6.4303,35.2403,49.141,True,Other/Random,36.07
1744,30.634,33.266,321.59,13162.27,219.554,2097.0,51.67,34.1377,26.4718,49.5261,38.0897,25.1904,23.565,20.1277,33.266,False,Other/Random,26.47
1745,58.93,40.416,299.65,13256.28,202.56,225.0,16.93,40.4399,41.9437,58.758,22.3701,11.5668,17.5673,34.7094,40.416,True,Other/Random,22.37
1746,33.605,44.687,317.67,13394.92,231.983,5247.0,81.74,45.4879,29.6414,56.9647,39.3758,16.7432,13.2593,28.2729,44.687,True,Other/Random,29.64
1747,142.112,13.227,234.49,14365.5,204.0,90.0,10.7,21.1979,40.355,31.2698,39.9231,30.8809,41.6327,19.0822,13.227,True,Other/Random,21.2
1748,355.674,34.181,342.08,14860.08,206.143,126.0,12.67,40.6008,23.989,40.873,56.7624,27.4349,34.3581,21.6312,34.181,False,Other/Random,23.99
1749,169.645,36.835,221.32,16354.12,229.997,3609.0,67.79,47.7727,35.0568,39.3314,52.3523,29.6021,30.1404,33.51,36.835,False,Other/Random,35.06
1750,4.057,23.215,325.54,648.85,233.525,3753.0,69.13,38.0859,37.827,27.3694,52.0204,21.0741,39.3113,30.768,23.215,False,Other/Random,27.37
1751,201.725,27.701,134.25,704.25,214.385,468.0,24.41,36.5134,35.0612,34.6219,43.6717,30.7046,30.701,27.9962,27.701,False,Other/Random,34.62
1752,246.511,12.215,82.28,1131.0,202.5,36.0,6.77,33.4589,54.1627,18.4032,44.6312,18.1397,43.531,33.4146,12.215,True,Other/Random,18.4
1753,106.365,3.739,243.39,1821.85,226.569,1170.0,38.6,10.9043,44.8821,34.9494,42.7181,34.8466,51.4752,10.8174,3.739,True,cube,10.9
1754,342.885,45.53,47.86,3052.7,234.865,3807.0,69.62,54.4769,37.7109,47.5959,47.1737,20.6613,23.1518,37.4294,45.53,False,Other/Random,37.71
1755,163.91,39.227,218.28,4089.05,210.109,495.0,25.1,44.8522,28.9414,45.1499,48.2388,25.2573,25.9412,27.471,39.227,False,Other/Random,28.94
1756,199.823,16.631,144.11,4274.36,242.212,4077.0,72.05,23.0851,34.8433,33.2836,42.8,31.4613,40.1211,17.7073,16.631,False,Other/Random,23.09
1757,158.985,25.936,227.37,4556.2,245.568,4122.0,72.45,36.8147,37.245,31.8488,44.7024,28.38,32.2772,29.6009,25.936,False,Other/Random,31.85
1758,240.733,45.011,115.49,5459.77,221.884,1161.0,38.45,45.161,46.0256,56.4444,21.0791,6.3687,15.4212,39.9071,45.011,True,Other/Random,21.08
1759,148.545,39.838,235.8,6819.46,218.769,468.0,24.41,46.4285,38.7208,44.6803,40.2195,18.551,17.8544,35.8171,39.838,False,Other/Random,38.72
1760,134.041,37.754,232.84,7163.58,217.941,1071.0,36.93,38.3534,35.2009,53.1515,29.6911,15.7952,16.9953,29.207,37.754,False,Other/Random,29.69
1761,181.11,16.449,185.07,7426.26,218.593,729.0,30.47,17.5641,29.1773,42.0371,47.6057,39.0486,43.9174,6.1426,16.449,True,Other/Random,17.56
1762,206.78,43.749,125.33,7443.0,203.4,45.0,7.57,51.5123,39.8477,46.8225,44.6284,17.8751,17.5671,38.5747,43.749,False,Other/Random,39.85
1763,188.618,16.397,186.93,7617.34,220.723,1269.0,40.2,22.5599,32.2743,33.6203,49.8563,29.7894,42.317,15.39,16.397,False,Other/Random,22.56
1764,151.45,21.275,217.53,7805.07,227.016,1647.0,45.79,23.0724,30.6537,41.6536,38.6242,32.7852,34.7006,14.5562,21.275,True,Other/Random,23.07
1765,233.862,24.222,108.83,8891.87,230.068,2376.0,55.0,29.695,43.1035,36.634,30.7287,25.5665,30.9619,27.4485,24.222,False,Other/Random,29.69
1766,243.593,22.136,124.01,9178.08,243.925,4320.0,74.16,23.3899,39.3341,43.2548,28.981,27.9864,34.2695,20.5307,22.136,False,Other/Random,23.39
1767,334.694,50.022,46.73,10389.91,213.818,297.0,19.45,54.1442,35.075,54.9743,46.7402,13.0673,16.2562,34.952,46.1513,True,Other/Random,35.08
1768,12.903,12.809,13.43,11390.52,244.673,5922.0,86.83,29.2335,41.0022,22.6069,53.1947,19.2092,44.2475,26.1658,12.809,True,Other/Random,22.61
1769,60.429,1.178,310.04,14785.15,221.438,1296.0,40.62,10.5349,45.4933,34.5505,45.2006,34.5354,53.6007,10.5133,1.178,True,cube,10.53
1770,333.087,49.57,47.14,15742.68,227.764,1143.0,38.15,53.2956,34.9596,55.0636,45.4553,12.6871,15.1539,34.7435,47.2534,True,Other/Random,34.96
1771,258.093,2.396,119.07,16328.34,210.293,369.0,21.68,17.3282,47.2645,27.9379,45.9041,27.8881,52.7393,17.3076,2.396,True,Other/Random,17.33
1772,329.094,45.6,31.16,983.63,231.036,3762.0,69.21,45.6007,23.6608,58.4607,43.7067,24.2072,14.1276,23.049,45.6,True,Other/Random,23.66
1773,63.118,45.575,300.56,1153.92,216.926,846.0,32.82,45.7153,45.3948,59.9519,22.1877,12.1616,16.5977,39.8694,45.575,True,Other/Random,22.19
1774,144.358,29.979,233.68,3430.08,244.0,3105.0,62.88,34.8804,35.7195,40.1119,36.0277,24.13,25.4894,27.3726,29.979,False,Other/Random,34.88
1775,216.647,53.847,137.11,4110.09,211.781,288.0,19.15,54.1808,34.233,57.1602,42.0691,13.1675,6.8384,34.1582,49.6214,True,Other/Random,34.23
1776,79.976,1.036,251.69,4359.39,226.024,765.0,31.21,28.3525,52.7271,16.6979,51.895,16.6914,53.8889,28.3524,1.036,True,Other/Random,16.7
1777,324.037,47.08,49.01,6238.5,207.0,54.0,8.29,48.7551,34.8073,56.3837,38.2724,11.5593,10.3704,33.6158,47.08,True,Other/Random,34.81
1778,191.962,35.226,127.62,7296.9,215.325,360.0,21.41,53.1251,44.8508,35.5134,54.7501,28.9297,29.9529,43.0068,35.226,False,Other/Random,35.51
1779,172.636,16.756,172.04,7999.45,255.514,10720.0,116.82,22.6696,31.8519,33.987,50.0428,30.0889,42.3328,15.1598,16.756,False,Other/Random,22.67
1780,320.893,51.735,51.71,8495.98,223.262,963.0,35.02,53.145,38.7028,52.5045,38.1164,6.9963,5.5919,38.0543,51.735,True,Other/Random,38.12
1781,345.823,39.951,49.94,9885.75,240.659,4509.0,75.77,53.1272,40.8436,40.9624,51.5218,27.0816,26.7681,39.8532,39.951,False,Other/Random,40.84
1782,0.255,13.331,12.85,11430.0,208.5,36.0,6.77,18.673,34.2006,34.502,47.157,32.3496,45.9323,13.0983,13.331,True,Other/Random,18.67
1783,337.266,50.39,40.82,11971.57,209.714,189.0,15.51,53.3372,30.8049,56.7102,46.3383,15.5223,18.1542,30.7919,44.7204,False,Other/Random,30.8
1784,55.273,26.081,292.33,12670.4,228.535,1413.0,42.42,28.8312,41.2092,41.529,27.829,22.5655,29.3348,25.9377,26.081,False,Other/Random,27.83
1785,332.063,43.826,50.4,14697.94,223.03,603.0,27.71,48.9939,35.8576,49.0261,42.843,16.3345,16.8554,34.556,43.826,False,Other/Random,35.86
1786,207.194,12.212,175.8,14885.34,232.887,1989.0,50.32,25.9971,40.1002,25.1308,48.6514,21.9284,43.2203,23.1048,12.212,True,Other/Random,25.13
1787,158.329,43.13,218.06,15270.86,210.643,126.0,12.67,45.9997,26.9781,51.3771,46.0075,21.1083,20.9456,26.1222,43.13,False,Other/Random,26.98
1788,52.821,51.779,324.36,17036.66,219.396,477.0,24.64,54.3678,39.369,50.5432,40.4348,29.0641,6.9263,38.89,51.2479,True,Other/Random,39.37
1789,7.707,41.736,317.98,232.54,217.622,999.0,35.66,53.5392,36.9197,43.0233,49.1217,27.9892,30.3173,36.5643,41.736,False,Other/Random,36.92
1790,205.4,34.805,131.15,689.25,210.0,72.0,9.57,41.764,34.7186,40.7601,42.4154,24.2505,24.0623,30.7254,34.805,False,Other/Random,34.72
1791,325.482,35.472,62.0,1397.72,228.975,1800.0,47.87,44.5999,42.3772,39.4368,39.2987,22.4884,20.5928,37.4115,35.472,False,Other/Random,39.3
1792,68.603,13.037,266.19,1674.09,216.545,297.0,19.45,28.3303,51.0413,23.665,40.3241,23.4575,43.0091,28.2574,13.037,True,Other/Random,23.66
1793,312.514,49.124,55.02,2501.55,227.372,2106.0,51.78,49.6629,40.555,53.9402,31.4693,7.4766,5.9424,38.4957,49.124,True,Other/Random,31.47
1794,347.353,42.062,6.6,5601.0,211.5,36.0,6.77,42.4749,9.5375,56.721,55.7193,37.4857,27.0357,8.9022,42.062,True,goss,9.54
1795,206.145,28.856,137.81,5827.5,208.0,54.0,8.29,32.9339,30.4604,40.6594,40.0526,28.0224,28.5299,22.4369,28.856,False,Other/Random,30.46
1796,184.215,20.472,210.9,6222.63,227.493,1278.0,40.34,40.4838,42.1886,22.7107,56.1056,15.4275,40.7899,34.8768,20.472,False,Other/Random,22.71
1797,181.002,35.82,215.82,6940.44,258.145,10410.0,115.14,50.9331,37.6866,36.7118,54.8233,24.0851,35.7184,36.6365,35.82,False,Other/Random,36.71
1798,319.725,53.708,39.91,7283.14,214.143,189.0,15.51,53.7091,33.9283,54.736,41.3579,17.6233,3.9682,33.8274,52.052,True,Other/Random,33.93
1799,306.861,49.153,18.79,7318.8,218.6,540.0,26.22,59.348,42.6476,44.2757,51.6258,14.7615,8.4923,42.5694,49.153,True,Other/Random,42.65
1800,322.874,54.584,45.22,8415.18,234.155,1566.0,44.65,55.1352,35.9958,55.0821,41.7033,10.9711,6.4232,35.9148,49.4749,True,Other/Random,36.0
1801,321.438,51.247,42.59,8463.4,222.772,1224.0,39.48,51.3944,33.2468,58.8974,39.8456,14.767,6.2103,32.8873,51.247,True,Other/Random,33.25
1802,346.866,5.995,36.75,9540.13,246.507,8316.0,102.9,24.3546,45.7848,22.199,48.5645,21.8165,49.713,23.7221,5.995,True,Other/Random,22.2
1803,314.064,54.363,54.88,10642.51,242.724,4014.0,71.49,55.0385,42.8929,49.8438,34.8691,5.6636,0.8486,42.0515,54.268,True,Other/Random,34.87
1804,33.441,45.046,317.94,10857.49,238.8,5400.0,82.92,45.821,29.5639,57.3008,39.6464,16.7168,13.0901,28.3131,45.046,True,Other/Random,29.56
1805,153.889,31.498,166.79,11191.65,247.107,6858.0,93.44,49.9882,39.7046,31.9931,55.5269,10.2013,26.3753,37.9613,31.498,True,Other/Random,31.99
1806,358.867,18.838,27.66,11308.59,212.294,153.0,13.96,32.4373,37.1985,26.3256,50.974,21.4799,42.5661,26.59,18.838,False,Other/Random,26.33
1807,304.105,30.698,64.67,11586.76,224.937,1278.0,40.34,31.8985,40.3878,47.1473,25.0041,18.0189,25.0735,27.9422,30.698,False,Other/Random,25.0
1808,159.202,42.366,227.7,12088.5,207.0,18.0,4.79,49.8518,35.6008,45.9057,47.4044,20.8494,21.8092,34.5937,42.366,False,Other/Random,35.6
1809,350.592,34.815,40.28,12107.54,251.805,6633.0,91.9,46.2117,35.0224,37.49,52.2414,28.8786,31.4519,32.9233,34.815,False,Other/Random,35.02
1810,242.98,20.442,122.28,13446.92,215.739,207.0,16.23,21.1009,39.2697,44.4997,29.3969,28.4316,35.6852,18.4936,20.442,False,Other/Random,21.1
1811,208.305,28.133,117.79,13817.94,215.438,432.0,23.45,43.7915,45.3499,30.2007,45.1739,28.2129,28.6093,38.7023,28.133,False,Other/Random,30.2
1812,218.264,26.559,118.44,13971.36,248.596,5886.0,86.57,35.1896,40.8056,34.1754,37.1493,27.5222,28.4809,30.5698,26.559,False,Other/Random,34.18
1813,184.831,14.654,196.25,14332.76,237.126,4302.0,74.01,25.6265,36.5964,27.9951,50.1569,24.7356,44.2411,20.9585,14.654,True,Other/Random,25.63
1814,189.851,40.962,183.5,16014.5,229.625,648.0,28.72,42.9938,13.2664,51.3449,59.7695,32.5766,29.1152,12.7009,40.962,True,goss,13.27
1815,191.493,42.192,176.52,16036.01,227.893,1260.0,40.05,42.9121,9.7005,55.5463,57.2438,36.1521,27.7483,9.212,42.192,True,goss,9.7
1816,189.85,40.375,179.45,16111.21,231.844,2079.0,51.45,41.3886,10.5212,53.3958,57.6161,35.5706,29.2724,9.4377,40.375,True,goss,10.52
1817,138.642,48.23,260.27,16716.81,232.233,3438.0,66.16,61.1947,48.6396,42.6847,42.6285,23.6154,7.1005,42.6846,48.23,True,Other/Random,42.63
1818,199.859,48.495,133.52,16877.36,234.922,2430.0,55.62,54.9315,35.9105,51.6634,45.6114,16.7866,20.5859,35.8162,45.222,False,Other/Random,35.91
1819,63.469,23.106,278.61,2321.87,246.185,4086.0,72.13,29.1664,46.945,35.4564,29.4391,26.2354,33.3891,28.295,23.106,False,Other/Random,29.17
1820,29.606,50.702,331.67,3734.84,247.174,3771.0,69.29,50.6616,23.9649,53.2682,47.8107,25.0654,12.8762,23.9649,47.7142,True,Other/Random,23.96
1821,219.837,25.116,125.71,4012.85,238.631,1341.0,41.32,28.9196,35.9123,39.3557,34.3025,26.6638,29.7822,23.1947,25.116,False,Other/Random,28.92
1822,54.355,36.939,281.0,5833.17,255.514,4572.0,76.3,44.1658,50.5948,42.004,29.3254,18.8066,18.9819,41.5144,36.939,False,Other/Random,29.33
1823,142.367,47.276,230.15,5944.6,227.081,1116.0,37.7,48.8129,35.6874,56.2999,37.2253,10.7272,9.3954,34.3602,47.276,True,Other/Random,35.69
1824,47.701,49.043,332.74,6597.96,259.035,7515.0,97.82,52.8883,35.1768,48.4025,45.0065,25.5648,6.0755,34.8831,49.043,True,Other/Random,35.18
1825,317.217,52.901,51.97,8435.28,219.621,261.0,18.23,53.6361,39.9171,52.1669,36.4133,7.1778,2.5626,39.2063,52.901,True,Other/Random,36.41
1826,197.123,31.285,144.58,10542.86,251.385,7938.0,100.53,36.127,27.7262,40.9137,44.9589,29.931,29.7499,22.3873,31.285,False,Other/Random,27.73
1827,350.421,10.045,45.16,10732.61,244.508,3294.0,64.76,36.9276,50.0632,13.762,53.8186,12.1336,46.7993,35.7587,10.045,True,rotated_cube,13.76
1828,158.166,45.615,220.06,11611.5,216.0,72.0,9.57,48.9403,29.0133,52.5278,46.966,18.9157,19.8967,28.6104,45.615,False,Other/Random,29.01
1829,188.668,38.967,168.72,12006.89,222.507,639.0,28.52,39.0511,9.6461,56.9627,53.5311,37.9344,30.3963,7.0674,38.967,True,goss,9.65
1830,265.818,14.385,83.65,12576.94,230.102,1323.0,41.04,17.812,47.9713,37.2651,32.2551,32.0254,44.5399,17.8099,14.385,True,Other/Random,17.81
1831,48.327,33.246,309.25,13334.3,219.0,306.0,19.74,33.3317,34.0749,53.5395,28.9007,19.9937,21.6073,25.2533,33.246,False,Other/Random,28.9
1832,146.214,47.56,219.81,13775.73,252.33,5886.0,86.57,47.918,29.1418,60.7633,40.9895,17.1693,11.2857,28.5138,47.56,True,Other/Random,29.14
1833,349.555,10.622,32.74,15296.63,235.805,3546.0,67.19,24.6671,41.3841,25.0372,47.42,23.8124,46.2582,22.5474,10.622,True,Other/Random,24.67
1834,323.419,51.665,51.63,15604.42,234.965,1566.0,44.65,53.6672,38.4842,52.3067,39.7444,7.1374,7.4038,37.9756,50.9585,True,Other/Random,38.48
1835,11.002,17.678,318.08,15704.37,228.434,684.0,29.51,35.5078,42.3371,22.5663,50.0613,19.3014,40.9182,31.583,17.678,False,Other/Random,22.57
1836,202.234,43.892,133.04,925.54,230.709,927.0,34.36,50.0759,34.5885,48.1373,46.6517,18.9234,20.2746,33.792,43.892,False,Other/Random,34.59
1837,355.903,43.967,40.45,1274.54,242.268,3060.0,62.42,56.4687,37.6456,44.7679,46.5774,28.5026,32.4376,37.5906,43.967,False,Other/Random,37.65
1838,200.666,29.33,155.24,3170.85,223.769,351.0,21.14,29.6081,21.4195,49.9654,42.9368,33.1785,29.8005,11.9022,29.33,True,Other/Random,21.42
1839,143.96,23.212,237.63,3488.48,251.574,4500.0,75.69,31.5993,39.3414,32.8525,38.1368,30.181,31.9513,27.175,23.212,False,Other/Random,31.6
1840,329.26,51.534,56.13,4052.85,240.808,1638.0,45.67,57.0632,42.3508,49.4932,44.3445,9.9092,11.8353,42.0118,47.7036,True,Other/Random,42.35
1841,31.987,53.52,318.99,5610.99,230.391,576.0,27.08,54.2199,32.1552,58.2848,44.7044,13.6436,10.6063,32.1468,47.0013,True,Other/Random,32.16
1842,210.065,43.469,131.27,6272.22,254.129,5796.0,85.91,47.1279,33.9825,50.4914,40.9633,15.7352,15.8975,32.4203,43.469,False,Other/Random,33.98
1843,165.777,24.73,202.44,7268.14,227.87,1035.0,36.3,26.0392,24.1262,44.0834,44.3902,36.227,35.1278,11.1475,24.73,True,Other/Random,24.13
1844,173.851,21.453,188.52,7643.15,222.321,252.0,17.91,21.5821,23.9795,47.4972,47.122,41.9234,39.654,3.5838,21.453,True,Other/Random,21.58
1845,130.818,53.956,223.01,8303.52,230.11,1062.0,36.77,54.2815,39.0363,54.6822,37.3924,19.4787,3.4861,38.5809,52.272,True,Other/Random,37.39
1846,225.091,4.053,153.2,8395.82,229.744,387.0,22.2,18.7309,45.4053,27.0092,46.2914,26.7092,50.6826,18.4362,4.053,True,Other/Random,18.73
1847,82.672,45.889,318.21,9423.47,245.258,1746.0,47.15,60.7131,44.5923,46.0635,43.3739,29.1167,30.016,47.1299,44.5917,False,Other/Random,43.37
1848,355.263,17.657,38.04,11314.11,231.37,657.0,28.92,37.5768,43.3362,21.1543,52.7077,16.8472,42.3422,33.5523,17.657,False,Other/Random,21.15
1849,171.535,43.38,223.74,11801.89,255.079,7857.0,100.02,55.3694,38.1398,44.4054,47.4474,26.6968,29.5154,37.9464,43.38,False,Other/Random,38.14
1850,167.544,33.496,219.53,11928.66,253.632,7398.0,97.05,42.8242,32.8329,37.8696,49.4183,30.4187,30.535,29.8168,33.496,False,Other/Random,32.83
1851,234.063,7.525,144.27,13009.89,227.686,774.0,31.39,19.8051,43.7791,27.6899,43.7988,26.768,47.3147,19.0608,7.525,True,Other/Random,19.81
1852,26.326,38.683,316.71,13657.87,256.083,7281.0,96.28,42.1084,29.8482,47.4572,41.6885,21.2184,20.9099,27.1549,38.683,False,Other/Random,29.85
1853,12.76,12.021,336.4,13847.93,256.778,4464.0,75.39,16.1734,35.3615,36.1539,43.9966,34.9105,44.8851,11.4156,12.021,True,Other/Random,16.17
1854,184.459,21.336,159.06,14042.64,256.645,4842.0,78.52,26.9016,29.2287,35.4838,47.8404,30.6784,40.223,16.8613,21.336,False,Other/Random,26.9
1855,341.488,22.157,42.58,14644.62,229.978,819.0,32.29,32.6028,36.3651,30.3907,44.9308,27.2165,35.872,26.2079,22.157,False,Other/Random,30.39
1856,38.564,49.785,327.22,14835.57,236.498,2583.0,57.35,50.0986,29.1415,53.2335,42.8443,24.3163,7.0963,28.9178,49.785,True,Other/Random,29.14
1857,214.504,48.991,126.3,16782.3,239.247,2403.0,55.31,52.4007,38.9123,52.6506,40.1047,9.3079,10.0458,38.0536,48.991,True,Other/Random,38.91
1858,13.354,40.206,323.24,16929.33,225.545,594.0,27.5,46.2778,28.7411,45.4256,50.2822,25.9724,27.1714,27.7418,40.206,False,Other/Random,28.74
1859,84.73,12.053,300.78,17248.28,236.22,1557.0,44.52,28.1714,49.3931,22.8852,41.7672,21.4724,45.9133,27.9141,12.053,True,Other/Random,22.89
1860,338.664,35.092,45.06,1691.56,242.665,2097.0,51.67,42.1488,33.0792,40.8637,44.5869,25.5782,25.5336,29.6943,35.092,False,Other/Random,33.08
1861,346.559,8.334,356.15,1955.89,239.28,2025.0,50.78,19.1809,40.3389,28.9117,48.0714,27.7547,47.771,17.2592,8.334,True,Other/Random,19.18
1862,161.935,42.937,209.95,3609.65,245.268,3798.0,69.54,44.4765,21.0962,53.7411,48.3936,25.4319,23.2868,20.4317,42.937,False,Other/Random,21.1
1863,47.468,24.455,320.25,3804.41,248.566,3357.0,65.38,25.6263,32.7005,44.3473,33.8146,30.9083,30.3162,18.4377,24.455,False,Other/Random,25.63
1864,244.81,14.229,87.03,4083.96,231.04,675.0,29.32,31.4858,52.1142,22.0134,41.3066,21.8298,41.5433,31.3606,14.229,True,Other/Random,22.01
1865,139.766,34.055,243.88,4859.81,249.409,3303.0,64.85,41.2586,42.0117,40.0275,35.2668,21.1018,20.9356,35.2561,34.055,False,Other/Random,35.27
1866,26.744,29.808,313.93,6854.64,242.549,2097.0,51.67,35.4053,32.7866,39.1495,40.3813,27.1157,27.5742,25.7402,29.808,False,Other/Random,32.79
1867,319.678,53.566,39.92,7305.0,219.0,27.0,5.86,53.5674,33.8746,54.8232,41.2576,17.6513,3.9676,33.763,52.1644,True,Other/Random,33.87
1868,200.306,40.238,179.89,7348.98,223.339,504.0,25.33,44.8334,20.7725,46.9975,57.3407,24.7781,23.0848,20.2221,40.238,False,Other/Random,20.77
1869,21.835,45.361,318.53,7725.1,254.156,3168.0,63.51,49.2216,30.1607,51.6424,46.9061,18.6672,19.9814,29.7025,45.361,False,Other/Random,30.16
1870,183.167,17.268,184.35,7750.66,234.168,963.0,35.02,18.8218,28.6577,41.1392,48.4229,37.6972,42.9528,7.4338,17.268,True,Other/Random,18.82
1871,196.792,27.208,136.07,8852.21,236.474,1026.0,36.14,38.2466,36.1827,32.4546,46.6159,27.8529,32.6001,29.8037,27.208,False,Other/Random,32.45
1872,202.546,34.394,179.75,8950.67,238.031,1440.0,42.82,40.8045,24.7129,41.022,54.6835,22.6607,25.4888,22.3401,34.394,False,Other/Random,24.71
1873,10.237,4.71,24.18,9121.21,249.957,3555.0,67.28,34.7281,52.3672,11.5811,55.8198,10.8263,50.9145,34.3921,4.71,True,rotated_cube,11.58
1874,324.442,57.773,47.7,10694.06,232.971,918.0,34.19,58.855,39.0239,51.3672,43.9954,7.3578,8.4136,39.0239,46.5125,True,Other/Random,39.02
1875,349.002,13.542,32.08,11038.2,241.484,1692.0,46.41,25.0152,38.5582,27.4369,46.5792,25.5929,43.9622,21.5262,13.542,True,Other/Random,25.02
1876,352.972,14.705,11.66,11985.66,226.317,369.0,21.68,15.4135,30.9023,42.8577,45.1177,40.8275,43.7945,5.1749,14.705,True,Other/Random,15.41
1877,326.542,39.589,52.18,12284.47,253.141,3123.0,63.06,43.6316,35.3581,47.2232,37.9016,17.2495,17.3043,32.0921,39.589,False,Other/Random,35.36
1878,47.232,45.828,312.99,13055.74,243.75,2196.0,52.88,45.8285,35.5133,61.5179,32.4553,15.6421,9.0705,33.1557,45.828,True,Other/Random,32.46
1879,318.957,57.708,41.17,13123.61,258.743,6903.0,93.75,57.5689,36.9969,52.9023,42.9435,16.6174,4.4324,36.9968,50.3894,True,Other/Random,37.0
1880,188.513,17.767,198.58,14496.46,239.193,2376.0,55.0,32.3076,37.7341,25.1744,53.5994,19.5208,41.3984,26.8086,17.767,False,Other/Random,25.17
1881,34.257,49.392,320.99,14592.69,238.62,3051.0,62.33,49.6059,29.5382,59.2418,41.8462,17.2325,10.0059,29.2074,49.392,True,Other/Random,29.54
1882,180.625,25.673,193.44,14938.1,235.967,2169.0,52.55,29.2165,23.8035,39.9992,50.7556,32.6794,39.3582,14.0059,25.673,True,Other/Random,23.8
1883,316.477,9.276,60.09,15079.06,238.891,2070.0,51.34,18.9713,43.0116,29.8782,41.3602,29.768,45.4631,18.0695,9.276,True,Other/Random,18.97
1884,7.373,36.665,324.91,15428.65,239.263,2052.0,51.11,45.6734,30.9886,40.4072,52.9703,30.1441,31.8683,29.4646,36.665,False,Other/Random,30.99
1885,7.553,16.428,316.07,15534.52,233.8,1350.0,41.46,39.7998,46.7401,18.5398,53.6322,14.9369,42.5145,36.7351,16.428,True,Other/Random,18.54
1886,145.186,42.093,213.16,15723.34,224.167,324.0,20.31,42.124,25.0982,59.7045,40.2375,24.6156,14.7316,23.2148,42.093,True,Other/Random,25.1
1887,7.706,37.304,7.83,16068.47,230.077,936.0,34.52,40.3033,16.4509,47.2091,59.6714,31.3749,31.4715,14.7154,37.304,True,Other/Random,16.45
1888,177.824,20.293,199.15,16289.94,236.27,2034.0,50.89,26.3989,30.0895,34.4819,48.4487,29.7959,41.478,17.1251,20.293,False,Other/Random,26.4
1889,28.359,46.694,320.22,17162.11,234.707,1107.0,37.54,47.9944,28.3039,56.9598,43.4466,17.2846,15.1419,27.781,46.694,False,Other/Random,28.3
1890,16.793,15.676,335.95,40.7,227.609,207.0,16.23,17.2648,31.5565,40.7592,42.6215,38.9763,41.3843,9.0286,15.676,True,Other/Random,17.26
1891,180.372,25.001,190.33,210.0,220.5,18.0,4.79,27.1617,22.6285,42.2205,50.2897,35.4804,39.7502,10.6683,25.001,True,Other/Random,22.63
1892,61.011,18.816,308.58,246.85,233.935,414.0,22.96,21.0998,38.8605,39.956,32.4164,31.8243,36.9057,18.2901,18.816,False,Other/Random,21.1
1893,334.435,52.669,44.33,696.58,244.347,1584.0,44.91,55.6862,34.091,56.331,45.1154,11.904,15.7709,34.0897,44.1682,True,Other/Random,34.09
1894,164.298,48.026,219.57,809.0,239.111,2520.0,56.64,53.3135,30.9941,52.2163,45.6912,19.7562,23.7225,30.9763,44.299,False,Other/Random,30.99
1895,108.269,43.782,224.65,882.92,231.033,819.0,32.29,51.128,49.3634,47.1397,34.6289,30.276,22.8677,45.1846,43.782,False,Other/Random,34.63
1896,117.543,52.749,215.66,1120.71,234.221,855.0,32.99,58.7274,45.1078,49.9469,41.9938,28.2453,14.1954,46.4812,45.1077,True,Other/Random,41.99
1897,41.43,34.694,303.26,1440.65,242.899,2133.0,52.11,37.8266,36.8537,45.3646,32.4291,18.3775,20.1918,29.9875,34.694,False,Other/Random,32.43
1898,188.724,35.268,146.1,3922.7,228.652,207.0,16.23,43.0982,29.3837,40.3027,51.3048,30.8836,31.63,27.1922,35.268,False,Other/Random,29.38
1899,37.699,29.749,358.98,5697.53,260.676,5589.0,84.36,46.9019,39.813,30.8655,55.1146,8.2021,25.4285,36.8164,29.749,True,Other/Random,30.87
1900,2.015,9.185,345.54,6681.62,262.555,5157.0,81.03,15.4567,37.8964,33.7921,46.1835,32.8035,48.2955,12.4749,9.185,True,Other/Random,15.46
1901,7.329,10.91,15.05,11117.64,248.01,1854.0,48.59,24.8662,40.3945,25.0836,50.4444,23.0445,46.4304,22.2887,10.91,True,Other/Random,24.87
1902,353.82,18.885,32.29,11132.03,227.595,333.0,20.59,32.1274,37.4452,26.6502,49.4051,22.5213,41.221,26.5102,18.885,False,Other/Random,26.65
1903,298.533,10.326,83.1,12965.57,222.857,63.0,8.96,23.9446,47.7975,25.5178,41.0277,25.5029,44.899,23.7319,10.326,True,Other/Random,23.94
1904,195.585,43.892,136.23,14731.95,239.188,2493.0,56.34,51.7833,34.352,46.8537,48.7075,22.2288,24.6093,33.9518,43.892,False,Other/Random,34.35
1905,19.649,23.972,315.49,15680.19,242.868,1224.0,39.48,34.4043,36.43,31.2136,44.7357,27.8449,34.1736,27.5017,23.972,False,Other/Random,31.21
1906,201.005,7.123,115.69,16949.25,219.75,36.0,6.77,43.8591,58.0251,7.3216,58.3489,6.6813,48.2877,43.5129,7.123,True,rotated_cube,7.32
1907,315.044,50.765,45.01,1039.42,230.921,342.0,20.87,50.765,36.1236,59.0051,36.149,15.2907,3.9708,35.2779,50.765,True,Other/Random,36.12
1908,173.876,29.712,167.9,1500.0,243.298,1449.0,42.95,34.7481,23.1224,39.794,55.0417,28.8985,35.2643,17.6774,29.712,False,Other/Random,23.12
1909,185.101,14.008,194.76,3557.83,254.981,2790.0,59.6,24.2634,36.4833,28.7234,49.7643,25.7867,44.618,19.7471,14.008,True,Other/Random,24.26
1910,210.414,12.049,136.17,4326.32,255.102,3186.0,63.69,18.014,38.3526,33.7495,40.9821,33.164,43.1488,15.2063,12.049,True,Other/Random,18.01
1911,218.573,47.697,125.14,4797.0,229.5,126.0,12.67,50.2469,39.0287,53.2831,36.7141,8.6926,8.6336,37.5176,47.697,True,Other/Random,36.71
1912,356.117,28.495,46.97,7369.62,228.231,117.0,12.21,51.2803,46.7394,28.5578,58.3012,21.1357,36.7864,43.5877,28.495,False,Other/Random,28.56
1913,205.105,29.674,135.49,7853.29,244.108,2241.0,53.42,35.336,32.2073,38.9986,41.1418,27.7776,28.1485,25.286,29.674,False,Other/Random,32.21
1914,161.691,17.628,211.7,8364.47,243.62,1872.0,48.82,22.1054,32.5676,36.0824,42.6514,33.9424,39.5422,15.1903,17.628,False,Other/Random,22.11
1915,136.486,51.435,227.78,8679.1,252.314,3006.0,61.87,51.5996,37.1614,56.2247,36.1956,11.8148,3.5078,36.3704,51.435,True,Other/Random,36.2
1916,212.436,34.449,139.16,10126.59,242.617,1341.0,41.32,35.4291,27.6631,49.8512,37.2256,23.4234,22.0419,21.9131,34.449,False,Other/Random,27.66
1917,1.553,32.965,16.88,11077.43,243.974,1386.0,42.01,37.6434,21.7244,42.1052,54.5153,30.4283,36.2011,18.202,32.965,False,Other/Random,21.72
1918,303.897,46.07,47.78,12983.1,238.949,1233.0,39.62,46.7755,39.8015,58.2571,30.0216,19.3189,12.1559,36.752,46.07,True,Other/Random,30.02
1919,185.233,21.471,217.88,13891.93,239.09,1305.0,40.76,47.9346,48.2569,21.5528,59.7792,13.5413,39.9143,42.7862,21.471,True,Other/Random,21.55
1920,67.18,51.447,310.38,16961.04,242.522,1242.0,39.77,54.0103,45.59,57.8643,30.8252,24.7231,17.9912,46.4599,43.8777,False,Other/Random,30.83
1921,286.889,48.758,42.34,17054.34,241.611,1944.0,49.75,57.1497,44.1372,50.6698,38.2171,30.5507,22.7592,50.2375,43.9867,False,Other/Random,38.22
1922,180.781,25.076,189.94,180.81,243.854,1233.0,39.62,27.2379,22.5422,42.2484,50.4783,35.4168,39.5618,10.6525,25.076,True,Other/Random,22.54
1923,168.588,44.011,202.49,276.58,246.288,1593.0,45.04,45.3166,16.4343,55.0473,53.1424,29.9071,27.4,16.2368,44.011,False,Other/Random,16.43
1924,288.328,19.944,97.46,1472.36,243.338,720.0,30.28,32.4967,53.4301,27.6247,35.2918,26.9795,37.665,32.4393,19.944,False,Other/Random,27.62
1925,187.279,6.249,130.21,2962.07,233.786,126.0,12.67,42.9468,57.1778,6.726,59.149,5.4573,49.8928,42.5597,6.249,True,rotated_cube,6.73
1926,174.584,24.9,166.55,4431.49,241.442,936.0,34.52,31.1497,27.0568,35.9468,52.7941,27.8726,37.9427,18.501,24.9,False,Other/Random,27.06
1927,58.244,50.593,321.37,6589.29,227.357,126.0,12.67,54.0276,42.6386,52.8822,38.0302,29.5312,11.3019,41.5714,48.9295,True,Other/Random,38.03
1928,353.995,31.759,47.39,7645.56,264.763,3645.0,68.12,51.7387,44.7103,31.9588,57.114,24.1659,34.4202,42.3745,31.759,False,Other/Random,31.96
1929,151.6,37.256,223.48,8806.21,253.29,3348.0,65.29,40.0916,29.5757,47.448,40.0123,21.5518,21.057,26.002,37.256,False,Other/Random,29.58
1930,37.985,39.459,309.35,9243.05,254.793,2610.0,57.65,41.3645,33.8176,50.6033,34.6647,16.1156,16.0997,29.8656,39.459,False,Other/Random,33.82
1931,354.177,13.761,36.63,10779.36,249.699,1854.0,48.59,33.6727,44.0522,19.7443,51.4529,17.0206,44.6561,31.0008,13.761,True,Other/Random,19.74
1932,26.985,30.904,306.94,11694.5,257.677,3339.0,65.2,40.2286,37.9679,36.1175,42.1536,27.2523,26.5969,32.1422,30.904,False,Other/Random,36.12
1933,342.069,3.659,339.47,12497.8,230.6,135.0,13.11,38.6281,55.7186,7.4921,58.5786,6.7007,51.4957,38.4407,3.659,True,rotated_cube,7.49
1934,37.702,38.969,309.22,12827.7,237.039,693.0,29.7,41.024,33.8248,49.9781,34.7543,16.5161,16.6212,29.6991,38.969,False,Other/Random,33.82
1935,14.383,6.289,7.11,13335.0,236.442,387.0,22.2,22.3838,43.9769,24.3223,49.6372,23.5614,49.3944,21.464,6.289,True,Other/Random,22.38
1936,182.606,24.226,208.21,739.5,246.702,1692.0,46.41,39.0162,36.7005,28.0192,54.595,19.7041,39.291,30.6036,24.226,False,Other/Random,28.02
1937,119.182,48.234,235.23,1169.6,246.917,2268.0,53.74,48.5374,44.6513,59.432,25.742,14.613,13.9498,40.9071,48.234,True,Other/Random,25.74
1938,27.167,40.425,313.1,2407.37,244.899,711.0,30.09,44.8024,32.6391,47.39,41.9315,19.2482,19.3467,30.4939,40.425,False,Other/Random,32.64
1939,337.359,44.502,34.31,3528.75,231.45,180.0,15.14,45.9312,24.0647,55.0877,46.2231,21.8953,19.7689,23.4934,44.502,False,Other/Random,24.06
1940,191.797,31.508,134.28,3977.54,257.205,2106.0,51.78,45.9805,39.3618,33.3518,51.556,26.7409,31.8668,36.0787,31.508,False,Other/Random,33.35
1941,54.6,2.075,288.85,4176.19,256.477,2979.0,61.59,16.6787,46.9396,28.524,46.0665,28.5235,52.6904,16.6514,2.075,True,Other/Random,16.68
1942,62.108,40.291,278.21,5639.24,259.735,2070.0,51.34,44.6612,52.8714,47.3038,23.0105,13.6797,19.0865,42.7727,40.291,True,Other/Random,23.01
1943,207.269,47.987,132.81,6132.81,262.307,4257.0,73.62,51.7308,34.4198,53.7996,44.5204,13.6831,15.3659,34.0029,47.987,True,Other/Random,34.42
1944,170.975,13.49,226.95,6192.72,255.03,1809.0,47.99,40.1695,49.7073,15.2251,54.5576,12.5597,44.3107,38.2189,13.49,True,Other/Random,15.23
1945,15.502,21.394,315.74,7320.71,235.418,495.0,25.1,35.7079,39.5679,26.8035,47.6525,23.331,37.1744,30.2533,21.394,False,Other/Random,26.8
1946,222.783,36.841,130.04,8257.5,264.348,4428.0,75.09,37.5097,33.2255,52.3245,31.5435,17.6864,17.9628,27.3371,36.841,False,Other/Random,31.54
1947,238.514,50.121,117.7,8548.31,253.614,3195.0,63.78,50.2546,47.1612,52.5248,24.4084,6.0494,11.6469,43.3739,49.1248,True,Other/Random,24.41
1948,199.708,43.365,168.91,9455.96,250.236,1485.0,43.48,44.1725,14.1408,55.8695,53.3345,34.1557,22.0845,13.8321,43.365,True,goss,14.14
1949,145.002,45.524,221.81,9797.87,233.87,207.0,16.23,46.004,29.7663,58.7594,39.0831,16.7573,11.972,28.5422,45.524,True,Other/Random,29.77
1950,211.788,31.863,145.37,10381.87,256.118,1836.0,48.35,31.9862,25.1526,52.4032,37.9532,27.5679,24.4998,17.5106,31.863,False,Other/Random,25.15
1951,3.747,17.58,13.92,11335.05,235.304,207.0,16.23,24.8741,32.3366,32.4077,49.7075,28.2435,42.626,17.5278,17.58,False,Other/Random,24.87
1952,195.021,19.226,121.27,11528.29,256.409,2970.0,61.49,47.5603,51.4596,19.2689,55.7941,16.5738,38.918,44.7241,19.226,False,Other/Random,19.27
1953,33.521,51.292,325.43,12525.72,250.341,2556.0,57.05,51.302,28.1076,55.1226,44.4951,20.4353,9.7858,28.0623,49.4162,True,Other/Random,28.11
1954,34.205,47.706,323.12,13212.28,249.042,1953.0,49.87,47.7766,27.8279,59.0562,41.6416,19.5731,10.9495,27.3062,47.706,True,Other/Random,27.83
1955,44.441,43.42,323.58,13447.5,236.679,252.0,17.91,44.1194,30.842,56.4466,37.0991,24.7285,11.3234,28.7822,43.42,True,Other/Random,30.84
1956,303.398,1.188,90.23,14165.22,248.83,1269.0,40.2,33.6484,55.3818,11.4337,54.7198,11.433,53.5722,33.6466,1.188,True,rotated_cube,11.43
1957,185.848,38.601,199.12,15234.23,244.047,954.0,34.85,45.7122,24.6365,43.3127,56.2289,26.5793,32.1954,23.9591,38.601,False,Other/Random,24.64
1958,157.777,43.025,218.77,15252.0,230.4,45.0,7.57,45.9559,27.4274,51.2071,45.6214,20.7872,20.6518,26.5056,43.025,False,Other/Random,27.43
1959,10.292,20.368,3.05,16187.46,232.091,99.0,11.23,24.3102,27.8105,37.5027,49.6919,31.8642,39.207,13.1936,20.368,True,Other/Random,24.31
1960,35.397,47.484,325.09,17186.05,243.711,873.0,33.34,47.4864,27.3483,57.4778,41.7391,21.6639,10.4011,26.8118,47.484,True,Other/Random,27.35
1961,185.753,15.997,186.9,216.48,248.661,1116.0,37.7,20.3706,31.4529,35.9915,49.0299,32.6608,43.1764,12.5304,15.997,True,Other/Random,20.37
1962,327.968,48.252,52.8,855.92,251.143,1323.0,41.04,52.2849,38.2355,53.5628,41.5843,11.0209,12.022,37.4526,48.252,True,Other/Random,38.24
1963,349.89,15.622,349.68,2540.44,248.531,1152.0,38.3,25.6678,35.3447,29.0513,51.4482,25.0865,42.5765,20.2385,15.622,False,Other/Random,25.67
1964,30.257,9.748,313.39,2583.91,250.125,1368.0,41.73,19.021,41.007,30.2272,42.6942,29.8371,45.3553,17.3965,9.748,True,Other/Random,19.02
1965,325.548,26.501,39.94,2807.65,246.07,387.0,22.2,27.0533,29.0112,47.2795,35.9173,28.4249,28.9714,16.8127,26.501,False,Other/Random,27.05
1966,256.102,9.017,95.1,3167.33,255.453,2205.0,52.99,12.5917,45.1816,37.2715,37.1251,36.8009,47.173,12.5029,9.017,True,cube,12.59
1967,196.555,12.135,174.0,3652.9,256.585,954.0,34.85,16.0701,34.7087,36.4589,45.346,34.3321,44.3266,10.7612,12.135,True,Other/Random,16.07
1968,170.757,31.85,193.5,3699.94,241.594,288.0,19.15,32.1259,15.5993,51.2941,49.3988,37.9758,32.8529,7.4336,31.85,True,Other/Random,15.6
1969,154.967,36.398,191.77,3996.22,246.732,369.0,21.68,38.6621,19.7392,47.9351,49.1213,30.2244,23.06,16.9639,36.398,False,Other/Random,19.74
1970,203.71,43.081,132.92,4788.9,234.6,90.0,10.7,48.7451,34.0872,47.9742,45.2844,18.8007,19.725,33.0104,43.081,False,Other/Random,34.09
1971,191.979,33.903,163.77,5597.25,250.417,324.0,20.31,34.1607,15.0892,52.5429,48.9006,36.0577,30.5644,9.11,33.903,True,Other/Random,15.09
1972,342.802,31.029,51.9,5770.22,266.52,3825.0,69.79,46.2306,41.8605,32.6534,49.6055,27.8364,29.8845,37.9237,31.029,False,Other/Random,32.65
1973,192.908,47.077,130.45,6492.95,244.519,711.0,30.09,59.0083,41.6223,47.7716,44.4611,22.6236,25.8789,41.5691,44.4579,False,Other/Random,41.62
1974,175.232,42.181,219.84,6711.0,238.044,207.0,16.23,54.3404,36.6326,43.2817,48.5143,29.1735,32.1787,36.4245,42.181,False,Other/Random,36.63
1975,24.124,10.758,6.62,7293.77,266.312,2862.0,60.37,32.529,45.4525,17.8429,53.6565,14.423,44.7971,30.6511,10.758,True,Other/Random,17.84
1976,246.801,21.364,95.54,7396.17,265.425,5058.0,80.25,27.652,47.6695,34.5722,30.0445,27.6591,35.5265,27.1249,21.364,False,Other/Random,27.65
1977,197.641,42.463,127.91,7431.0,234.692,117.0,12.21,54.1728,41.1358,43.6954,49.9617,23.7379,23.7247,40.3665,42.463,False,Other/Random,41.14
1978,74.16,7.064,268.64,7568.8,269.198,5220.0,81.52,18.584,47.6658,28.6663,41.4971,28.6034,48.6503,18.5623,7.064,True,Other/Random,18.58
1979,349.115,36.249,43.97,7690.76,265.081,2223.0,53.2,48.6996,37.3461,38.0944,52.5882,29.8646,30.0812,35.6604,36.249,False,Other/Random,37.35
1980,44.449,39.498,314.63,8744.98,258.332,2925.0,61.03,39.5083,32.0713,58.5212,32.1909,18.8055,15.2428,27.6166,39.498,False,Other/Random,32.07
1981,195.847,37.311,161.25,10310.24,257.995,5031.0,80.04,37.4198,14.5661,55.6834,48.5853,33.7707,26.9481,11.2591,37.311,True,goss,14.57
1982,174.856,42.56,218.15,11560.25,248.6,540.0,26.22,53.3846,34.695,44.1421,48.4649,28.5854,31.8757,34.5104,42.56,False,Other/Random,34.7
1983,359.256,21.254,23.53,11631.24,263.254,3582.0,67.53,31.0637,32.8721,30.6514,50.3591,24.9971,41.4034,22.8381,21.254,False,Other/Random,30.65
1984,55.925,46.906,301.07,13027.0,232.0,27.0,5.86,46.9967,43.3604,56.0596,25.3585,8.3187,11.5153,39.2981,46.906,True,Other/Random,25.36
1985,187.722,20.844,146.98,13920.27,256.568,999.0,35.66,32.6705,35.8421,28.6067,48.8004,24.0654,39.5796,25.9331,20.844,False,Other/Random,28.61
1986,299.226,8.505,92.67,14227.97,247.114,315.0,20.03,32.982,53.6491,15.612,48.0147,15.5517,46.5903,32.9209,8.505,True,Other/Random,15.61
1987,279.583,21.326,104.28,15184.42,246.154,1053.0,36.62,31.9004,53.9479,29.9398,32.9028,28.521,38.7569,31.8879,21.326,False,Other/Random,29.94
1988,218.464,38.623,127.64,15764.28,246.149,1089.0,37.24,40.9568,34.7633,49.2149,34.2661,16.3141,16.7829,30.3453,38.623,False,Other/Random,34.27
1989,147.266,35.358,227.83,16170.79,247.533,1233.0,39.62,38.3509,31.9936,45.9973,37.2034,20.9794,21.1616,26.9289,35.358,False,Other/Random,31.99
1990,150.627,27.083,230.53,16840.5,231.0,18.0,4.79,34.245,35.7901,35.935,39.7388,28.5256,29.3038,26.9912,27.083,False,Other/Random,34.25
1991,174.4,20.846,207.01,16840.5,237.214,126.0,12.67,29.7971,32.8181,31.3827,48.3614,26.6886,40.1748,21.8608,20.846,False,Other/Random,29.8
1992,199.522,40.701,143.15,16920.07,246.833,810.0,32.11,44.0917,26.374,48.8847,46.3845,23.4687,23.3112,25.0226,40.701,False,Other/Random,26.37
1993,125.151,50.939,216.16,17094.33,244.696,414.0,22.96,54.0436,40.4443,51.2808,39.7594,29.8173,8.7122,39.7502,50.5892,True,Other/Random,39.76
1994,324.175,53.706,45.01,49.5,252.344,1098.0,37.39,54.4282,35.191,55.5766,41.967,10.99,7.5114,35.0893,49.1937,True,Other/Random,35.19
1995,207.242,45.625,135.25,906.35,252.546,1386.0,42.01,48.7009,31.8031,52.8861,43.4736,15.9157,16.3465,31.0423,45.625,False,Other/Random,31.8
1996,326.329,51.383,50.02,1222.57,247.478,1224.0,39.48,53.7524,37.2332,53.3112,41.6196,8.5255,9.6473,36.882,49.4392,True,Other/Random,37.23
1997,293.057,22.788,46.26,2443.28,248.836,1314.0,40.9,30.6825,42.3205,33.208,34.8631,27.1007,34.3484,27.913,22.788,False,Other/Random,30.68
1998,197.955,41.857,136.16,3207.89,257.25,1548.0,44.4,48.9068,33.208,45.8363,48.6567,22.4145,23.7563,32.3084,41.857,False,Other/Random,33.21
1999,189.482,13.021,166.1,3940.22,245.906,576.0,27.08,13.747,32.6308,42.5358,44.3511,41.0228,44.5826,5.1193,13.021,True,cube,13.75
2000,221.843,41.141,119.71,4914.85,260.754,2745.0,59.12,44.9233,40.4684,48.6516,33.1759,13.1754,13.7919,36.3357,41.141,True,Other/Random,33.18
2001,129.931,27.196,265.12,6066.36,268.868,3960.0,71.01,44.101,54.1039,28.9264,40.0709,28.9264,27.7199,42.7624,27.196,False,Other/Random,28.93
2002,185.831,27.064,194.48,7345.47,241.465,387.0,22.2,33.7236,26.4657,36.4773,54.024,26.9636,36.6647,19.8468,27.064,False,Other/Random,26.47
2003,207.68,45.014,129.32,8452.68,253.138,1566.0,44.65,50.2762,36.4156,49.8502,43.4652,15.5649,16.3714,35.3943,45.014,False,Other/Random,36.42
2004,37.731,42.0,320.71,8929.44,249.955,396.0,22.45,42.0276,28.2581,59.7081,37.1785,20.5966,13.8306,25.8296,42.0,True,Other/Random,28.26
2005,92.313,34.996,299.31,8999.01,253.856,1251.0,39.91,46.8326,56.7668,37.3907,32.6535,31.0212,35.1969,46.0537,34.996,False,Other/Random,32.65
2006,328.921,47.951,43.32,9775.68,258.506,1548.0,44.4,49.3992,31.1766,57.5216,42.0673,14.4029,12.7897,30.6489,47.951,True,Other/Random,31.18
2007,25.948,9.065,294.05,9824.65,260.762,2493.0,56.34,40.9752,55.1343,10.349,54.9587,9.7969,46.2323,40.4448,9.065,True,rotated_cube,10.35
2008,191.52,20.844,156.92,12055.2,236.4,45.0,7.57,23.8039,28.0867,39.2463,44.7826,35.6036,38.5662,12.9435,20.844,True,Other/Random,23.8
2009,227.563,48.378,123.71,12326.11,247.568,396.0,22.45,49.1122,40.8875,53.7299,30.9452,6.8485,6.6661,38.5308,48.378,True,Other/Random,30.95
2010,233.173,18.159,111.0,12465.43,244.56,450.0,23.94,24.0445,42.2446,34.2585,33.9322,30.7149,36.8244,22.351,18.159,False,Other/Random,24.04
2011,53.046,46.743,303.43,13278.75,240.321,504.0,25.33,46.8682,41.4902,56.55,27.309,9.2023,10.1231,37.9811,46.743,True,Other/Random,27.31
2012,326.611,50.049,41.88,14782.17,246.623,693.0,29.7,50.7184,31.2483,59.5757,41.9615,14.4748,10.3118,30.9556,50.049,True,Other/Random,31.25
2013,49.027,58.625,317.33,17026.0,235.0,27.0,5.86,58.9382,41.5921,51.7692,40.3068,20.2017,5.1419,41.5354,49.8629,True,Other/Random,40.31
2014,337.754,51.432,47.98,81.73,249.663,855.0,32.99,57.1163,37.3658,54.6911,43.9014,13.3899,18.4402,37.3531,43.6415,True,Other/Random,37.37
2015,23.227,17.239,307.66,2169.73,253.707,1629.0,45.54,33.739,43.301,23.4024,46.3629,21.755,39.0927,30.7242,17.239,False,Other/Random,23.4
2016,224.456,29.053,120.29,4381.12,260.286,2079.0,51.45,32.7376,38.0351,41.3494,31.6255,22.3477,25.685,27.2929,29.053,False,Other/Random,31.63
2017,184.731,39.356,134.71,5442.55,266.78,3312.0,64.94,55.9303,42.2552,39.5959,50.8388,29.0703,32.7025,41.7167,39.356,False,Other/Random,39.6
2018,21.045,36.72,327.47,6010.72,267.503,1773.0,47.51,38.415,22.9253,49.3223,44.1247,26.7217,24.6432,19.668,36.72,False,Other/Random,22.93
2019,311.903,58.126,46.02,6473.48,267.91,3114.0,62.97,58.1599,41.8464,54.6279,38.7031,16.2579,4.2601,41.7047,50.7986,True,Other/Random,38.7
2020,24.668,31.71,315.67,7193.28,268.981,3789.0,69.46,37.1777,31.7566,40.3858,41.5767,26.5158,26.672,26.0832,31.71,False,Other/Random,31.76
2021,315.249,28.8,31.21,7465.34,270.029,2808.0,59.79,31.7635,31.0009,42.4038,37.4107,31.4284,25.9361,22.0162,28.8,False,Other/Random,31.0
2022,197.284,12.42,155.71,8200.65,269.58,2187.0,52.77,14.253,34.3359,39.9011,42.6812,38.7803,44.0034,8.2413,12.42,True,cube,14.25
2023,27.579,42.374,320.71,9303.96,261.414,1044.0,36.46,43.8907,27.0072,53.4084,42.1404,19.9459,17.9037,25.4987,42.374,False,Other/Random,27.01
2024,181.222,3.958,214.56,10300.5,238.5,36.0,6.77,35.9931,53.9161,10.0301,56.1166,9.547,51.9269,35.7792,3.958,True,rotated_cube,10.03
2025,211.877,42.082,132.35,10436.23,259.855,2736.0,59.02,44.815,32.627,50.8547,39.2179,16.3494,15.9667,30.4892,42.082,False,Other/Random,32.63
2026,213.569,30.557,122.0,12006.44,254.308,1053.0,36.62,38.9403,39.434,36.6976,38.7654,25.4969,25.3058,32.2918,30.557,False,Other/Random,36.7
2027,163.803,40.181,228.77,12429.76,265.038,3069.0,62.51,51.2975,38.6241,41.9828,50.7714,25.3121,25.4804,37.5145,40.181,False,Other/Random,38.62
2028,194.169,10.353,174.5,12929.94,258.017,1575.0,44.78,13.4956,35.8353,37.7294,45.1502,36.2536,46.0565,8.813,10.353,True,cube,13.5
2029,45.485,44.476,311.35,13312.77,252.155,873.0,33.34,44.5828,35.0891,60.3219,32.1616,14.1877,10.2662,32.3133,44.476,True,Other/Random,32.16
2030,201.714,45.995,132.53,16534.61,248.014,657.0,28.92,52.3716,35.5962,49.6561,47.8883,17.6723,19.8563,35.1726,45.995,False,Other/Random,35.6
2031,326.895,49.414,48.93,17215.19,247.585,477.0,24.64,51.7343,35.6483,55.1981,41.1249,10.4484,10.7731,35.0926,49.414,True,Other/Random,35.65
2032,79.765,22.091,262.03,1032.37,255.175,1386.0,42.01,28.5537,52.5201,34.5982,28.7695,27.8123,38.0735,28.5502,22.091,False,Other/Random,28.55
2033,123.257,56.361,220.46,1089.3,254.73,801.0,31.94,58.4802,44.461,50.7036,39.3137,27.1754,9.8126,44.1228,45.8779,True,Other/Random,39.31
2034,11.299,34.933,328.87,2201.36,249.107,252.0,17.91,40.0163,25.576,42.825,49.0771,30.5038,30.425,22.7135,34.933,False,Other/Random,25.58
2035,23.399,12.923,312.67,2392.75,251.583,324.0,20.31,27.1525,42.1265,24.6783,45.2656,23.6757,42.9032,24.9551,12.923,True,Other/Random,24.68
2036,130.535,45.671,213.76,2976.4,253.467,405.0,22.71,48.1588,34.6921,53.8323,39.1817,29.3265,9.688,33.3376,45.671,True,Other/Random,34.69
2037,178.9,22.026,179.1,3914.73,263.113,2313.0,54.27,22.1155,23.0534,48.0739,49.8515,43.0667,40.9003,1.9635,22.026,True,Other/Random,22.12
2038,160.81,49.6,228.38,4800.71,264.63,2016.0,50.66,57.0798,38.1734,51.9065,44.1603,16.5192,20.9397,38.1366,44.0097,False,Other/Random,38.17
2039,161.56,47.237,221.05,5375.94,269.629,801.0,31.94,52.0882,31.1907,51.9986,47.1366,18.821,21.8461,31.079,45.8553,False,Other/Random,31.19
2040,278.497,7.397,64.81,5970.89,268.479,2610.0,57.65,18.2479,46.3395,29.2384,41.279,28.8436,48.9253,18.1196,7.397,True,Other/Random,18.25
2041,31.755,20.673,310.85,7249.98,267.996,2034.0,50.89,26.9567,36.1379,34.367,38.882,32.2776,34.8392,21.7773,20.673,False,Other/Random,26.96
2042,10.8,15.848,325.82,7773.99,267.701,1773.0,47.51,28.1831,38.2443,26.7506,47.2298,24.2187,42.2837,23.9512,15.848,False,Other/Random,26.75
2043,276.207,13.736,73.91,7901.32,269.53,2700.0,58.63,16.9081,45.3552,37.6289,33.0324,33.0052,44.6064,16.6961,13.736,True,Other/Random,16.91
2044,216.496,47.077,125.32,8492.23,259.674,1323.0,41.04,50.2798,38.7677,53.5981,37.9945,9.9965,10.099,37.3203,47.077,True,Other/Random,37.99
2045,51.448,54.067,321.59,8598.19,262.569,1170.0,38.6,55.5015,39.6413,51.0005,39.7442,25.4919,5.2844,39.3328,50.7117,True,Other/Random,39.64
2046,133.98,39.395,229.2,8635.65,262.866,1404.0,42.28,39.5181,33.946,56.8403,30.5167,16.6202,15.3584,28.9912,39.395,False,Other/Random,30.52
2047,136.508,53.05,223.89,11314.12,264.717,2070.0,51.34,53.0514,36.3157,57.1708,38.2939,15.3616,2.0797,35.9383,53.05,True,Other/Random,36.32
2048,346.708,19.663,30.08,11586.56,257.516,1116.0,37.7,25.8011,31.9929,34.2738,44.7519,31.0919,38.9754,18.0733,19.663,False,Other/Random,25.8
2049,167.038,31.355,229.55,12572.6,257.649,1152.0,38.3,47.8332,42.2003,32.4364,52.1531,26.4871,31.4405,38.9208,31.355,False,Other/Random,32.44
2050,253.523,16.168,86.41,12611.08,245.539,117.0,12.21,25.7178,49.8803,29.6465,34.8214,29.2941,41.0377,25.652,16.168,False,Other/Random,25.72
2051,43.473,47.157,319.31,13349.75,260.06,1350.0,41.46,47.2344,32.4757,58.8324,36.7234,19.4738,7.6704,31.2096,47.157,True,Other/Random,32.48
2052,357.088,10.88,14.85,13457.37,268.039,3429.0,66.08,16.1388,36.1775,34.7587,46.0504,33.4194,47.0512,12.0027,10.88,True,Other/Random,16.14
2053,340.915,17.727,13.44,13580.82,247.5,450.0,23.94,18.5973,28.9098,43.0185,43.6722,38.9172,39.3266,7.4572,17.727,True,Other/Random,18.6
2054,328.707,46.937,41.71,14131.48,269.926,2187.0,52.77,48.0152,29.7612,57.715,41.6691,15.9145,13.154,29.0855,46.937,True,Other/Random,29.76
2055,168.385,43.162,213.63,14665.94,248.929,765.0,31.21,48.2123,26.5717,48.6413,50.5043,25.5639,27.4386,26.2445,43.162,False,Other/Random,26.57
2056,31.386,42.367,314.82,15208.5,241.5,54.0,8.29,44.4576,30.942,52.1899,39.5965,16.9636,15.9857,28.9924,42.367,False,Other/Random,30.94
2057,149.005,8.026,196.46,16050.77,249.766,423.0,23.21,16.5933,40.322,31.4803,44.6672,30.389,46.9758,14.8578,8.026,True,Other/Random,16.59
2058,27.673,46.729,323.48,16833.75,249.563,288.0,19.15,47.5129,26.1051,58.4543,44.2894,19.3322,15.5763,25.6881,46.729,False,Other/Random,26.11
2059,48.921,44.535,323.97,17137.15,244.154,117.0,12.21,46.2719,33.9109,54.4211,37.2967,27.0065,10.6255,32.0632,44.535,True,Other/Random,33.91
2060,193.929,43.666,135.39,116.54,253.957,828.0,32.47,52.9322,35.9445,45.8445,48.3186,23.3748,25.7745,35.5845,43.666,False,Other/Random,35.94
2061,272.494,4.421,99.77,158.46,255.164,495.0,25.1,13.0337,46.4839,33.0251,42.2995,32.9643,51.5354,13.0306,4.421,True,cube,13.03
2062,168.754,30.211,198.17,420.8,255.275,981.0,35.34,30.9763,18.648,48.2545,47.4038,36.1901,32.8042,10.1184,30.211,True,Other/Random,18.65
2063,214.949,53.476,130.92,778.62,256.816,684.0,29.51,55.1783,37.5651,52.7509,41.8446,7.6192,8.2352,37.3918,48.8002,True,Other/Random,37.57
2064,173.795,29.044,203.36,2486.69,256.511,1215.0,39.33,33.6379,24.5481,40.027,49.308,32.2903,35.5417,18.1727,29.044,False,Other/Random,24.55
2065,193.403,27.123,131.22,2943.77,269.011,2484.0,56.24,44.3123,42.3429,28.7493,51.1557,23.7269,33.8068,37.2325,27.123,False,Other/Random,28.75
2066,330.306,44.636,49.65,3682.04,262.5,1224.0,39.48,48.685,35.044,50.8668,41.6993,14.9214,15.3869,33.791,44.636,True,Other/Random,35.04
2067,236.03,11.739,133.5,3771.53,265.967,810.0,32.11,15.1098,39.7803,37.3027,37.6934,35.7556,43.2538,13.1905,11.739,True,Other/Random,15.11
2068,131.855,13.354,213.12,4235.1,264.151,1071.0,36.93,20.0763,38.7027,32.7527,40.3271,30.0678,41.4062,17.2907,13.354,True,Other/Random,20.08
2069,217.645,12.214,122.03,4516.52,266.515,1170.0,38.6,23.6795,42.639,27.4904,41.7412,27.1697,42.642,22.1778,12.214,True,Other/Random,23.68
2070,161.903,42.972,215.95,5211.04,264.489,1602.0,45.16,46.3704,26.1231,50.4832,48.1675,22.8646,23.2541,25.456,42.972,False,Other/Random,26.12
2071,23.41,31.847,335.18,5484.13,259.109,414.0,22.96,31.8774,20.4038,53.5227,42.7365,32.2467,26.9962,12.9437,31.847,True,Other/Random,20.4
2072,202.01,48.347,135.44,10686.28,266.43,1467.0,43.22,53.0596,33.4893,53.0198,46.958,15.972,19.0325,33.3473,46.1536,False,Other/Random,33.49
2073,31.362,55.327,321.17,11987.74,267.8,405.0,22.71,53.3533,31.7326,56.1917,46.5307,14.9257,11.1827,31.6972,45.3918,True,Other/Random,31.73
2074,336.007,51.95,43.35,12047.49,260.526,684.0,29.51,55.2034,33.241,57.4117,45.0662,13.1825,17.0431,33.2398,43.9924,True,Other/Random,33.24
2075,4.882,36.688,329.34,12642.85,265.634,1206.0,39.19,44.5823,28.3612,41.2645,53.851,29.8883,33.2774,26.8885,36.688,False,Other/Random,28.36
2076,171.268,32.879,143.68,12676.66,251.684,342.0,20.87,55.1818,45.059,32.879,57.6712,19.2871,32.6223,43.8738,32.879,False,Other/Random,32.88
2077,49.61,13.228,280.73,12961.21,270.063,1710.0,46.66,32.4155,50.0351,20.2299,44.0793,20.2174,41.5598,31.8837,13.228,True,Other/Random,20.23
2078,54.972,26.807,288.86,15564.96,250.217,621.0,28.12,31.2286,43.1367,39.1742,28.6705,22.7756,28.6017,28.6971,26.807,False,Other/Random,28.67
2079,313.197,59.317,46.78,16083.93,250.467,405.0,22.71,59.1994,42.3471,52.9988,39.6061,14.9174,4.8243,42.2821,51.1748,True,Other/Random,39.61
2080,207.703,21.251,140.5,17004.51,250.417,324.0,20.31,24.2729,31.6906,39.2595,39.1236,32.7567,34.85,16.5099,21.251,False,Other/Random,24.27
2081,134.815,57.466,224.01,140.9,257.1,270.0,18.54,57.477,39.5346,54.2026,40.1493,16.2467,2.7347,39.4675,53.2686,True,Other/Random,39.53
2082,357.692,9.113,330.07,244.93,257.39,531.0,26.0,33.4684,47.7937,15.6707,53.7458,13.826,48.309,32.2107,9.113,True,Other/Random,15.67
2083,182.524,33.123,185.59,458.86,257.016,576.0,27.08,34.0753,14.1596,49.1868,55.1883,37.8946,35.6489,7.8259,33.123,True,goss,14.16
2084,212.607,53.262,142.31,1125.08,256.644,657.0,28.92,53.4863,30.2704,56.2457,45.0218,16.8314,10.1263,30.2682,47.5403,True,Other/Random,30.27
2085,30.426,44.657,327.52,2119.56,257.425,657.0,28.92,44.7018,23.8071,60.2154,43.0262,23.3601,14.9607,22.949,44.657,True,Other/Random,23.81
2086,340.408,30.902,56.81,2247.88,255.903,1017.0,35.98,48.0222,44.9484,31.8436,49.8167,27.9342,29.0539,40.8429,30.902,False,Other/Random,31.84
2087,233.113,19.182,101.5,4080.16,265.345,1566.0,44.65,31.7238,47.6364,27.3681,37.5245,27.362,35.8173,30.6927,19.182,False,Other/Random,27.37
2088,174.734,8.863,151.68,5176.12,271.38,1233.0,39.62,34.7032,48.7653,14.442,54.8175,12.4187,48.1488,33.5321,8.863,True,rotated_cube,14.44
2089,194.267,18.526,197.37,7038.13,271.849,1899.0,49.17,36.5422,40.2722,22.8084,56.9636,15.1994,39.6078,31.2181,18.526,False,Other/Random,22.81
2090,163.183,32.133,223.04,7339.25,258.814,630.0,28.32,41.2552,33.9489,37.0918,46.8765,29.5837,29.3425,29.9073,32.133,False,Other/Random,33.95
2091,45.735,14.473,295.89,7811.65,274.308,2043.0,51.0,23.3518,42.3552,30.2419,38.4572,30.0702,40.2641,21.7872,14.473,True,Other/Random,23.35
2092,165.525,38.741,229.07,8324.43,273.07,3087.0,62.69,51.4923,39.8734,40.0621,51.947,27.4988,27.0674,38.5893,38.741,False,Other/Random,39.87
2093,30.99,49.707,327.49,9337.55,258.375,576.0,27.08,49.7288,25.6704,56.0357,45.2989,21.9372,12.143,25.5937,49.1659,True,Other/Random,25.67
2094,184.871,17.749,201.89,11489.9,274.04,1350.0,41.46,32.0222,37.6787,25.3972,52.5249,20.2284,42.2531,26.5686,17.749,False,Other/Random,25.4
2095,309.719,58.949,41.42,12830.69,258.079,684.0,29.51,59.5521,42.1674,50.4462,40.8898,22.3,6.1053,42.1263,48.7787,True,Other/Random,40.89
2096,312.812,56.481,40.95,13016.17,270.758,2493.0,56.34,56.7962,38.9431,52.0,40.3491,20.4374,2.5111,38.8504,52.2952,True,Other/Random,38.94
2097,301.563,23.103,73.06,13247.21,264.993,1224.0,39.48,27.2887,43.3535,37.9989,29.2152,25.3916,32.5781,25.5462,23.103,False,Other/Random,27.29
2098,92.681,24.365,279.49,13284.36,252.5,378.0,21.94,27.1946,50.9479,40.6819,23.75,23.5247,39.1955,27.1552,24.365,False,Other/Random,23.75
2099,186.939,28.727,137.73,13558.52,270.584,1386.0,42.01,45.2448,40.1948,30.2781,53.6671,22.9843,35.3851,36.3102,28.727,False,Other/Random,30.28
2100,191.778,9.727,180.22,14248.06,251.189,333.0,20.59,15.4344,37.1916,34.3674,46.5036,33.0052,46.8074,11.9949,9.727,True,Other/Random,15.43
2101,214.196,34.316,126.13,15717.78,251.419,279.0,18.85,39.408,36.0402,42.4222,37.0253,21.2624,21.72,30.3889,34.316,False,Other/Random,36.04
2102,324.357,53.754,48.5,17123.25,251.125,432.0,23.45,55.1587,37.3605,53.0418,41.6015,7.969,7.6535,37.1996,49.0499,True,Other/Random,37.36
2103,193.199,26.653,171.63,1975.35,258.825,360.0,21.41,27.0791,19.9694,47.9025,47.6712,39.4415,34.179,6.8227,26.653,True,Other/Random,19.97
2104,172.89,17.306,180.75,4426.8,250.2,45.0,7.57,18.4293,28.4228,42.203,47.3314,38.6066,42.0211,6.3978,17.306,True,Other/Random,18.43
2105,166.717,13.016,185.73,4478.15,266.891,1233.0,39.62,15.0406,33.0437,39.5679,45.2339,37.3197,44.0324,7.8057,13.016,True,Other/Random,15.04
2106,152.562,49.818,217.9,5615.03,274.63,1143.0,38.15,50.836,28.0791,59.9846,45.7221,17.0213,14.7053,27.9994,47.308,True,Other/Random,28.08
2107,350.151,21.581,325.5,8384.88,275.355,1548.0,44.4,49.0819,48.8746,21.5907,57.8737,12.292,38.5163,43.7895,21.581,True,Other/Random,21.59
2108,167.291,7.408,212.96,8400.0,250.5,18.0,4.79,21.5501,43.0133,25.8173,46.9643,25.2693,48.5838,20.4157,7.408,True,Other/Random,21.55
2109,344.89,41.5,47.37,8861.79,267.097,1116.0,37.7,52.1231,37.8782,43.3289,50.4152,24.6825,25.6478,37.1092,41.5,False,Other/Random,37.88
2110,0.939,7.583,24.74,10832.06,256.875,144.0,13.54,26.7572,45.0929,20.7426,50.6152,19.757,49.4789,25.6711,7.583,True,Other/Random,20.74
2111,23.369,37.645,316.15,11007.32,267.473,1314.0,40.9,42.6777,31.1113,44.682,43.4764,22.9052,22.9681,28.4083,37.645,False,Other/Random,31.11
2112,332.631,8.125,65.78,12234.99,270.16,1863.0,48.7,39.2292,54.528,10.4574,54.2639,10.0452,47.0365,38.7975,8.125,True,rotated_cube,10.46
2113,30.801,51.642,323.1,12317.57,258.214,126.0,12.67,51.9763,28.6586,57.618,45.171,17.5344,11.7677,28.6356,47.6587,True,Other/Random,28.66
2114,18.269,45.954,325.72,12604.5,249.0,18.0,4.79,48.5202,25.0284,53.9111,49.4242,21.8908,22.2476,24.8517,45.954,False,Other/Random,25.03
2115,188.078,22.847,180.67,14272.5,249.0,18.0,4.79,24.4437,23.7629,42.6452,49.5839,36.3054,38.2331,8.6993,22.847,True,Other/Random,23.76
2116,198.022,13.346,183.96,16506.32,252.632,171.0,14.76,25.6736,38.2089,26.562,50.0205,23.1417,43.1369,21.8935,13.346,True,Other/Random,25.67
2117,313.518,55.779,49.12,479.4,254.8,135.0,13.11,55.8363,41.0249,53.1984,36.7669,11.827,1.6036,40.6234,53.1577,True,Other/Random,36.77
2118,187.539,38.654,181.7,499.43,259.432,396.0,22.45,39.7017,10.9108,52.19,57.8075,36.1467,31.1639,8.9296,38.654,True,goss,10.91
2119,354.692,7.744,346.63,1826.83,259.457,315.0,20.03,20.2066,41.4367,27.4182,48.6094,26.4955,48.9479,18.6431,7.744,True,Other/Random,20.21
2120,79.555,11.562,241.6,2824.92,271.312,1503.0,43.75,40.4654,58.4082,13.0933,50.3679,11.6115,45.5398,40.4218,11.562,True,rotated_cube,13.09
2121,191.081,8.285,182.4,3083.34,271.077,1179.0,38.74,15.8133,38.9932,32.563,46.963,31.5457,48.0133,13.4603,8.285,True,Other/Random,15.81
2122,201.361,15.264,140.45,4428.43,265.685,1458.0,43.09,23.7037,37.1182,30.7823,43.1474,29.3173,41.0704,19.6354,15.264,False,Other/Random,23.7
2123,184.325,12.694,214.98,5580.66,264.382,495.0,25.1,41.2268,50.2102,13.9082,57.6935,9.6222,45.628,39.2093,12.694,True,rotated_cube,13.91
2124,167.574,12.817,219.72,6220.57,277.368,1224.0,39.48,30.1018,42.9575,21.8281,48.7234,20.0804,44.3074,27.719,12.817,True,Other/Random,21.83
2125,194.302,20.727,149.42,6437.75,258.5,108.0,11.73,26.2998,31.1489,35.2918,44.3811,31.935,37.9582,17.8656,20.727,False,Other/Random,26.3
2126,312.736,43.153,47.63,8907.86,267.646,1422.0,42.55,43.1545,34.7742,61.3055,31.352,16.1335,11.7064,31.4375,43.153,True,Other/Random,31.35
2127,316.213,9.603,67.08,10815.16,267.933,1071.0,36.93,25.1696,46.1897,23.713,43.7311,23.6256,45.1351,24.5549,9.603,True,Other/Random,23.71
2128,147.077,32.921,245.94,12487.17,261.261,207.0,16.23,46.2989,46.1442,34.9773,42.5463,27.4424,23.2821,40.6402,32.921,False,Other/Random,34.98
2129,196.36,40.884,137.3,12612.94,271.234,1269.0,40.2,48.3271,32.8367,44.7747,49.3182,23.8499,25.105,31.8345,40.884,False,Other/Random,32.84
2130,203.249,53.238,127.75,12855.0,272.938,1296.0,40.62,60.114,41.4731,51.4018,42.6055,12.1101,17.6196,41.4704,42.6018,True,Other/Random,41.47
2131,186.606,31.662,132.88,13499.86,256.364,198.0,15.88,51.0053,44.0584,31.9702,56.4652,24.2929,34.1752,41.6085,31.662,False,Other/Random,31.97
2132,339.908,5.049,25.37,13520.43,271.232,1512.0,43.88,7.3029,40.7116,40.0287,43.5903,39.857,50.187,5.6225,5.049,True,cube,7.3
2133,188.052,10.923,183.99,13591.02,270.738,1062.0,36.77,16.2444,36.0166,34.6732,47.3315,33.0377,46.3273,11.9934,10.923,True,Other/Random,16.24
2134,138.627,39.339,229.32,14190.11,274.136,1521.0,44.01,40.1025,33.1653,53.5327,32.7201,16.274,15.6188,28.7391,39.339,False,Other/Random,32.72
2135,175.66,21.946,209.28,14545.8,254.4,45.0,7.57,33.1056,34.3833,29.6494,49.9051,24.1539,39.9149,25.302,21.946,False,Other/Random,29.65
2136,356.046,33.332,16.68,953.93,259.705,396.0,22.45,35.6143,18.0691,46.0753,51.8746,35.9143,34.8405,13.5468,33.332,True,Other/Random,18.07
2137,212.548,51.057,122.74,981.9,259.8,270.0,18.54,56.3598,42.7598,49.1436,42.8825,9.5694,10.5794,42.2409,49.0337,True,Other/Random,42.76
2138,193.87,40.651,141.17,1401.81,260.0,432.0,23.45,47.4243,30.408,45.134,50.385,25.2779,26.7039,29.5027,40.651,False,Other/Random,30.41
2139,117.886,12.419,255.64,1514.9,261.871,279.0,18.85,18.343,44.0608,33.7779,36.1395,33.7765,42.9742,17.7815,12.419,True,Other/Random,18.34
2140,214.824,2.324,149.71,2090.0,260.0,135.0,13.11,5.0946,43.2836,40.5299,44.0125,40.4595,52.4493,4.7026,2.324,True,cube,5.09
2141,176.039,4.029,164.22,2563.0,261.0,189.0,15.51,20.144,45.256,25.5732,48.7048,25.3182,51.7427,19.7331,4.029,True,Other/Random,20.14
2142,331.299,26.326,49.19,3132.94,269.611,693.0,29.7,33.248,35.2567,35.8219,39.8828,29.1832,30.1155,25.9677,26.326,False,Other/Random,33.25
2143,129.979,39.996,224.27,5530.3,272.593,2385.0,55.11,40.3906,34.0831,55.4672,31.2601,21.2001,15.1865,29.5589,39.996,False,Other/Random,31.26
2144,164.056,27.721,224.27,6824.31,277.96,2232.0,53.31,39.434,36.7476,32.2649,47.3897,27.3873,32.5321,30.8789,27.721,False,Other/Random,32.26
2145,24.875,39.057,351.34,9388.43,269.794,1179.0,38.74,42.1675,20.193,48.1825,51.9632,27.3757,21.3488,18.9034,39.057,False,Other/Random,20.19
2146,36.989,49.735,321.54,10842.0,258.0,63.0,8.96,49.7554,30.2154,57.5711,41.0183,18.399,8.0633,29.8513,49.735,True,Other/Random,30.22
2147,346.805,25.256,52.55,11095.5,258.5,54.0,8.29,46.49,46.3956,25.8692,53.1643,21.4624,35.0928,40.8951,25.256,False,Other/Random,25.87
2148,163.134,39.314,218.34,12474.12,274.71,900.0,33.85,44.592,28.6606,45.5754,47.7437,24.8886,25.4616,27.1453,39.314,False,Other/Random,28.66
2149,4.314,25.054,337.21,15636.0,255.0,63.0,8.96,31.0419,27.7214,36.331,49.0892,29.8755,38.2592,18.9654,25.054,False,Other/Random,27.72
2150,87.249,9.984,263.43,15801.0,255.0,27.0,5.86,13.6507,46.6014,37.0058,36.164,36.0082,47.6705,13.6466,9.984,True,cube,13.65
2151,84.241,18.11,272.15,15861.0,255.0,27.0,5.86,18.4632,47.2846,45.0197,27.1821,27.0612,41.8137,18.4205,18.11,False,Other/Random,18.46
2152,224.282,8.815,119.0,16021.5,255.0,54.0,8.29,18.885,43.3768,29.5971,41.6285,29.5069,45.9214,18.0993,8.815,True,Other/Random,18.89
2153,176.325,21.854,221.89,16216.5,255.0,54.0,8.29,43.819,44.954,22.8708,55.4373,16.8708,40.1724,38.499,21.854,False,Other/Random,22.87
2154,149.16,10.767,226.64,16347.0,255.0,45.0,7.57,19.1006,40.2048,31.0813,42.0119,30.626,44.3498,17.1266,10.767,True,Other/Random,19.1
2155,63.281,46.402,298.93,3112.69,265.219,288.0,19.15,46.4517,46.33,58.4034,21.57,10.5255,16.3423,40.8352,46.402,True,Other/Random,21.57
2156,191.476,30.358,152.65,4213.59,271.677,306.0,19.74,34.1711,24.2947,41.8319,47.1864,33.3357,32.6267,18.317,30.358,False,Other/Random,24.29
2157,330.832,49.997,39.5,8427.53,271.971,918.0,34.19,50.9861,29.3082,60.1986,44.6208,15.8712,13.3801,29.1839,48.0196,True,Other/Random,29.31
2158,19.632,42.913,340.35,8957.27,270.567,810.0,32.11,42.913,14.7837,59.9369,49.8385,32.0452,22.3045,14.1251,42.913,True,goss,14.78
2159,13.325,34.482,348.26,12328.82,276.091,1188.0,38.89,34.5173,13.5631,54.919,49.8407,38.5132,29.6212,7.5292,34.482,True,goss,13.56
2160,214.479,33.283,151.4,12670.73,272.909,891.0,33.68,33.7838,24.3961,50.9372,39.4425,30.9397,22.6034,18.1416,33.283,False,Other/Random,24.4
2161,189.34,26.673,127.39,13727.14,276.455,594.0,27.5,50.4924,48.6236,26.728,56.4578,21.4327,35.5402,44.4051,26.673,False,Other/Random,26.73
2162,230.01,26.461,129.09,14225.26,274.54,684.0,29.51,26.476,34.474,51.0878,29.5778,24.8353,28.4423,20.3511,26.461,False,Other/Random,26.48
2163,151.298,49.725,213.35,716.0,263.0,27.0,5.86,49.928,25.4483,57.6008,46.003,20.7132,13.7973,25.3955,47.9942,True,Other/Random,25.45
2164,211.821,20.957,114.95,1212.0,263.0,81.0,10.16,39.1274,47.0979,24.0042,45.3765,22.99,34.5632,36.403,20.957,False,Other/Random,24.0
2165,156.077,10.454,219.21,2787.71,262.588,153.0,13.96,18.5021,39.367,31.4593,43.095,30.826,45.0892,16.1859,10.454,True,Other/Random,18.5
2166,345.002,42.092,48.83,4038.92,271.692,351.0,21.14,53.5173,39.3569,43.4833,49.7248,24.681,25.5227,38.7002,42.092,False,Other/Random,39.36
2167,178.346,7.658,158.74,4845.3,273.211,639.0,28.52,24.1436,43.5551,23.3604,49.5938,22.4218,49.3583,22.9003,7.658,True,Other/Random,23.36
2168,181.93,31.304,160.97,6422.18,280.382,1602.0,45.16,35.5673,22.2213,41.6991,52.0734,31.8872,36.562,17.4088,31.304,False,Other/Random,22.22
2169,199.249,35.607,133.93,7332.75,281.518,1008.0,35.82,44.3152,34.8315,39.8448,46.4995,26.3443,26.1588,32.0021,35.607,False,Other/Random,34.83
2170,172.844,16.317,223.08,8512.06,271.235,153.0,13.96,39.3445,46.4021,18.6564,53.4924,15.0377,42.672,36.2573,16.317,False,Other/Random,18.66
2171,11.603,45.115,331.24,10865.14,272.278,972.0,35.18,48.1075,22.1113,52.6305,50.3912,26.2912,27.0751,22.0252,45.115,False,Other/Random,22.11
2172,160.879,47.37,212.16,11092.7,271.699,747.0,30.84,49.0319,23.4259,56.6239,49.7823,22.1795,21.3293,23.3726,45.9608,False,Other/Random,23.43
2173,23.919,40.871,319.7,11428.5,272.25,108.0,11.73,43.9008,28.1012,49.541,43.7721,21.1779,20.7546,26.4311,40.871,False,Other/Random,28.1
2174,345.711,30.694,46.0,11734.29,266.143,63.0,8.96,43.8568,38.3139,33.3837,49.5664,27.5533,31.2626,34.3265,30.694,False,Other/Random,33.38
2175,45.797,57.591,318.67,11853.6,262.2,45.0,7.57,57.7492,39.0172,51.9066,41.2011,19.2909,2.9311,38.9881,52.7556,True,Other/Random,39.02
2176,206.777,40.325,165.06,12704.36,277.991,1044.0,36.46,41.9569,19.2656,51.7674,49.098,31.0992,19.6034,17.9851,40.325,False,Other/Random,19.27
2177,209.15,34.391,129.05,12802.26,278.168,1395.0,42.14,40.5412,35.1727,41.2878,40.0788,23.0803,23.0616,30.417,34.391,False,Other/Random,35.17
2178,194.824,22.032,170.95,12893.72,276.626,1035.0,36.3,22.767,24.4908,44.7765,45.9046,38.6999,36.8727,7.2579,22.032,True,Other/Random,22.77
2179,171.04,37.525,222.45,13276.86,276.259,1044.0,36.46,49.8909,36.9007,39.1897,53.4338,29.8923,30.6793,35.6855,37.525,False,Other/Random,36.9
2180,349.731,28.926,34.05,196.5,264.0,36.0,6.77,37.2847,30.8743,35.7398,48.5853,28.9791,33.9131,25.4926,28.926,False,Other/Random,30.87
2181,200.79,24.777,118.34,3002.85,275.56,1044.0,36.46,47.5176,49.722,25.1135,51.7663,22.5556,33.2495,43.3279,24.777,False,Other/Random,25.11
2182,179.623,7.246,167.94,4019.17,273.333,324.0,20.31,14.3867,39.6731,33.3381,46.4193,32.6876,49.7565,12.4341,7.246,True,cube,14.39
2183,356.758,28.514,46.86,7353.94,273.563,144.0,13.54,51.7278,47.0989,28.5468,58.7934,20.9835,37.0533,44.0322,28.514,False,Other/Random,28.55
2184,68.059,8.153,269.16,7853.49,280.015,1170.0,38.6,24.1778,49.4372,23.6499,43.088,23.588,47.3081,24.1304,8.153,True,Other/Random,23.65
2185,36.366,39.773,306.4,9322.31,273.793,477.0,24.64,43.2072,36.0011,48.1821,36.0214,15.9767,16.2244,32.3646,39.773,False,Other/Random,36.0
2186,303.814,26.015,79.56,9352.51,273.322,252.0,17.91,34.8379,47.8845,33.7103,31.9833,26.4215,29.5216,33.3689,26.015,False,Other/Random,31.98
2187,26.997,45.444,319.0,11043.0,271.5,378.0,21.94,47.443,28.8985,54.542,43.6029,17.4808,16.5856,28.1862,45.444,False,Other/Random,28.9
2188,323.832,52.733,47.88,13902.55,278.257,945.0,34.69,53.9269,36.4986,54.127,40.8189,9.0009,7.394,36.2442,50.0245,True,Other/Random,36.5
2189,61.354,27.143,271.41,3041.8,275.921,684.0,29.51,38.2696,52.6948,32.3476,32.6984,28.008,29.4025,37.5794,27.143,False,Other/Random,32.35
2190,187.958,9.058,176.33,3868.27,274.364,297.0,19.45,10.0198,36.238,41.6657,45.1401,40.6697,47.72,4.3719,9.058,True,cube,10.02
2191,205.943,10.555,120.24,5242.62,277.92,450.0,23.94,35.38,50.0838,15.366,50.5866,14.7162,44.8505,34.4698,10.555,True,Other/Random,15.37
2192,16.019,41.72,313.75,5592.88,277.829,369.0,21.68,51.1229,36.3557,44.1469,50.5645,23.777,25.0054,35.5655,41.72,False,Other/Random,36.36
2193,286.511,32.859,62.77,6522.85,282.346,702.0,29.9,34.5173,45.3813,47.1415,21.3285,20.0386,29.0326,32.204,32.859,False,Other/Random,21.33
2194,118.516,47.148,216.22,8575.51,274.773,198.0,15.88,53.1475,44.0603,50.8937,39.3808,27.4238,14.8407,42.4165,47.148,True,Other/Random,39.38
2195,115.913,51.211,215.34,8708.08,275.077,117.0,12.21,58.2492,45.4871,50.8828,42.113,27.2046,15.6091,46.968,45.4854,False,Other/Random,42.11
2196,174.938,21.557,225.54,9004.91,273.429,693.0,29.7,45.6469,47.2335,22.0207,56.1993,16.5426,39.9156,40.8653,21.557,False,Other/Random,22.02
2197,330.381,41.814,58.37,9208.5,275.4,180.0,15.14,50.3772,41.7781,44.7281,42.8541,18.9934,17.2192,39.6872,41.814,False,Other/Random,41.78
2198,31.343,29.546,310.8,9473.95,274.616,468.0,24.41,34.4199,33.7392,39.9155,37.9742,25.7377,26.681,25.7603,29.546,False,Other/Random,33.74
2199,146.098,45.851,217.91,10767.43,275.429,378.0,21.94,46.0164,27.6039,60.7558,40.6274,19.3389,12.3,26.6771,45.851,True,Other/Random,27.6
2200,21.738,43.36,320.24,10921.39,274.611,486.0,24.88,46.789,28.4085,50.7218,46.0863,20.4133,20.8067,27.5901,43.36,False,Other/Random,28.41
2201,16.757,44.044,314.94,11062.04,273.808,234.0,17.26,51.9705,35.0461,46.9551,48.7515,21.5707,23.7855,34.6071,44.044,False,Other/Random,35.05
2202,181.39,33.058,222.02,11567.97,279.556,729.0,30.47,54.0758,44.6613,33.0951,56.9928,22.3508,36.257,43.1904,33.058,False,Other/Random,33.1
2203,176.729,39.533,223.88,12027.32,279.179,603.0,27.71,56.0844,41.8546,39.7664,50.6094,28.5096,33.576,41.399,39.533,False,Other/Random,39.77
2204,146.534,30.838,236.22,12517.51,279.557,1116.0,37.7,38.1593,38.0879,37.866,38.2261,24.8334,25.0662,30.9771,30.838,False,Other/Random,37.87
2205,348.641,7.469,330.54,12580.31,279.452,657.0,28.92,41.468,54.5896,8.5582,59.5541,5.7165,48.6381,40.7469,7.469,True,rotated_cube,8.56
2206,147.407,32.754,227.93,13198.99,279.217,747.0,30.84,36.0777,32.1886,43.9149,37.0442,22.9334,23.5104,25.7355,32.754,False,Other/Random,32.19
2207,159.868,44.247,221.66,13307.3,277.313,576.0,27.08,48.9687,30.6384,49.8096,47.6447,19.9741,21.4923,30.0783,44.247,False,Other/Random,30.64
2208,42.794,35.426,308.4,13381.07,279.393,756.0,31.03,36.47,33.8857,50.2268,31.3082,18.1416,19.3703,27.1715,35.426,False,Other/Random,31.31
2209,219.55,38.483,115.82,3840.96,275.88,225.0,16.93,45.4371,43.1067,43.3604,35.8746,18.042,16.7164,38.3238,38.483,False,Other/Random,35.87
2210,175.026,10.273,166.04,4435.93,277.071,126.0,12.67,21.519,39.2902,27.9847,48.9005,26.3885,47.1877,18.8747,10.273,True,Other/Random,21.52
2211,159.25,10.974,220.04,5276.31,279.563,432.0,23.45,22.1674,40.4939,27.9178,44.6147,27.0921,44.8863,20.0003,10.974,True,Other/Random,22.17
2212,120.156,42.971,227.42,6179.92,285.592,639.0,28.52,44.6492,40.6477,53.453,29.2972,22.3829,16.1741,36.3162,42.971,False,Other/Random,29.3
2213,180.294,35.982,174.39,6378.29,283.5,864.0,33.17,36.3597,10.5027,53.0755,55.7798,40.859,36.0854,5.3749,35.982,True,goss,10.5
2214,182.15,13.56,209.54,6772.36,283.529,936.0,34.52,34.4008,44.2226,18.979,53.4293,15.4653,45.4439,31.6337,13.56,True,Other/Random,18.98
2215,194.004,37.822,187.11,6865.75,284.75,432.0,23.45,43.1273,21.1471,44.4985,59.8511,25.7152,27.7179,20.0894,37.822,False,Other/Random,21.15
2216,172.359,16.358,223.81,8473.93,276.214,126.0,12.67,39.5831,46.627,18.5753,53.5104,15.012,42.5438,36.5292,16.358,False,Other/Random,18.58
2217,37.991,42.715,318.26,9263.91,275.25,288.0,19.15,42.8715,29.5455,58.7026,36.6436,18.5461,13.1107,27.2325,42.715,True,Other/Random,29.55
2218,303.436,21.111,62.99,9435.32,276.214,252.0,17.91,22.0567,39.1836,43.7793,29.3439,26.5834,34.2373,19.297,21.111,False,Other/Random,22.06
2219,342.375,6.904,5.92,9609.0,273.857,63.0,8.96,13.5833,39.9123,33.9834,45.5306,33.2591,48.6757,11.7688,6.904,True,cube,13.58
2220,327.462,54.513,42.03,9753.75,274.5,72.0,9.57,55.2708,33.3593,57.0773,44.7696,12.5535,10.1569,33.3581,46.6511,True,Other/Random,33.36
2221,23.678,46.936,320.68,10471.11,275.526,171.0,14.76,49.3336,28.3659,54.9175,46.3808,17.9746,18.21,28.085,46.936,False,Other/Random,28.37
2222,20.849,50.197,324.17,10963.47,275.595,333.0,20.59,51.9808,26.9962,57.9848,47.0528,18.5475,19.6168,26.9958,44.1148,False,Other/Random,27.0
2223,138.521,56.751,226.64,11142.0,274.5,90.0,10.7,56.9658,38.9636,53.4321,40.3891,11.3725,3.5395,38.8844,51.2038,True,Other/Random,38.96
2224,336.148,46.036,36.27,12059.38,281.226,558.0,26.65,47.5934,25.7575,55.8826,46.0628,19.9599,18.393,25.3845,46.036,False,Other/Random,25.76
2225,211.428,4.528,128.71,12168.7,280.339,504.0,25.33,20.3665,45.9507,25.5361,46.3477,25.4554,50.3417,20.0751,4.528,True,Other/Random,20.37
2226,299.983,48.072,48.53,12196.5,279.546,594.0,27.5,49.346,42.9587,58.0259,29.9352,20.7946,13.4682,40.1268,48.072,True,Other/Random,29.94
2227,165.533,11.768,219.13,12750.77,280.269,702.0,29.9,27.2874,42.2405,23.4653,47.4474,22.144,44.875,25.1141,11.768,True,Other/Random,23.47
2228,185.898,27.097,133.83,3330.0,275.25,36.0,6.77,48.2233,45.016,27.4988,56.0799,20.7477,36.6217,40.9879,27.097,False,Other/Random,27.5
2229,213.47,19.046,157.56,9621.92,276.391,207.0,16.23,21.9838,31.3308,38.8073,41.0205,33.5393,36.2143,14.0692,19.046,True,Other/Random,21.98
2230,227.61,18.67,145.7,9744.69,277.154,117.0,12.21,22.8944,35.5054,36.6589,37.7633,31.837,36.092,17.9665,18.67,False,Other/Random,22.89
2231,160.249,23.961,216.14,9892.14,276.17,477.0,24.64,28.962,30.5369,37.1578,42.5798,33.3226,34.1565,19.5768,23.961,False,Other/Random,28.96
2232,3.212,22.375,327.66,11257.29,277.072,126.0,12.67,36.5818,37.1511,27.3742,51.7184,21.2756,40.0369,29.3925,22.375,False,Other/Random,27.37
2233,215.821,51.754,136.25,11730.96,281.864,396.0,22.45,52.3164,33.4884,57.5753,41.1759,12.7491,7.931,33.2527,50.4457,True,Other/Random,33.49
2234,233.805,54.89,130.35,11865.79,283.304,207.0,16.23,55.0349,43.5616,55.6682,33.3967,15.9874,7.1954,42.6017,48.6867,True,Other/Random,33.4
2235,169.086,40.01,222.46,12002.11,281.919,333.0,20.59,50.5468,35.4919,42.1235,51.3874,27.3328,28.7213,34.684,40.01,False,Other/Random,35.49
2236,222.034,40.321,121.16,12552.0,276.0,45.0,7.57,43.5483,39.2301,48.8618,32.6663,13.5442,14.5766,34.798,40.321,True,Other/Random,32.67
2237,160.409,16.754,227.79,13323.75,276.375,72.0,9.57,32.7137,42.2251,23.6844,46.8986,21.7338,40.0538,29.4518,16.754,False,Other/Random,23.68
2238,271.206,5.288,128.83,3105.0,278.25,36.0,6.77,40.3695,58.4212,7.2517,55.7794,6.3545,51.0081,40.3303,5.288,True,rotated_cube,7.25
2239,172.269,36.662,169.64,4356.75,280.125,72.0,9.57,40.7446,18.9094,45.2021,59.3489,29.5201,31.6677,17.1861,36.662,False,Other/Random,18.91
2240,222.185,18.51,120.67,4450.25,278.5,108.0,11.73,25.1795,39.6948,33.3427,36.6342,32.0441,36.2559,22.2286,18.51,False,Other/Random,25.18
2241,4.159,42.105,321.24,4948.42,282.316,171.0,14.76,53.9942,35.9679,43.3135,48.6676,29.4747,32.5939,35.7662,42.105,False,Other/Random,35.97
2242,16.218,41.986,313.11,5116.13,281.321,477.0,24.64,51.5841,36.8749,44.2587,50.3034,23.5805,24.7879,36.122,41.986,False,Other/Random,36.87
2243,208.254,49.941,128.43,8520.0,277.875,72.0,9.57,54.7977,38.4763,53.2051,44.9952,11.5171,14.0703,38.1717,47.6085,True,Other/Random,38.48
2244,315.473,13.46,63.88,9686.15,278.571,189.0,15.51,23.5368,42.9145,28.912,39.6155,28.7393,41.2762,22.1499,13.46,True,Other/Random,23.54
2245,47.919,14.818,310.94,9791.14,277.714,63.0,8.96,14.8616,36.8181,46.1773,35.2443,33.8612,39.9418,11.1406,14.818,True,cube,14.86
2246,36.276,47.71,311.14,11127.8,277.6,135.0,13.11,49.2477,34.9508,56.6387,38.3366,11.1907,9.7678,33.879,47.71,True,Other/Random,34.95
2247,30.837,33.239,313.83,11243.5,278.0,54.0,8.29,36.5143,31.2581,44.2722,38.002,23.2541,23.5323,25.3238,33.239,False,Other/Random,31.26
2248,207.173,46.821,135.53,13341.28,282.703,576.0,27.08,49.7446,31.912,54.0029,44.003,15.2191,15.8697,31.3757,46.821,False,Other/Random,31.91
2249,24.858,46.865,316.61,13408.5,282.0,234.0,17.26,50.2032,31.4368,53.4532,45.5605,16.1917,17.4192,31.0396,46.865,False,Other/Random,31.44
2250,48.231,17.192,289.91,3447.0,279.0,27.0,5.86,27.7449,44.2837,28.7582,37.8152,28.6461,37.5797,26.2632,17.192,False,Other/Random,27.74
2251,330.812,30.527,43.22,9637.5,279.0,18.0,4.79,33.5278,30.0075,43.2205,38.4885,25.9422,26.3157,22.5014,30.527,False,Other/Random,30.01
2252,297.933,26.0,75.99,9850.5,279.0,54.0,8.29,29.4365,44.8516,40.3121,26.2148,22.2196,30.5614,27.8879,26.0,False,Other/Random,26.21
2253,187.595,20.943,132.94,11444.64,284.273,297.0,19.45,44.4812,47.0361,21.6542,54.9842,16.8791,39.5525,40.0377,20.943,False,Other/Random,21.65
2254,158.652,30.312,227.34,11672.41,284.7,180.0,15.14,39.7305,35.8304,35.6601,44.558,29.2899,28.8487,30.429,30.312,False,Other/Random,35.66
2255,320.522,53.995,42.71,12555.65,284.572,126.0,12.67,54.0844,34.9705,56.8846,40.8733,14.4645,4.548,34.8476,51.3607,True,Other/Random,34.97
2256,125.037,52.774,222.9,13057.15,284.308,117.0,12.21,54.0386,41.6163,54.5395,35.922,23.209,8.2666,40.7348,49.3105,True,Other/Random,35.92
2257,152.4,41.332,232.41,13221.86,283.929,126.0,12.67,47.9256,37.224,45.805,42.7951,18.6985,18.5428,35.2884,41.332,False,Other/Random,37.22
2258,359.822,16.055,28.97,4420.5,282.0,18.0,4.79,32.8829,40.6217,22.7758,51.8023,18.7634,44.3569,28.799,16.055,False,Other/Random,22.78
2259,274.631,31.577,90.24,4456.5,282.0,18.0,4.79,31.941,53.6955,50.6571,14.2594,13.959,35.1533,31.9175,31.577,True,rotated_goss,14.26
2260,175.889,27.903,181.12,6503.29,288.53,153.0,13.96,28.0597,17.4038,50.08,51.5443,41.8815,36.9569,3.1648,27.903,True,Other/Random,17.4
2261,16.062,40.673,317.39,7502.1,290.4,180.0,15.14,48.2611,32.8918,44.5008,49.4555,24.1394,25.3661,31.8629,40.673,False,Other/Random,32.89
2262,16.257,40.344,328.85,7752.0,289.385,117.0,12.21,42.8974,22.5336,49.9613,48.1684,26.3896,25.3792,21.2564,40.344,False,Other/Random,22.53
2263,208.562,27.702,148.1,11979.38,285.375,144.0,13.54,27.8985,25.2674,49.6878,38.9592,30.7804,28.9283,14.2237,27.702,True,Other/Random,25.27
2264,155.612,23.232,232.24,12271.42,285.632,171.0,14.76,36.1215,40.2924,28.8051,44.3214,26.4214,33.6963,30.942,23.232,False,Other/Random,28.81
2265,196.866,19.263,121.7,13240.83,286.0,162.0,14.36,45.5137,50.9696,19.5872,53.999,17.0482,38.5038,42.6168,19.263,False,Other/Random,19.59
2266,330.724,19.935,58.31,13931.5,285.5,54.0,8.29,35.0973,43.5347,25.4899,44.1404,24.1683,35.8331,31.8537,19.935,False,Other/Random,25.49
2267,134.256,44.391,182.35,3157.5,285.0,18.0,4.79,61.299,44.1068,44.4186,45.9586,1.8913,10.36,44.0886,44.391,True,Other/Random,44.11
2268,68.803,29.712,296.29,3205.5,285.0,18.0,4.79,30.1357,42.6221,49.3886,21.8192,19.8095,29.342,27.6062,29.712,False,Other/Random,21.82
2269,89.016,36.675,267.01,3214.5,285.0,36.0,6.77,36.8823,57.0653,54.4962,9.1462,9.1054,35.5347,36.8765,36.675,True,rotated_goss,9.15
2270,93.909,35.937,259.52,3229.5,285.0,18.0,4.79,36.5133,53.7084,52.1456,12.0239,11.9023,34.0433,36.2248,35.937,True,rotated_goss,12.02
2271,313.408,40.006,7.78,3250.5,285.0,18.0,4.79,55.1787,41.457,40.4624,49.6512,6.6394,14.7752,40.8704,40.006,True,Other/Random,40.46
2272,113.882,33.347,240.53,3262.5,285.0,18.0,4.79,33.7988,42.097,51.1946,21.7174,18.2906,25.7122,30.2108,33.347,False,Other/Random,21.72
2273,72.395,3.362,302.96,3319.5,285.0,18.0,4.79,15.7166,46.1484,29.8308,44.5563,29.7219,51.7664,15.6501,3.362,True,Other/Random,15.72
2274,153.715,45.945,194.54,3373.5,285.0,18.0,4.79,47.3435,19.1124,51.7894,52.1454,30.5958,16.8182,19.0572,45.945,False,Other/Random,19.11
2275,68.921,38.078,257.05,3385.5,285.0,18.0,4.79,50.6431,58.6911,39.5706,32.6688,29.0528,23.8253,50.5638,38.078,False,Other/Random,32.67
2276,128.539,11.764,228.88,3610.5,285.0,18.0,4.79,12.0428,38.5652,43.9475,36.7915,36.2696,43.0604,9.3871,11.764,True,cube,12.04
2277,3.6,39.21,24.4,3678.0,285.0,27.0,5.86,47.8588,27.7783,42.6033,54.0559,26.5183,33.4333,27.2786,39.21,False,Other/Random,27.78
2278,323.987,40.408,45.28,5146.5,285.0,18.0,4.79,41.4137,30.6345,53.4411,36.2833,17.6174,15.7618,27.4659,40.408,False,Other/Random,30.63
2279,35.889,25.825,336.83,11593.0,287.0,27.0,5.86,28.7394,28.4292,41.1242,40.852,31.6072,29.4381,17.7443,25.825,False,Other/Random,28.43
2280,46.074,57.537,318.56,11853.0,286.5,36.0,6.77,57.7074,39.1479,51.9654,41.0368,19.3499,2.9399,39.1122,52.5773,True,Other/Random,39.15
2281,152.143,48.105,214.88,12298.5,286.5,36.0,6.77,48.5848,25.547,60.2217,45.1831,19.9442,14.9149,25.3484,48.105,True,Other/Random,25.55
2282,160.962,38.279,219.31,12924.0,286.5,90.0,10.7,43.137,28.7269,45.3186,46.0453,24.5773,24.7709,26.6671,38.279,False,Other/Random,28.73
2283,214.29,27.722,110.56,6024.9,292.2,90.0,10.7,44.4936,48.5116,29.3876,43.9896,28.3989,27.8367,40.7909,27.722,False,Other/Random,29.39
2284,196.143,44.652,141.92,6304.58,291.79,171.0,14.76,49.5012,28.8798,49.9843,49.3637,21.9646,24.0347,28.5856,44.652,False,Other/Random,28.88
2285,231.54,33.093,112.83,12289.5,288.0,36.0,6.77,36.5049,42.202,43.9719,27.5875,17.4436,22.0889,32.226,33.093,False,Other/Random,27.59
2286,208.148,5.827,187.3,13939.5,288.0,36.0,6.77,35.9086,52.2022,11.1855,56.1314,9.6175,49.1787,35.4174,5.827,True,rotated_cube,11.19
2287,318.798,58.608,45.89,6735.82,292.364,99.0,11.23,58.7786,39.647,52.9473,41.8591,12.0679,5.0056,39.6412,50.0395,True,Other/Random,39.65
2288,16.755,45.831,327.72,7738.0,293.333,81.0,10.16,48.2545,23.671,54.0577,50.3446,23.1949,23.3337,23.533,45.831,False,Other/Random,23.67
2289,316.298,55.484,43.23,6772.5,294.0,36.0,6.77,55.4858,37.4883,55.1193,39.8233,16.0266,1.3014,37.3553,53.4387,True,Other/Random,37.49
2290,215.557,13.903,182.1,7060.5,294.0,18.0,4.79,40.0541,48.3303,15.7146,56.3899,7.4215,41.065,37.5984,13.903,True,Other/Random,15.71
